"last_name, first_name","player_id","year","player_age","p_game","p_formatted_ip","pa","ab","hit","single","double","k_percent","bb_percent","xba","xslg","woba","xwoba","xobp","xiso","wobacon","xwobacon","bacon","xbacon","xbadiff","xslgdiff","wobadiff","sweet_spot_percent","barrel_batted_rate","hard_hit_percent","avg_best_speed","avg_hyper_speed","z_swing_percent","z_swing_miss_percent","oz_swing_percent","oz_swing_miss_percent","oz_contact_percent","out_zone_swing_miss","out_zone_swing","out_zone_percent","out_zone","meatball_swing_percent","meatball_percent","pitch_count_offspeed","pitch_count_fastball","pitch_count_breaking","pitch_count","iz_contact_percent","in_zone_swing_miss","in_zone_swing","in_zone_percent","in_zone","edge_percent","edge","whiff_percent","swing_percent","pull_percent","straightaway_percent","opposite_percent","batted_ball","f_strike_percent","groundballs_percent","groundballs","flyballs_percent","flyballs","linedrives_percent","linedrives","popups_percent","popups","pitch_hand","n","arm_angle","n_ff_formatted","ff_avg_speed","ff_avg_spin","ff_avg_break_x","ff_avg_break_z","ff_avg_break_z_induced","ff_avg_break","ff_range_speed","n_sl_formatted","sl_avg_speed","sl_avg_spin","sl_avg_break_x","sl_avg_break_z","sl_avg_break_z_induced","sl_avg_break","sl_range_speed","n_ch_formatted","ch_avg_speed","ch_avg_spin","ch_avg_break_x","ch_avg_break_z","ch_avg_break_z_induced","ch_avg_break","ch_range_speed","n_cu_formatted","cu_avg_speed","cu_avg_spin","cu_avg_break_x","cu_avg_break_z","cu_avg_break_z_induced","cu_avg_break","cu_range_speed","n_si_formatted","si_avg_speed","si_avg_spin","si_avg_break_x","si_avg_break_z","si_avg_break_z_induced","si_avg_break","si_range_speed","n_fc_formatted","fc_avg_speed","fc_avg_spin","fc_avg_break_x","fc_avg_break_z","fc_avg_break_z_induced","fc_avg_break","fc_range_speed","n_fs_formatted","fs_avg_speed","fs_avg_spin","fs_avg_break_x","fs_avg_break_z","fs_avg_break_z_induced","fs_avg_break","fs_range_speed","n_kn_formatted","kn_avg_speed","kn_avg_spin","kn_avg_break_x","kn_avg_break_z","kn_avg_break_z_induced","kn_avg_break","kn_range_speed","n_st_formatted","st_avg_speed","st_avg_spin","st_avg_break_x","st_avg_break_z","st_avg_break_z_induced","st_avg_break","st_range_speed","n_sv_formatted","sv_avg_speed","sv_avg_spin","sv_avg_break_x","sv_avg_break_z","sv_avg_break_z_induced","sv_avg_break","sv_range_speed","n_fo_formatted","fo_avg_speed","fo_avg_spin","fo_avg_break_x","fo_avg_break_z","fo_avg_break_z_induced","fo_avg_break","fo_range_speed","n_sc_formatted","sc_avg_speed","sc_avg_spin","sc_avg_break_x","sc_avg_break_z","sc_avg_break_z_induced","sc_avg_break","sc_range_speed","n_fastball_formatted","fastball_avg_speed","fastball_avg_spin","fastball_avg_break_x","fastball_avg_break_z","fastball_avg_break_z_induced","fastball_avg_break","fastball_range_speed","n_breaking_formatted","breaking_avg_speed","breaking_avg_spin","breaking_avg_break_x","breaking_avg_break_z","breaking_avg_break_z_induced","breaking_avg_break","breaking_range_speed","n_offspeed_formatted","offspeed_avg_speed","offspeed_avg_spin","offspeed_avg_break_x","offspeed_avg_break_z","offspeed_avg_break_z_induced","offspeed_avg_break"
"Wainwright, Adam",425794,2020,38,"10","65.2",262,244,54,36,9,20.6,5.7,".265",".436",".277",".324",".312",".171",".318",".381",".283",".339","-0.044","-0.067","-0.047",33,6.3,36.6,"75.684768404","93.58274617",62.8,15.2,30.4,41.1,58.9,60,146,51.7,481,65.7,7.5,23,551,356,930,84.8,43,282,48.3,449,43,400,24.1,46,39.3,39.8,20.9,191,67.6,44,84,23,44,26.2,50,6.8,13,"R","930",44,"9.2","89.2","2218","-2.3","-19.5","14.7","15","1.2",,,,,,,,,"2.5","81.8","1683","-13.6","-33.8","6.9","15.3","1.5","38.3","73.5","2791","16.8","-65.5","-14.1","22","1.6","27.1","89.3","2188","-12.1","-22.9","11.4","16.8","1.3","22.9","85","2343","6","-31.3","6.1","8.9","1.5",,,,,,,,,,,,,,,,,,,,,,,,,,,,,,,,,,,,,,,,,,,,,,,,,"59.2","87.6","2253","-3.6","-25.6","9.8","13.5","2.6","38.3","73.5","2791","16.8","-65.5","-14.1","22","1.6","2.5","81.8","1683","-13.6","-33.8","6.9","15.3"
"Greinke, Zack",425844,2020,36,"12","67.0",273,262,67,42,17,24.5,3.3,".248",".420",".293",".298",".275",".172",".373",".380",".342",".332",".008","-0.015","-0.005",34.7,8.2,35.2,"74.93030732","93.291148144",59.7,16.8,26.5,46.5,53.5,74,159,56.7,601,67.2,6.3,232,433,336,1060,83.2,46,274,43.3,459,43.8,464,27.7,40.8,31.6,42.3,26,196,61.9,42.9,84,23.5,46,26,51,7.7,15,"R","1001",47.6,"43.2","88.1","2327","-1.2","-17.8","17.4","17.6","1.3","17","84.5","2422","6.6","-32.6","5.6","9.2","1.8","23.2","86.2","1668","-13.1","-32.4","4.2","14","1","16.6","70.4","2422","10.7","-67","-11.1","15.5","2.6","0.1","89.7","2259","-13.4","-19.9","14.3","19.6",,,,,,,,,,,,,,,,,,,,,,,,,,,,,,,,,,,,,,,,,,,,,,,,,,,,,,,,,,"43.3","88.1","2327","-1.2","-17.8","17.4","17.6","1.3","33.6","77.5","2422","8.6","-49.6","-2.6","12.3","7.7","23.2","86.2","1668","-13.1","-32.4","4.2","14"
"Lester, Jon",452657,2020,36,"12","61.0",265,244,64,39,13,15.8,6.4,".279",".517",".333",".362",".333",".238",".366",".404",".317",".336","-0.017","-0.058","-0.029",34,12.3,38.9,"77.820627228","94.226303762",67.5,11.3,26,32.2,67.8,47,146,55.8,562,82.3,6.2,126,753,129,1008,88.7,34,301,44.2,446,40.9,412,18.1,44.3,35.5,41.4,23.2,203,58.9,48.3,98,29.1,59,17.7,36,4.9,10,"L","1008",36.7,"29.1","89.4","2223","7.1","-18.8","15.3","17","1.1",,,,,,,,,"12.5","83.3","1913","13.5","-32.5","6.6","15.1","1.4","12.8","73.4","2569","-10.6","-55.6","-4.8","11.8","1.8","15.2","88.4","2063","13.6","-27.7","7.1","15.4","1.6","30.5","87.4","2343","-0.5","-24.6","10.9","11","1.2",,,,,,,,,,,,,,,,,,,,,,,,,,,,,,,,,,,,,,,,,,,,,,,,,"74.7","88.4","2240","5.3","-23","11.8","14.2","1.6","12.8","73.4","2569","-10.6","-55.6","-4.8","11.8","1.8","12.5","83.3","1913","13.5","-32.5","6.6","15.1"
"Scherzer, Max",453286,2020,35,"12","67.1",295,269,70,47,12,31.2,7.8,".252",".431",".319",".321",".312",".179",".434",".440",".391",".382",".008","-0.007","-0.002",41.9,8.5,36.3,"77.195484023","94.048872832",71.7,25.8,30,47.8,52.2,89,186,51,619,80,7.8,194,675,344,1213,74.2,110,426,49,594,42.8,519,32.5,50.5,34.6,32.4,33,179,65.8,34.6,62,25.1,45,31.3,56,8.9,16,"R","1213",25.4,"46","94.7","2472","-10.5","-15","15.6","18.9","1.4","19.3","85.5","2384","4.1","-34.9","2.5","5.3","1.5","16","84.9","1440","-14.5","-35","2.9","15","1.4","9.1","77.1","2782","14.4","-55","-8.9","17","1.7",,,,,,,,,"9.6","91.1","2574","-0.8","-23.8","9","9.2","1.2",,,,,,,,,,,,,,,,,,,,,,,,,,,,,,,,,,,,,,,,,,,,,,,,,"55.6","94","2489","-8.8","-16.5","14.5","17.2","2","28.4","82.8","2511","7.4","-41.3","-1.1","9","4.4","16","84.9","1440","-14.5","-35","2.9","15"
"Cueto, Johnny",456501,2020,34,"12","63.1",277,246,61,38,12,20.2,9.4,".260",".416",".324",".336",".340",".156",".361",".379",".318",".339","-0.012",".007","-0.012",34.4,5.8,33.9,"77.153333789","93.34431836",68.3,14.6,25.9,31.7,68.3,51,161,54.3,622,72.6,6.4,308,497,340,1145,85.4,52,357,45.7,523,43,492,19.9,45.2,48.4,31.3,20.3,192,55.6,42.7,82,24,46,28.6,55,4.7,9,"R","1145",32.6,"33","91.4","2222","-10.7","-17.9","14.8","18.4","1.5","9.9","84.8","2231","1","-30.3","7.4","8","1.9","26.9","82.5","1333","-11.2","-35.5","4.6","12.5","1.9","19.8","80.5","2335","3.4","-42","-0.1","4.2","2.4","10.4","90.9","2123","-16.5","-23.5","9.6","19.1","1.5",,,,,,,,,,,,,,,,,,,,,,,,,,,,,,,,,,,,,,,,,,,,,,,,,,,,,,,,,"43.4","91.3","2198","-12.1","-19.2","13.5","18.6","1.5","29.7","81.9","2300","2.6","-38.1","2.4","5.4","3.2","26.9","82.5","1333","-11.2","-35.5","4.6","12.5"
"Lynn, Lance",458681,2020,33,"13","84.0",344,311,64,35,15,25.9,7.3,".207",".349",".287",".279",".279",".142",".344",".331",".287",".290","-0.001",".037",".008",34.4,5.4,37.5,"77.997525495","93.735972793",70.9,19.8,27,40.9,59.1,76,186,48.9,688,83.7,6.1,14,1265,128,1408,80.2,101,510,51.1,719,45.1,634,25.4,49.5,32.6,36.6,30.8,224,61,37.1,83,28.6,64,25,56,9.4,21,"R","1407",33.2,"49.8","94","2491","-6.7","-15.4","15.6","17.1","1.6",,,,,,,,,"1","85","1844","-8.4","-28.6","9.2","12.9","1.8","9.1","83.6","2598","4.6","-43.2","-4.1","6.9","2","17.9","92","2327","-13.3","-25.1","7.1","15.3","1.7","22.2","89.4","2599","2","-27.1","7","7.7","2.1",,,,,,,,,,,,,,,,,,,,,,,,,,,,,,,,,,,,,,,,,,,,,,,,,"89.9","92.5","2485","-5.8","-20.2","11.8","14.4","2.8","9.1","83.6","2598","4.6","-43.2","-4.1","6.9","2","1","85","1844","-8.4","-28.6","9.2","12.9"
"Carrasco, Carlos",471911,2020,33,"12","68.0",280,249,55,36,11,29.3,9.6,".221",".367",".292",".300",".304",".146",".364",".377",".327",".332",".000","-0.006","-0.008",35.5,8.3,34.9,"76.917276386","93.634904277",69.1,20.4,30.2,58.6,41.4,102,174,52.3,576,73.7,6.9,299,435,367,1101,79.6,74,363,47.7,525,43.3,477,32.8,48.8,35.5,40.2,24.3,169,63.9,47.3,80,20.1,34,27.2,46,5.3,9,"R","1101",35.6,"34.7","93.7","2472","-8.8","-15.9","15.1","17.6","1.5","26.4","86","2798","3.8","-36.2","0.4","5.6","2","27.2","87.7","1319","-6.9","-33.4","1.8","7.5","1.5","6.9","83.5","2912","9.6","-45.8","-6.6","12","1.4","4.8","92.3","2357","-15.6","-24.1","7.9","17.6","1.4",,,,,,,,,,,,,,,,,,,,,,,,,,,,,,,,,,,,,,,,,,,,,,,,,,,,,,,,,"39.5","93.5","2458","-9.6","-16.9","14.2","17.6","1.5","33.3","85.5","2822","5","-38.2","-1.1","6.9","2.2","27.2","87.7","1319","-6.9","-33.4","1.8","7.5"
"Gibson, Kyle",502043,2020,32,"12","67.1",301,265,73,50,9,19.3,10,".283",".452",".356",".360",".369",".168",".397",".403",".353",".363","-0.008",".008","-0.004",33.3,7.3,39.6,"76.836915825","93.881787171",61.7,10.8,26.9,43.8,56.2,78,178,58,661,67.4,4,203,568,368,1139,89.2,32,295,42,478,42.8,487,23.3,41.5,43,38.6,18.4,207,65.1,51.7,107,17.4,36,27.5,57,3.4,7,"R","1139",46.8,"13.9","92.4","2261","-5.7","-15.8","16.2","17.2","1.2","24.6","82.9","2475","5.4","-40.5","-0.7","6.1","1.2","17.8","84.4","1652","-14.8","-31.6","6.8","16.3","1.2","7.7","78.7","2418","6.3","-52.6","-8.7","10.8","1.3","35.6","92.2","2130","-13.9","-19.6","12.5","18.9","1.2","0.4","87.6","2688","4.8","-29.6","5.7","7.6","1.4",,,,,,,,,,,,,,,,,,,,,,,,,,,,,,,,,,,,,,,,,,,,,,,,,"49.9","92.2","2171","-11.5","-18.6","13.5","18.3","1.3","32.3","81.9","2462","5.6","-43.4","-2.6","7.2","2.3","17.8","84.4","1652","-14.8","-31.6","6.8","16.3"
"Darvish, Yu",506433,2020,33,"12","76.0",297,280,59,40,12,31.3,4.7,".227",".346",".250",".269",".269",".118",".338",".369",".316",".341","-0.016","-0.025","-0.019",36.9,6.5,34.2,"78.651437283","93.49421",65.7,22.4,30.3,57.6,42.4,91,158,45.2,521,79,8.7,103,325,725,1153,77.6,93,415,54.8,632,42,484,32.1,49.7,40.1,35.8,24.1,187,63.3,43.9,82,18.2,34,29.4,55,8.6,16,"R","1153",44.8,"15.1","95.9","2582","-6.1","-11.4","18.3","19.4","1.4","36.2","86.1","2792","5.6","-37.9","-1.4","6.3","2.4",,,,,,,,,"11.7","77.3","2719","9.9","-59.4","-13","16.5","3.9","8.7","95.2","2492","-14","-17.6","12.5","18.9","1.6","4.4","92.7","2677","1.3","-18.2","13.4","13.7","1.4","8.9","90.2","1638","-7.2","-26","7.4","11.3","1.9",,,,,,,,,"15","82","2791","15","-42.6","-2","15.5","2.3",,,,,,,,,,,,,,,,,,,,,,,,,"28.2","95.2","2569","-7.4","-14.4","15.8","18.3","1.9","62.9","83.5","2778","8.6","-43","-3.7","10.4","4.8","8.9","90.2","1638","-7.2","-26","7.4","11.3"
"Pérez, Martín",527048,2020,29,"12","62.0",262,229,55,31,16,17.6,10.7,".250",".422",".325",".334",".340",".172",".342",".356",".299",".313","-0.010","-0.007","-0.009",34.6,7.7,29.2,"75.493130333","92.55774838",66.2,20.3,23.7,26.5,73.5,35,132,53.9,557,74.1,5.6,266,670,97,1033,79.7,64,315,46.1,476,46.4,479,22.1,43.3,39.5,35.1,25.4,185,64.9,39.5,73,24.9,46,27.6,51,8.1,15,"L","1033",45.6,"15.1","92.2","2049","10.7","-17.2","15.1","18.6","1.5",,,,,,,,,"25.8","83.7","1704","14.4","-29.7","9.4","17.3","1.4","9.4","77.7","2521","-5.5","-50.4","-5.2","7.9","1.5","17.7","91.9","1951","17","-22.4","10","19.8","1.7","32","88.8","2180","0.8","-24","10.6","10.9","1.6",,,,,,,,,,,,,,,,,,,,,,,,,,,,,,,,,,,,,,,,,,,,,,,,,"64.9","90.4","2087","7.5","-22","11.5","15.1","2.4","9.4","77.7","2521","-5.5","-50.4","-5.2","7.9","1.5","25.8","83.7","1704","14.4","-29.7","9.4","17.3"
"Cole, Gerrit",543037,2020,29,"12","73.0",288,269,53,25,14,32.6,5.9,".198",".381",".279",".273",".251",".183",".383",".375",".303",".306","-0.001",".024",".006",32,9.3,44.6,"79.873113372","94.802339591",67.4,24.5,33,52.7,47.3,108,205,51.6,621,78.3,7.6,67,636,500,1203,75.5,96,392,48.4,582,43.1,518,34.2,49.6,40,34.9,25.1,175,63.5,37.7,66,30.3,53,25.1,44,6.9,12,"R","1203",38.2,"52.5","96.7","2505","-12.2","-11.5","17.9","21.7","1.4","24.4","88.7","2581","5.1","-31","3.5","6.8","1.6","5.6","88.3","1750","-15.5","-24.5","10.6","18.9","1.6","17.1","83.4","2803","9.5","-50.9","-11.3","14.9","1.7","0.2","96","2505","-16.3","-14.1","16","22.9","1.4","0.1","91.6","2512","1.9","-29.5","3.2","3.7",,,,,,,,,,,,,,,,,,,,,,,,,,,,,,,,,,,,,,,,,,,,,,,,,,"52.9","96.7","2505","-12.2","-11.6","17.9","21.7","1.4","41.6","86.5","2673","6.9","-39.2","-2.6","10.1","3.3","5.6","88.3","1750","-15.5","-24.5","10.6","18.9"
"Hendricks, Kyle",543294,2020,30,"12","81.1",315,304,73,53,10,20.3,2.5,".236",".382",".269",".273",".257",".146",".326",".332",".302",".297",".004","-0.010","-0.004",34.3,4.6,32,"74.950220833","92.680787573",66.4,19.3,31.9,36.6,63.4,64,175,47.7,549,70.6,7.4,326,632,192,1162,80.7,77,399,52.3,601,45.9,528,24.9,49.8,36.4,41.3,22.3,242,66.7,47.1,114,19.8,48,26,63,7,17,"R","1150",50.4,"21","87.4","1969","-5.8","-20.8","14.8","16.1","1.2",,,,,,,,,"28.3","79.7","2062","-11.4","-31.1","11.7","16.7","0.9","16.7","72.1","2811","14.3","-66.3","-13.1","19.6","1.4","33.9","87.3","1862","-12.5","-25.9","9.7","16","1.1",,,,,,,,,,,,,,,,,,,,,,,,,,,,,,,,,,,,,,,,,,,,,,,,,,,,,,,,,"55","87.3","1903","-10","-24","11.7","16","1.2","16.7","72.1","2811","14.3","-66.3","-13.1","19.6","1.4","28.3","79.7","2062","-11.4","-31.1","11.7","16.7"
"Bauer, Trevor",545333,2020,29,"11","73.0",278,258,41,25,4,36,6.1,".162",".285",".227",".224",".222",".123",".313",".309",".259",".264","-0.003",".017",".003",25.9,6.3,38,"77.766438101","93.703112739",66.1,21.7,29,47.8,52.2,86,180,53.2,620,78.8,7.3,4,793,368,1165,78.3,78,360,46.8,545,42,489,30.4,46.4,35.4,36.7,27.8,158,59,36.1,57,29.1,46,17.7,28,17.1,27,"R","1165",41.1,"47.4","93.5","2779","-9.6","-11.7","19.7","22.1","1.7",,,,,,,,,"0.3","85","1731","-9.8","-24.6","13.3","17.2","1.6","15.7","79.7","2933","8.8","-63.6","-19.7","21.7","1.7","0.3","94.1","2780","-15.9","-16.3","15","22","1.5","20.3","84.9","2911","5.7","-38.7","-1.1","6.4","1.8",,,,,,,,,,,,,,,,,"15.9","80.6","2949","17.7","-45.4","-3","18.2","1.6",,,,,,,,,,,,,,,,,,,,,,,,,"68.1","90.9","2819","-5.1","-19.8","13.5","17.4","4.7","31.6","80.2","2941","13.3","-54.4","-11.3","19.9","1.7","0.3","85","1731","-9.8","-24.6","13.3","17.2"
"Ryu, Hyun Jin",547943,2020,33,"12","67.0",275,256,60,42,12,26.2,6.2,".232",".334",".279",".274",".283",".101",".347",".340",".326",".325",".002",".018",".005",32.4,3.3,29.2,"76.646542667","92.768601899",71.2,19.2,31.2,39.4,60.6,76,193,54.7,619,86.2,5.7,315,668,149,1132,80.8,70,365,45.3,513,45.5,515,26.2,49.3,43.8,29.2,27,185,58.2,52.4,97,17.8,33,23.2,43,6.5,12,"L","1132",39.2,"24.6","89.8","1995","9.7","-20.5","13.4","16.7","1.3",,,,,,,,,"27.8","79.6","1478","13.2","-36.7","6.4","15","1.4","13.2","72.3","2542","-13.2","-66.7","-13.8","19.2","2","10","89.1","1953","15.7","-24.8","9.7","18.5","1.6","24.4","85.5","2026","-1.4","-30","7.1","7.6","1.5",,,,,,,,,,,,,,,,,,,,,,,,,,,,,,,,,,,,,,,,,,,,,,,,,"59","87.9","2001","6.1","-25.2","10.2","13.2","2.7","13.2","72.3","2542","-13.2","-66.7","-13.8","19.2","2","27.8","79.6","1478","13.2","-36.7","6.4","15"
"Wheeler, Zack",554430,2020,30,"11","71.0",288,264,67,48,16,18.4,5.6,".248",".348",".291",".292",".309",".099",".323",".324",".318",".311",".006",".000","-0.001",30.7,3.8,34,"73.20301619","93.138928469",73.7,19,32.8,30.6,69.4,55,180,50.9,548,77.8,6.7,90,878,109,1078,81,74,390,49.1,529,44.4,478,22.6,52.9,40.6,34.4,25,212,58.3,56.6,120,10.8,23,27.4,58,5.2,11,"R","1077",37.9,"43.8","96.9","2334","-6","-15","14.1","15.4","1.2",,,,,,,,,"5.8","90.2","1833","-11.9","-21.9","11.7","16.9","1.3","10.1","80.1","2621","10.8","-55.6","-12.7","16.8","1.4","21.8","96.6","2196","-14.6","-17.3","12.1","19.1","1.2","15.9","89.8","2399","4.3","-31","2.9","5.8","1.6","2.5","90.1","1202","-13.5","-25.7","8.1","16","1.6",,,,,,,,,,,,,,,,,,,,,,,,,,,,,,,,,,,,,,,,,"81.5","95.4","2310","-6.3","-18.7","11.4","14.5","3.4","10.1","80.1","2621","10.8","-55.6","-12.7","16.8","1.4","8.4","90.2","1643","-12.4","-23.1","10.6","16.6"
"Boyd, Matthew",571510,2020,29,"12","60.1",271,241,67,33,17,22.1,8.1,".258",".478",".378",".348",".331",".220",".453",".410",".366",".341",".020",".074",".030",37,10.9,37,"75.498472609","93.758217268",69.9,17.7,30.8,47.5,52.5,87,183,54.7,594,66.2,6.5,187,572,327,1086,82.3,61,344,45.3,492,42.4,460,28.1,48.5,40.2,36.4,23.4,184,59.4,38,70,28.3,52,26.1,48,7.6,14,"L","1086",29.5,"50.3","91.7","2304","11.2","-18.3","14.2","18.2","1.1","22.7","79.3","2324","-3.4","-46.8","-3.5","5.6","1.4","17.2","79.1","1882","15.9","-37","6.7","17.5","1.3","7.5","74.1","2506","-12.9","-65","-14.6","19.5","1.7","2.4","90.5","2255","16.1","-22.7","10.8","19.5","1.6",,,,,,,,,,,,,,,,,,,,,,,,,,,,,,,,,,,,,,,,,,,,,,,,,,,,,,,,,"52.7","91.7","2302","11.4","-18.5","14","18.2","1.2","30.1","78","2369","-5.7","-51.3","-6.2","9","2.8","17.2","79.1","1882","15.9","-37","6.7","17.5"
"Corbin, Patrick",571578,2020,30,"11","65.2",295,276,85,57,16,20.3,6.1,".288",".469",".357",".343",".331",".180",".429",".410",".392",".367",".020",".020",".014",32.3,6.5,44.2,"80.567643519","94.923821302",70.1,11.6,33.6,44.8,55.2,87,194,54,577,80.5,7.2,60,556,452,1068,88.4,40,344,46,491,43,459,23.6,50.4,36.9,34.6,28.6,217,64.1,46.1,100,20.7,45,25.8,56,7.4,16,"L","1068",43.1,"17.2","90.2","2158","8","-18.3","15.3","17.3","1.4","40.3","79.2","2241","-3.8","-42.8","0.9","4.4","2.3","5.6","77.7","1550","10.5","-33.9","11.3","15.7","2.2","2.1","65","1852","-3.1","-66.9","-1.8","4.7","1.5","34.8","90.1","2096","13.4","-21.2","12.5","18.5","1.7",,,,,,,,,,,,,,,,,,,,,,,,,,,,,,,,,,,,,,,,,,,,,,,,,,,,,,,,,"52.1","90.1","2116","11.6","-20.3","13.4","18.1","1.6","42.3","78.5","2222","-3.7","-43.9","0.7","4.4","4","5.6","77.7","1550","10.5","-33.9","11.3","15.7"
"Heaney, Andrew",571760,2020,29,"12","66.2",279,256,63,39,14,25.1,6.8,".249",".445",".306",".321",".305",".195",".378",".400",".335",".341","-0.003","-0.031","-0.015",36.2,7.4,39.4,"77.671291809","93.87947738",68.1,22,31.3,42,58,68,162,47.7,518,70.6,7.8,189,627,269,1085,78,85,386,52.3,567,43.5,472,27.9,50.5,37.8,39.9,22.3,188,67,38.8,73,26.1,49,25.5,48,9.6,18,"L","1085",33.2,"57.8","91.5","2435","13.8","-17.1","15.7","21","1.4","0.4","79.3","2554","-3.6","-50.1","-6.5","7.5","1.4","17.4","83","2005","16.3","-31.8","8","18.3","1.5","24.4","79.2","2550","-5.8","-47","-3.5","7.2","1.6",,,,,,,,,,,,,,,,,,,,,,,,,,,,,,,,,,,,,,,,,,,,,,,,,,,,,,,,,,,,,,,,,"57.8","91.5","2435","13.8","-17.1","15.7","21","1.4","24.8","79.2","2550","-5.7","-47.1","-3.5","7.2","1.6","17.4","83","2005","16.3","-31.8","8","18.3"
"Keuchel, Dallas",572971,2020,32,"11","63.1",257,238,52,41,8,16.3,6.6,".277",".393",".249",".317",".325",".116",".263",".352",".265",".337","-0.059","-0.107","-0.068",34.3,4.1,31.3,"74.956208144","93.354275567",68.3,16.8,28.4,35.8,64.2,57,159,58.2,559,81.6,5.1,268,629,63,960,83.2,46,274,41.8,401,45.9,441,23.8,45.1,35.9,40.9,23.2,198,54.9,53.5,106,12.6,25,28.3,56,5.6,11,"L","960",49.1,"2.3","88.3","2218","2.7","-21.5","13.3","13.9","1.4","6.6","75.8","2280","-7.9","-48.3","-0.8","9.1","1.6","27.9","78.6","1680","14.4","-37.7","6.4","15.8","1.2",,,,,,,,,"32.3","87.2","2071","12.5","-29.1","6.7","14.2","1.3","30.9","84.8","2203","-2.6","-29.9","7.8","8.8","1.4",,,,,,,,,,,,,,,,,,,,,,,,,,,,,,,,,,,,,,,,,,,,,,,,,"65.5","86.1","2139","5","-29.2","7.4","11.6","1.9","6.6","75.8","2280","-7.9","-48.3","-0.8","9.1","1.6","27.9","78.6","1680","14.4","-37.7","6.4","15.8"
"deGrom, Jacob",594798,2020,32,"12","68.0",268,248,47,28,12,38.8,6.7,".194",".333",".246",".256",".247",".138",".366",".385",".322",".332","-0.004","-0.010","-0.010",30.1,9.7,33.6,"77.995876806","93.342833889",75.2,31.5,35.7,58.5,41.5,127,217,53.5,607,83.1,5.7,192,509,433,1135,68.5,125,397,46.5,528,45.9,521,41,54.1,34.9,35.6,29.5,146,60.4,42.5,62,26,38,26,38,5.5,8,"R","1134",34.6,"44.9","98.6","2477","-6.9","-11.4","16.7","18.2","1.2","35.5","92.5","2565","3.7","-26.7","4.9","6.5","1.3","16.9","91.4","1638","-13.5","-28.8","3.8","14.5","1.4","2.6","84.1","2632","7.2","-42.8","-4.3","8.7","1.7",,,,,,,,,,,,,,,,,,,,,,,,,,,,,,,,,,,,,,,,,,,,,,,,,,,,,,,,,,,,,,,,,"44.9","98.6","2477","-6.9","-11.4","16.7","18.2","1.2","38.2","91.9","2570","3.9","-27.8","4.3","6.6","2.7","16.9","91.4","1638","-13.5","-28.8","3.8","14.5"
"Gonzales, Marco",594835,2020,28,"11","69.2",277,266,59,38,13,23.1,2.5,".243",".430",".265",".301",".273",".187",".324",".376",".292",".322","-0.021","-0.069","-0.036",36.6,8.6,34.3,"75.196540909","93.023268939",63.1,15.2,30.1,31.1,68.9,46,148,46.6,492,70.4,6.7,151,735,170,1057,84.8,54,356,53.4,564,48.1,508,19.8,47.8,38.6,37.1,24.3,202,64.3,37.6,76,28.7,58,23.8,48,9.9,20,"L","1056",46.4,"45.1","88.2","2153","11","-18.2","17","20.4","1.1",,,,,,,,,"14.3","80.6","2114","16.9","-32.8","9.5","19.5","1.1","16.1","75.3","2294","-8.9","-62.1","-13.4","16.3","1.3","0.3","87.9","2208","8.2","-16.4","19","20.7","1.5","24.2","84.8","2153","0","-27.3","10.4","10.7","1.3",,,,,,,,,,,,,,,,,,,,,,,,,,,,,,,,,,,,,,,,,,,,,,,,,"69.6","87","2153","7.1","-21.4","14.7","17","2.1","16.1","75.3","2294","-8.9","-62.1","-13.4","16.3","1.3","14.3","80.6","2114","16.9","-32.8","9.5","19.5"
"Bassitt, Chris",605135,2020,31,"11","63.0",261,240,56,35,15,21.1,6.5,".241",".390",".287",".301",".296",".149",".330",".349",".301",".312","-0.008","-0.019","-0.014",28.9,5.9,37.4,"77.390751957","93.869726848",65.2,19,26,33.9,66.1,40,118,48,454,71,9.8,97,732,117,946,81,61,321,52,492,41.9,396,23,46.4,36.9,37.4,25.7,187,57.1,44.9,84,26.2,49,21.4,40,7.5,14,"R","946",43.7,"16.7","93.3","2160","-7.8","-16.6","14.8","16.8","1.4","1.2","78.2","2192","9.3","-45.1","-0.4","9.7","1.6","10.3","83.6","1950","-17.3","-29.6","9.5","19.9","1.3","9.4","70","2185","12.2","-71","-14.4","19","1.5","38.2","92.6","2112","-15.7","-20.1","11.7","19.7","1.3","22.5","87.8","2183","1.6","-27.2","8","8.6","1.8",,,,,,,,,,,,,,,,,"1.8","73.2","2268","15.4","-54.5","-2.6","15.8","1.5",,,,,,,,,,,,,,,,,,,,,,,,,"77.4","91.4","2143","-9","-21.4","11.3","15.8","3","12.4","71.3","2198","12.4","-66.2","-11.4","17.7","2.8","10.3","83.6","1950","-17.3","-29.6","9.5","19.9"
"Bundy, Dylan",605164,2020,27,"11","65.2",267,245,51,30,14,27,6.4,".215",".333",".268",".270",".277",".119",".328",".333",".295",".304","-0.007",".010","-0.002",30.6,4.7,32.9,"75.951830235","93.090558935",60.9,18,29.6,51.6,48.4,79,153,50.8,517,55.1,6.8,217,427,374,1018,82,55,305,49.2,501,45.4,462,29.3,45,39.9,38.7,21.4,173,56.9,42.8,74,22,38,24.9,43,10.4,18,"R","1018",51,"33.6","90","2424","-4.9","-14.8","19","19.7","1.5","25","79.9","2538","4.3","-43.7","-1","5","1.3","21.3","82.2","1620","-13","-32","8.4","15.7","1.3","11.7","73.5","2349","8.1","-63.9","-12.9","15.4","1.4","8.3","90.7","2348","-12.8","-17.4","15.9","20.4","1.3",,,,,,,,,,,,,,,,,,,,,,,,,,,,,,,,,,,,,,,,,,,,,,,,,,,,,,,,,"41.9","90.1","2409","-6.5","-15.3","18.4","19.9","1.5","36.7","77.9","2478","5.5","-50.1","-4.8","8.4","3.5","21.3","82.2","1620","-13","-32","8.4","15.7"
"Davies, Zach",605200,2020,27,"12","69.1",276,255,55,37,8,22.8,6.9,".268",".475",".273",".344",".320",".207",".321",".421",".285",".358","-0.052","-0.114","-0.071",36.1,10.4,36.6,"76.024619043","93.652096862",62.4,17.1,26.4,40,60,64,160,57.4,606,71.4,4.6,436,589,30,1055,82.9,48,280,42.6,449,46,485,25.5,41.7,37.6,38.7,23.7,194,56.2,43.3,84,24.7,48,23.7,46,8.2,16,"R","1055",38.8,"4.5","88.7","2037","-15","-21.4","13.5","20.3","1.3",,,,,,,,,"41.3","79.4","1728","-14.4","-35.2","8.2","16.7","1","2.8","74.5","2509","9.6","-60.8","-11.4","15.1","1.3","37.4","88.4","2053","-14.4","-22.5","12.5","19.3","1.3","13.9","86.9","2184","-5.2","-22.4","13.7","14.8","1.1",,,,,,,,,,,,,,,,,,,,,,,,,,,,,,,,,,,,,,,,,,,,,,,,,"55.8","88.1","2085","-12.2","-22.4","12.9","18.2","1.4","2.8","74.5","2509","9.6","-60.8","-11.4","15.1","1.3","41.3","79.4","1728","-14.4","-35.2","8.2","16.7"
"Nola, Aaron",605400,2020,27,"12","71.1",289,263,54,33,12,33.2,8,".222",".354",".272",".283",".289",".132",".368",".388",".321",".348","-0.017",".000","-0.011",34.5,5.4,38.1,"76.996211205","93.982298795",60.7,20.6,36.5,45.1,54.9,106,235,56.1,644,66.1,5.4,314,528,306,1148,79.4,63,306,43.9,504,46.1,529,31.2,47.1,35.7,39.9,24.4,168,64.4,49.4,83,16.7,28,26.2,44,7.7,13,"R","1148",19.2,"24.5","92.8","2180","-13.8","-18","13.8","19.6","1.2",,,,,,,,,"27.4","84.9","1518","-14.5","-35.5","2.4","15","1.3","26.7","78.6","2499","15.1","-54.8","-10.2","18.3","1.3","21.5","91.8","2101","-17.4","-24.2","8.3","19.3","1.4",,,,,,,,,,,,,,,,,,,,,,,,,,,,,,,,,,,,,,,,,,,,,,,,,,,,,,,,,"46","92.3","2143","-15.5","-20.9","11.2","19.5","1.4","26.7","78.6","2499","15.1","-54.8","-10.2","18.3","1.3","27.4","84.9","1518","-14.5","-35.5","2.4","15"
"Woodruff, Brandon",605540,2020,27,"13","73.2",293,270,55,37,8,31.1,6.1,".198",".339",".264",".264",".259",".141",".344",".345",".306",".299",".006",".002",".000",26.1,7.3,33.9,"74.869262273","93.347296343",69.8,25.1,26.8,38.9,61.1,63,162,50,605,75.6,6.4,212,789,210,1211,74.9,106,423,50,606,43.4,525,28.9,48.3,35,36.1,28.9,180,66.6,51.1,92,20.6,37,17.2,31,11.1,20,"R","1211",42.7,"34.5","96.6","2457","-6.6","-12.1","17.2","18.5","1.1","10.9","88.2","2525","2.9","-34.2","0.7","3.9","1.5","17.5","86.7","1817","-15.4","-26.9","9.3","18.1","1.5","6.4","83.5","2606","4","-49.3","-10.2","11.1","1.7","30.6","96.3","2364","-13.8","-16.1","13.4","19.3","1.3",,,,,,,,,,,,,,,,,,,,,,,,,,,,,,,,,,,,,,,,,,,,,,,,,,,,,,,,,"65.2","96.4","2413","-10","-14","15.4","18.9","1.2","17.3","86.4","2555","3.3","-39.8","-3.3","6.6","2.8","17.5","86.7","1817","-15.4","-26.9","9.3","18.1"
"Freeland, Kyle",607536,2020,27,"13","70.2",304,277,77,52,16,15.1,7.6,".283",".435",".335",".343",".345",".152",".360",".371",".332",".340","-0.005","-0.002","-0.008",31.9,5.6,35.8,"75.81297469","93.455217035",65.4,11.1,30.6,36.3,63.7,70,193,56,630,80,6.2,274,638,212,1124,88.9,36,323,44,494,47,528,20.5,45.9,44.8,36.6,18.5,232,56.3,52.2,121,17.2,40,26.7,62,3.9,9,"L","1124",30,"21","92.2","2448","7.2","-17.9","14","15.9","1.3",,,,,,,,,"24.4","86","1375","11","-31.7","4.9","12.3","1.4","18.9","80.3","2444","-4.1","-49.5","-7.5","8.8","1.7","12.2","91.4","2388","14.5","-25.9","6.8","16.1","1.8","23.6","86.2","2474","-1.9","-31.9","4.5","5.1","1.9",,,,,,,,,,,,,,,,,,,,,,,,,,,,,,,,,,,,,,,,,,,,,,,,,"56.8","89.5","2446","5","-25.4","8.5","11.5","3.6","18.9","80.3","2444","-4.1","-49.5","-7.5","8.8","1.7","24.4","86","1375","11","-31.7","4.9","12.3"
"Giolito, Lucas",608337,2020,25,"12","72.1",288,255,47,31,8,33.7,9.7,".196",".322",".257",".270",".279",".126",".330",".353",".292",".313","-0.012","-0.012","-0.013",33.5,5.6,35.4,"75.1833505","93.575196101",73.1,28.4,28.3,57.6,42.4,99,172,50.1,608,87.3,8.4,409,614,191,1214,71.6,126,443,49.9,606,40.7,494,36.6,50.7,41.6,31.7,26.7,161,59.4,44.1,71,26.7,43,21.7,35,7.5,12,"R","1214",57.8,"50.6","94","2349","-7.1","-12.5","18.5","20","1.4","14.7","84.9","2095","3.5","-34.2","3.5","5.5","1.7","33.7","80.9","1410","-8.8","-28.9","12.8","15.9","1.4","1","77.3","2493","5","-61.1","-14.8","15.8","1.6",,,,,,,,,,,,,,,,,,,,,,,,,,,,,,,,,,,,,,,,,,,,,,,,,,,,,,,,,,,,,,,,,"50.6","94","2349","-7.1","-12.5","18.5","20","1.4","15.7","84.4","2120","3.6","-35.9","2.3","6.2","2.5","33.7","80.9","1410","-8.8","-28.9","12.8","15.9"
"Márquez, Germán",608566,2020,25,"13","81.2",344,316,78,53,16,21.2,7.3,".259",".391",".292",".315",".315",".132",".338",".370",".317",".339","-0.012","-0.018","-0.023",32.9,4.9,40.2,"77.797894754","94.009115432",68.2,15.1,28.1,55.8,44.2,92,165,47.9,587,72.1,8.5,65,643,518,1226,84.9,66,436,52.1,639,41.7,511,26.3,49,39.4,36.2,24.4,246,66.3,50.8,125,16.3,40,28,69,4.9,12,"R","1226",37.4,"38.5","95.9","2157","-6.8","-16.1","13.6","15.3","1.6","16.9","87.9","2382","0.5","-31","4","4.7","1.6","5.3","86.8","1816","-13.4","-26.8","9.3","16.4","1.8","25.4","85.5","2728","3.6","-40.4","-3.3","5.5","2.1","13.9","94.7","2140","-13.2","-21.4","9","16.1","1.4",,,,,,,,,,,,,,,,,,,,,,,,,,,,,,,,,,,,,,,,,,,,,,,,,,,,,,,,,"52.4","95.6","2152","-8.5","-17.5","12.3","15.5","1.7","42.3","86.5","2589","2.4","-36.7","-0.4","5.2","2.3","5.3","86.8","1816","-13.4","-26.8","9.3","16.4"
"Mills, Alec",621219,2020,28,"11","62.1",252,230,53,29,11,18.3,7.5,".263",".461",".316",".341",".326",".198",".351",".385",".286",".330","-0.033","-0.013","-0.025",30.8,9.2,39.5,"74.541613913","93.6962775",61.1,12.5,30.2,27.1,72.9,42,155,54.3,513,66.7,5.4,144,564,237,945,87.5,33,264,45.7,432,44.9,424,17.9,44.3,40,35.1,24.9,185,61.1,48.1,89,21.6,40,23.2,43,7,13,"R","945",32.2,"25.3","89.8","2182","-9.5","-20","13.9","17","1.2","10.1","77.5","2584","16.5","-48.1","-2.4","17","1.4","15.2","80.7","1709","-15.2","-38.2","3.7","15.9","1.3","15","66.6","2378","12.9","-72.5","-10.5","16.7","1.8","34.4","89.9","2184","-16.2","-26.6","7.3","17.9","1.6",,,,,,,,,,,,,,,,,,,,,,,,,,,,,,,,,,,,,,,,,,,,,,,,,,,,,,,,,"59.7","89.8","2183","-13.4","-23.8","10.1","17.5","1.4","25.1","71","2460","14.3","-62.7","-7.2","16.8","5.7","15.2","80.7","1709","-15.2","-38.2","3.7","15.9"
"Berríos, José",621244,2020,26,"12","63.0",271,240,57,39,9,25.1,9.6,".248",".400",".307",".322",".328",".152",".362",".385",".328",".345","-0.011","-0.017","-0.015",33.3,6.4,39.7,"77.429804186","94.264088947",61.9,19.8,31.6,41,59,75,183,52.6,580,64.5,6.9,207,567,328,1102,80.2,64,323,47.4,522,44.1,486,27.5,45.9,36.8,36.8,26.4,174,63.1,42,73,24.7,43,26.4,46,6.9,12,"R","1102",36.1,"26","94.5","2192","-10.9","-15.5","15.2","18.8","1.2",,,,,,,,,"18.8","84.7","1531","-12.5","-33.9","4.3","13.5","1.6",,,,,,,,,"25.5","94","2128","-15.8","-20.6","10.4","19","1.2",,,,,,,,,,,,,,,,,,,,,,,,,,,,,,,,,"29.8","83.3","2351","14.7","-42.1","-2.6","15.1","1.5",,,,,,,,,,,,,,,,,"51.5","94.2","2160","-13.3","-18","12.8","18.9","1.2","29.8","83.3","2351","14.7","-42.1","-2.6","15.1","1.5","18.8","84.7","1531","-12.5","-33.9","4.3","13.5"
"Castillo, Luis",622491,2020,27,"12","70.0",292,266,62,38,18,30.5,8.2,".209",".313",".290",".266",".277",".104",".378",".338",".348",".313",".024",".052",".024",28.7,4.5,37.1,"72.160531236","93.916524915",73.5,24.9,28.3,53.4,46.6,87,163,49.9,575,82.2,6.3,346,603,204,1153,75.1,106,425,50.1,578,42.2,487,32.8,51,42.1,32.6,25.3,178,61.3,58.4,104,15.2,27,23.6,42,2.8,5,"R","1153",20.3,"27.1","97.4","2181","-11","-16.5","12.4","16.6","0.9","17.7","86.8","2484","0","-35.8","0.4","1.9","1.3","30","88.2","1942","-16.5","-34.1","1","16.6","1",,,,,,,,,"25.2","97.5","2100","-18","-24.6","4.2","18.5","0.9",,,,,,,,,,,,,,,,,,,,,,,,,,,,,,,,,,,,,,,,,,,,,,,,,,,,,,,,,"52.3","97.4","2142","-14.4","-20.4","8.4","17.6","0.9","17.7","86.8","2484","0","-35.8","0.4","1.9","1.3","30","88.2","1942","-16.5","-34.1","1","16.6"
"Senzatela, Antonio",622608,2020,25,"12","73.1",303,279,71,49,10,13.5,5.9,".272",".428",".309",".329",".324",".156",".325",".351",".296",".318","-0.018","-0.019","-0.020",27.9,5.4,38.3,"77.06990275","93.887047992",68.9,11.7,24.5,37.3,62.7,53,142,51,579,80.2,8,118,635,383,1136,88.3,45,384,49,557,44.8,509,18.6,46.3,42.1,33.3,24.6,240,62,50.8,122,21.3,51,22.1,53,5.8,14,"R","1136",41.1,"55.9","94.3","2140","-5.9","-20","10.6","12.3","1.5","24.8","86.4","2177","5.2","-34.6","1.8","5.9","1.8","10.4","86.4","2133","-8.2","-27.7","8.9","12.4","1.6","8.9","79.2","2312","7.5","-50.2","-6.7","10.3","1.8",,,,,,,,,,,,,,,,,,,,,,,,,,,,,,,,,,,,,,,,,,,,,,,,,,,,,,,,,,,,,,,,,"55.9","94.3","2140","-5.9","-20","10.6","12.3","1.5","33.7","84.5","2213","5.8","-38.7","-0.5","7.1","3.8","10.4","86.4","2133","-8.2","-27.7","8.9","12.4"
"Maeda, Kenta",628317,2020,32,"11","66.2",248,238,40,26,4,32.3,4,".208",".350",".219",".257",".240",".142",".299",".360",".253",".314","-0.040","-0.043","-0.038",31,7.1,24.7,"74.312775844","92.194825425",69.5,19.5,39.7,55.7,44.3,123,221,56.5,557,72.2,7.3,289,281,416,986,80.5,58,298,43.5,429,41.5,409,34.9,52.6,34.2,44.9,20.9,158,64.5,49.4,78,18.4,29,22.2,35,10.1,16,"R","986",37.4,"18.7","91.6","2270","-7.8","-17.1","15.3","17.3","1.2","38.7","82.9","2504","3.2","-33.4","6.5","8.6","1.4",,,,,,,,,"3.4","78.5","2590","6.7","-52.9","-8.6","11.2","1.8","7.1","90.8","2206","-15.8","-24.3","9","18.3","1.3","2.7","87.2","2448","1.4","-27.9","7.7","8.1","1.4","29.3","84.5","1488","-12.6","-35.9","2.2","13","1.1",,,,,,,,,,,,,,,,,,,,,,,,,,,,,,,,,,,,,,,,,"28.5","91","2271","-8.9","-20","13","16.7","1.8","42.2","82.6","2511","3.5","-35","5.3","8.8","2","29.3","84.5","1488","-12.6","-35.9","2.2","13"
"Civale, Aaron",650644,2020,25,"12","74.0",312,291,82,51,17,22.1,5.1,".265",".436",".339",".322",".309",".171",".413",".389",".366",".346",".017",".038",".017",36.6,6.8,33.5,"75.989788288","93.101253964",62.8,17,29.2,40.9,59.1,74,181,51.6,620,66.3,7.7,110,722,369,1201,83,62,365,48.4,581,46,552,24.9,45.5,34.4,40.2,25.4,224,63.1,45.1,101,23.7,53,26.3,59,4.9,11,"R","1201",46.9,"2.2","91.2","2346","-3.9","-16.4","16.2","16.8","1.3","9.5","82.3","2709","7.5","-42","-1.9","8.3","1.6","9.2","85.3","2028","-15.4","-28.7","8.7","17.8","1.4","21.2","75.6","2840","12.1","-63.9","-15.7","20","1.4","29.2","91.8","2270","-13.6","-20.6","11.7","18","1.1","28.7","87.4","2499","5.1","-26.6","8.8","10.5","1.2",,,,,,,,,,,,,,,,,,,,,,,,,,,,,,,,,,,,,,,,,,,,,,,,,"60.1","89.7","2382","-4.3","-23.3","10.5","14.4","2.6","30.7","77.7","2799","10.7","-57.1","-11.4","16.4","3.6","9.2","85.3","2028","-15.4","-28.7","8.7","17.8"
"Lamet, Dinelson",659275,2020,27,"12","69.0",267,242,39,25,9,34.8,7.5,".186",".316",".225",".259",".260",".130",".287",".348",".260",".303","-0.025","-0.056","-0.034",34.7,7.3,40,"77.445168667","94.21267604",63.8,20.1,30.6,59.5,40.5,94,158,49.3,516,73.8,6.2,0,487,559,1046,79.9,68,338,50.7,530,42.1,440,32.7,47.4,33.3,38.7,28,150,65.5,38.7,58,24.7,37,24.7,37,12,18,"R","1046",45,"37.3","97","2496","-6.2","-12","17.1","18.3","1.4","53.4","86.5","2614","4.3","-34.4","2.3","6.3","1.7",,,,,,,,,,,,,,,,,"9.3","97","2442","-12.7","-12.9","16.3","20.8","1.4",,,,,,,,,,,,,,,,,,,,,,,,,,,,,,,,,,,,,,,,,,,,,,,,,,,,,,,,,"46.6","97","2485","-7.5","-12.2","16.9","18.8","1.4","53.4","86.5","2614","4.3","-34.4","2.3","6.3","1.7",,,,,,,
"Singer, Brady",663903,2020,23,"12","64.1",263,236,52,37,6,23.2,8.7,".231",".368",".285",".301",".306",".137",".325",".349",".294",".313","-0.011","-0.012","-0.016",28.8,4.5,40.1,"77.398455843","94.126124972",57.7,14.3,27.1,44.3,55.7,66,149,51.3,549,76.6,7.2,50,620,401,1071,85.7,43,301,48.7,522,42.1,451,24.2,42,33.3,41.2,25.4,177,60.5,53.7,95,22,39,20.3,36,4,7,"R","1071",35.5,"0.7","92.9","2196","-8.4","-19.1","12.3","15","1.6","37.4","83.1","2387","4.8","-41.1","-1.7","5.6","1.4","4.7","87.8","2164","-15.6","-24.9","10.4","18.8","1.3",,,,,,,,,"57.2","93.3","2241","-13.7","-19.2","12.1","18.3","1.2",,,,,,,,,,,,,,,,,,,,,,,,,,,,,,,,,,,,,,,,,,,,,,,,,,,,,,,,,"57.9","93.3","2240","-13.6","-19.2","12.1","18.3","1.2","37.4","83.1","2387","4.8","-41.1","-1.7","5.6","1.4","4.7","87.8","2164","-15.6","-24.9","10.4","18.8"
"Valdez, Framber",664285,2020,26,"11","70.2",288,263,63,49,6,26.4,5.6,".239",".378",".279",".301",".298",".140",".343",".377",".332",".340",".001","-0.036","-0.022",33.5,7.9,48.7,"81.369185532","95.230895957",61.2,15.5,26.8,47,53,63,134,47.7,500,77.2,8.8,88,610,351,1049,84.5,52,336,52.3,549,43.1,452,24.5,44.8,31.4,41.4,27.2,191,59.7,60.2,115,14.7,28,24.1,46,1,2,"L","1049",40,"3","93.7","2330","3.4","-19.5","11.5","12.1","1.5",,,,,,,,,"8.4","88.6","1642","12.9","-32.7","2.1","13.4","1.3","33.5","80.5","2982","-13.2","-56.2","-13.8","19.2","1.5","55.2","93","2249","12.7","-26","5.6","14.1","1.5",,,,,,,,,,,,,,,,,,,,,,,,,,,,,,,,,,,,,,,,,,,,,,,,,,,,,,,,,"58.2","93.1","2253","12.2","-25.7","5.9","14","1.5","33.5","80.5","2982","-13.2","-56.2","-13.8","19.2","1.5","8.4","88.6","1642","12.9","-32.7","2.1","13.4"
"Gallen, Zac",668678,2020,24,"12","72.0",291,262,55,40,6,28.2,8.6,".225",".369",".275",".295",".298",".144",".336",".370",".306",".329","-0.015","-0.033","-0.020",33.7,7.3,32.6,"75.761361573","93.139621469",60.3,19.4,29.4,48.3,51.7,87,180,54.9,613,69.2,4.7,212,656,249,1117,80.6,59,304,45.1,504,48.5,542,30.2,43.3,45.3,31.5,23.2,181,64.9,47,85,21,38,24.3,44,7.7,14,"R","1117",43.4,"39","93.2","2378","-3.6","-14","17.7","18.2","1.4","6.2","83.2","2399","7.8","-40.9","-1.3","8.5","1.9","19","84.9","1530","-13.3","-34.7","3.4","13.9","1.6","16.1","81.2","2432","6.3","-50.9","-9.3","11.4","1.3","0.2","92.9","2192","-13.8","-16.4","15.7","20.9","1.5","19.5","88.2","2333","6.1","-30.3","4.8","8.3","1.3",,,,,,,,,,,,,,,,,,,,,,,,,,,,,,,,,,,,,,,,,,,,,,,,,"58.7","91.6","2363","-0.4","-19.4","13.4","14.9","3","22.3","81.8","2423","6.7","-48.1","-7.1","10.6","1.8","19","84.9","1530","-13.3","-34.7","3.4","13.9"
"Bieber, Shane",669456,2020,25,"12","77.1",297,275,46,33,6,41.1,7.1,".185",".319",".222",".251",".247",".134",".329",".391",".301",".338","-0.018","-0.054","-0.029",26.1,7.4,43.1,"78.051342838","94.655112703",64.2,22.2,34.7,64.2,35.8,163,254,59.2,733,68.8,5.2,105,664,469,1238,77.8,72,324,40.8,505,41.8,518,40.7,46.7,38.6,39.2,22.2,153,63,48.4,74,19,29,25.5,39,7.2,11,"R","1238",43.8,"37.9","94.1","2357","-8.9","-12.6","18.2","20.4","1","11.6","84.5","2551","1.3","-42","-4.1","4.5","1.3","8.5","88.7","1665","-15.9","-29.9","4.7","16.8","1.3","26.3","83.6","2352","9","-53.6","-14.3","17","1.2",,,,,,,,,"15.8","89.2","2527","1.9","-24.9","9","9.6","1.3",,,,,,,,,,,,,,,,,,,,,,,,,,,,,,,,,,,,,,,,,,,,,,,,,"53.6","92.7","2407","-5.7","-16.2","15.5","17.2","2.7","37.9","83.9","2413","6.7","-50","-11.2","13.2","1.3","8.5","88.7","1665","-15.9","-29.9","4.7","16.8"
"Wainwright, Adam",425794,2021,39,"32","206.1",828,765,168,111,34,21,6,".246",".391",".273",".302",".300",".145",".313",".354",".284",".319","-0.026","-0.039","-0.029",34.3,6.2,35.6,"77.656330068","93.426713667",60.8,12.2,27.2,37.7,62.8,159,422,50.5,1550,66,7.9,195,1826,1047,3068,87.9,113,923,49.5,1518,45.5,1395,20.2,43.8,40,37.1,22.9,595,64.4,48.7,290,21.5,128,25.4,151,4.4,26,"R","3068",46.6,"9.7","89","2233","-1.7","-19.9","14.5","14.8","1.4",,,,,,,,,"6.4","82.7","1714","-13.8","-32.1","7.7","16","1.6","34.1","73.4","2835","16.6","-66.5","-14.7","22.2","1.9","28.1","89.1","2229","-12.7","-22.2","12.3","17.8","1.5","21.6","84.9","2408","6.4","-31.2","6.4","9.4","1.5",,,,,,,,,,,,,,,,,,,,,,,,,,,,,,,,,,,,,,,,,,,,,,,,,"59.5","87.5","2295","-4","-25.1","10.5","14.3","2.7","34.1","73.4","2835","16.6","-66.5","-14.7","22.2","1.9","6.4","82.7","1714","-13.8","-32.1","7.7","16"
"Greinke, Zack",425844,2021,37,"30","171.0",697,652,164,105,29,17.2,5.2,".263",".436",".309",".321",".304",".173",".351",".367",".305",".323","-0.011","-0.002","-0.012",35.3,6.5,35.4,"77.616197191","93.635624981",66.3,12.4,28.9,40.2,59.8,162,403,54.2,1396,76.2,6.7,569,1230,767,2577,87.6,97,783,45.8,1181,43,1107,21.8,46,36.7,35.6,27.6,539,66,45.6,246,23.9,129,25,135,5.4,29,"R","2566",47.5,"40","88.9","2234","-1.3","-18","16.5","16.7","1.3","13.2","83.6","2346","7.9","-35.9","3.1","9","1.6","22.2","86.4","1593","-12.8","-32.1","4.5","13.7","1.2","16.7","71.1","2358","11.3","-65.1","-10.4","15.7","2.5","5.8","89.5","2146","-13","-23.3","10.9","17.1","1.2","2.1","83.9","2406","7.1","-36","2.6","8.8","1.5",,,,,,,,,,,,,,,,,,,,,,,,,,,,,,,,,,,,,,,,,,,,,,,,,"47.9","88.8","2231","-2.3","-19.4","15.2","16.4","1.8","29.9","76.6","2353","9.8","-52.2","-4.4","12.7","7.2","22.2","86.4","1593","-12.8","-32.1","4.5","13.7"
"Morton, Charlie",450203,2021,37,"33","185.2",756,669,136,100,17,28.6,7.7,".215",".336",".264",".284",".294",".122",".318",".351",".296",".317","-0.012","-0.027","-0.020",29.9,5,32.5,"77.626260088","93.368970396",64.5,19.4,27.8,51.3,48.7,215,419,50.4,1505,77.1,7.7,159,1729,1099,2987,80.6,185,956,49.6,1482,43.4,1297,29.1,46,38.3,34.4,27.3,465,58.2,49.5,230,20,93,25.2,117,5.4,25,"R","2987",24.7,"36.4","95.5","2338","-13.1","-17.6","12.5","18.2","1.1",,,,,,,,,"5.3","86.4","2100","-18","-33.8","3","18.4","1.4","36.8","80.7","3051","16.5","-52.5","-10","19.5","1.3","13","94.6","2117","-17.3","-24.8","5.8","18.4","1.2","8.4","87.5","2425","2.5","-31.7","3.8","5.3","1.5",,,,,,,,,,,,,,,,,,,,,,,,,,,,,,,,,,,,,,,,,,,,,,,,,"57.9","94.2","2301","-11.8","-21.3","9.7","16.3","3.3","36.8","80.7","3051","16.5","-52.5","-10","19.5","1.3","5.3","86.4","2100","-18","-33.8","3","18.4"
"Scherzer, Max",453286,2021,36,"30","179.1",693,644,119,73,21,34.1,5.2,".192",".354",".248",".262",".245",".163",".341",".364",".291",".302","-0.007","-0.023","-0.014",33.6,8,34.3,"76.620696404","93.694755975",71,25.7,29.9,54.9,45.1,230,419,49.6,1399,78.2,8.1,421,1594,806,2821,74.3,259,1009,50.4,1422,42.8,1207,34.2,50.6,36,36.7,27.3,411,64.1,35,144,32.4,133,22.6,93,10,41,"R","2821",29,"46.7","94.3","2436","-10.6","-14.8","16","19.3","1.4","18.8","85.8","2269","2.9","-32.5","4.6","5.8","1.4","14.9","85","1446","-15.2","-33.9","4","15.9","1.3","9.8","76.9","2661","13.4","-54.4","-7.9","15.8","1.5",,,,,,,,,"9.8","90","2466","-0.7","-24.9","8.7","9.2","1.5",,,,,,,,,,,,,,,,,,,,,,,,,,,,,,,,,,,,,,,,,,,,,,,,,"56.5","93.5","2441","-8.9","-16.6","14.8","17.6","2.3","28.6","82.8","2403","6.5","-40","0.3","9.2","4.9","14.9","85","1446","-15.2","-33.9","4","15.9"
"Miley, Wade",489119,2021,34,"28","163.0",690,627,166,112,35,18.1,7.2,".249",".401",".317",".312",".308",".153",".355",".349",".329",".311",".016",".007",".005",31.8,6.1,34.2,"73.012654016","93.173406821",70.4,18.5,30.7,32.8,67.2,151,460,57.8,1497,81.1,4.1,702,1658,232,2592,81.5,143,771,42.2,1095,46.6,1208,23.9,47.5,40.6,36.5,22.9,512,57.8,50.8,260,18.9,97,26,133,4.3,22,"L","2592",54.1,"16","89.9","2241","2.8","-17.1","16.7","17","1.4","5.3","79.2","2311","-11.6","-40","3.8","12.8","1.8","27.1","81.9","1808","14.8","-33.9","6.8","16.4","1.4","3.6","74.9","2339","-9.1","-56.5","-7.7","14.3","2.2","1.2","88.7","2025","13.7","-22.5","12.3","18.7","1.6","46.8","85.4","2275","-3.9","-30.3","7","8.3","1.6",,,,,,,,,,,,,,,,,,,,,,,,,,,,,,,,,,,,,,,,,,,,,,,,,"64","86.6","2262","-1.9","-26.9","9.5","10.7","2.7","9","77.5","2322","-10.6","-46.7","-0.8","13.4","3","27.1","81.9","1808","14.8","-33.9","6.8","16.4"
"Gibson, Kyle",502043,2021,33,"31","182.0",754,675,158,107,32,20.6,8.5,".237",".369",".293",".302",".310",".132",".326",".339",".301",".308","-0.003","-0.006","-0.009",30.6,4.9,39.1,"78.008978053","93.968936756",68.4,14.1,28.5,43.5,56.5,211,485,59.1,1702,77.6,5,385,1774,722,2881,86,114,807,40.9,1179,44.2,1273,25.2,44.8,39.5,41.9,18.6,527,59.4,52.4,276,18.4,97,23.7,125,5.5,29,"R","2881",44.1,"12.6","92.8","2292","-5.6","-15.5","16.4","17.4","1.2","14.6","83.5","2516","5.7","-40.2","-0.9","6.2","1.3","13.4","84.8","1641","-14.5","-33.9","4.1","15.2","1.3","8.9","79.4","2434","7.1","-51.7","-8.3","11.1","1.3","34.1","92.3","2136","-14.9","-24.5","7.7","16.9","1.2","15","89.5","2366","1.7","-26","8.1","8.6","1.3",,,,,,,,,,,,,,,,,"1.6","83.1","2499","6.4","-41.8","-2","7.3","1.6",,,,,,,,,,,,,,,,,,,,,,,,,"61.6","91.7","2224","-9","-23","9.6","15","1.9","25.1","82","2486","6.2","-44.3","-3.6","8","2.5","13.4","84.8","1641","-14.5","-33.9","4.1","15.2"
"Darvish, Yu",506433,2021,34,"30","166.1",681,623,138,70,35,29.2,6.5,".203",".374",".301",".280",".265",".171",".394",".361",".322",".298",".019",".055",".021",35.1,8.9,34.9,"78.08731436","93.203429953",66.6,19.5,26.2,49.7,50.3,170,342,47.1,1305,75.3,8.9,135,911,1723,2769,80.5,190,975,52.9,1464,43.9,1216,27.3,47.6,39.8,36.7,23.5,430,60.6,37.9,163,30.5,131,22.8,98,8.8,38,"R","2769",46.5,"22.1","94.5","2513","-6.3","-11.8","19","20.1","1.4","31","86.2","2792","5.2","-35.6","1.1","5.9","2.1",,,,,,,,,"8.5","75.3","2714","9.3","-63.1","-13.8","17","4.5","8.3","94","2402","-13.5","-18.3","13","19.4","3.6","2.5","91.3","2664","1.5","-19.8","12.9","13.2","1.3","4.9","88.8","1455","-7.5","-27.9","6.8","11","2.6",,,,,,,,,"22.8","81.6","2759","16.3","-43.1","-1.8","16.6","2",,,,,,,,,,,,,,,,,,,,,,,,,"32.9","94.1","2497","-7.5","-14","17","19.4","2.5","62.2","83","2769","9.8","-42.1","-2","11.3","5","4.9","88.8","1455","-7.5","-27.9","6.8","11"
"Anderson, Tyler",542881,2021,31,"31","167.0",703,648,170,107,30,19.1,5.4,".254",".428",".319",".315",".296",".174",".374",".369",".326",".320",".008",".024",".004",35.7,8.5,33,"75.112696758","93.471536654",73,19.5,33.5,31.7,68.3,132,416,47.7,1241,81.2,7.1,641,1920,41,2602,80.5,194,993,52.3,1361,44.9,1168,23.1,54.2,40.2,37.7,22.1,530,68.7,37.7,200,28.5,151,25.3,134,8.5,45,"L","2602",43.2,"37.3","90.6","2291","9.1","-15.2","18.2","20.5","1.6","0.9","80","2458","-3.2","-38.5","4","5.7","1.3","24.6","80.9","1835","12.9","-28.2","13.6","19","1.5","0.7","73.7","2426","-5.9","-56.1","-5.5","9.6","2","10.3","88.9","2260","18.3","-27.8","7","20.2","1.3","26.2","85.2","2489","-2.1","-27.5","10","10.4","1.9",,,,,,,,,,,,,,,,,,,,,,,,,,,,,,,,,,,,,,,,,,,,,,,,,"73.8","88.4","2357","6.4","-21.3","13.7","16.9","3.2","1.6","77.4","2445","-4.3","-45.8","0.1","7.3","2.9","24.6","80.9","1835","12.9","-28.2","13.6","19"
"Cole, Gerrit",543037,2021,30,"30","181.1",726,677,151,99,27,33.5,5.6,".204",".369",".276",".271",".252",".164",".387",".380",".343",".318",".019",".003",".005",33,9.8,38.6,"77.565526758","94.105607466",66.8,24.7,32.1,45.9,54.1,225,490,51.5,1528,77.1,8.4,421,1424,1124,2969,75.3,238,962,48.5,1441,42.4,1260,31.9,48.9,31.4,42.5,26.1,440,66.8,42.7,188,28.2,124,22.5,99,6.6,29,"R","2969",40.6,"47.2","97.7","2452","-12","-10.9","18","21.7","1.4","22.2","88.4","2600","5.3","-34.4","0.5","6","1.5","14.2","89.8","1719","-15.8","-24","10","18.9","1.5","15.7","83.4","2800","10.5","-51.6","-12","16.1","1.7","0.8","97.6","2373","-16.9","-14.5","14.3","22.2","1.5",,,,,,,,,,,,,,,,,,,,,,,,,,,,,,,,,,,,,,,,,,,,,,,,,,,,,,,,,"48","97.7","2451","-12.1","-11","17.9","21.7","1.4","37.9","86.3","2683","7.5","-41.5","-4.7","10.2","3.2","14.2","89.8","1719","-15.8","-24","10","18.9"
"DeSclafani, Anthony",543101,2021,31,"31","167.2",676,626,141,98,22,22.5,6.2,".237",".416",".276",".305",".288",".178",".326",".368",".297",".314","-0.012","-0.058","-0.029",32.7,8.1,38.8,"77.778434661","94.264522633",68.6,16.2,27.7,45.6,54.7,156,342,48.2,1233,77,8.5,268,1168,1122,2558,83.8,147,909,51.8,1325,41.8,1068,24.2,48.9,33.8,39.8,26.5,480,67,45,216,25.8,124,22.5,108,6.7,32,"R","2558",40.7,"27.1","94.1","2265","-9.6","-14.6","16.3","19","1.3","35.7","88","2198","4.1","-30.5","4.6","6.8","1.8","10.5","88.2","1582","-15.7","-30.1","4.9","16.6","1.3","8.2","83","1966","6.3","-45.9","-6.1","9.1","1.7","18.6","94","2090","-15.6","-19.7","11.2","19.2","1.2",,,,,,,,,,,,,,,,,,,,,,,,,,,,,,,,,,,,,,,,,,,,,,,,,,,,,,,,,"45.7","94","2194","-12","-16.7","14.2","19.1","1.2","43.9","87","2154","4.5","-33.3","2.6","7.2","2.8","10.5","88.2","1582","-15.7","-30.1","4.9","16.6"
"Eovaldi, Nathan",543135,2021,31,"32","182.1",764,719,182,109,54,25.5,4.6,".235",".372",".298",".285",".278",".137",".379",".359",".346",".323",".018",".030",".013",37,6.3,36.4,"76.964025856","93.6398384",69,18.2,30.4,47.4,52.6,190,401,45.1,1319,75.7,8.2,370,1606,951,2927,81.8,202,1110,54.9,1608,44,1287,25.9,51.6,31.5,38,30.6,527,65.3,42.7,225,23.1,122,25.6,135,8.5,45,"R","2927",36.8,"42.3","96.8","2113","-12.2","-14.9","14.4","18.9","1.4","13.7","85.8","2156","6","-35.1","2","6.8","1.7",,,,,,,,,"18.8","78.5","2086","9.9","-55","-10.5","14.6","1.6",,,,,,,,,"12.6","92.5","2275","0.5","-20.3","11.6","11.8","1.6","12.6","87.9","1538","-11.1","-33.6","1.6","11.4","1.8",,,,,,,,,,,,,,,,,,,,,,,,,,,,,,,,,,,,,,,,,"54.9","95.8","2150","-9.3","-16.1","13.7","17.3","2.5","32.5","81.6","2116","8.3","-46.6","-5.2","11.3","4.3","12.6","87.9","1538","-11.1","-33.6","1.6","11.4"
"Hendricks, Kyle",543294,2021,31,"32","181.0",785,719,200,121,43,16.7,5.6,".270",".458",".345",".338",".323",".188",".389",".380",".338",".330",".008",".023",".007",37.4,8.4,33,"74.205278373","93.217965246",65.9,15.3,32.5,29.2,70.8,138,472,51.7,1453,79.8,6.7,778,1702,329,2809,84.7,137,894,48.3,1356,48,1348,20.1,48.6,37,37.2,25.8,597,67.8,44.6,266,22.3,133,25.3,151,7.9,47,"R","2809",46.4,"18","87.3","1941","-6.9","-20.5","15.4","17","1.7",,,,,,,,,"27.7","80","2008","-13.2","-32","10.6","17.4","1.1","11.7","73.2","2844","14.9","-63.4","-11.7","19.1","1.2","42.6","87.3","1828","-13.7","-26.5","9.2","16.7","1.2",,,,,,,,,,,,,,,,,,,,,,,,,,,,,,,,,,,,,,,,,,,,,,,,,,,,,,,,,"60.6","87.3","1862","-11.7","-24.7","11","16.8","1.4","11.7","73.2","2844","14.9","-63.4","-11.7","19.1","1.2","27.7","80","2008","-13.2","-32","10.6","17.4"
"Lyles, Jordan",543475,2021,30,"32","180.0",769,697,194,119,34,19,7.3,".270",".485",".354",".350",".329",".216",".408",".403",".348",".339",".008",".014",".004",35.5,9.1,41.6,"79.618644051","94.390029088",70.4,15.1,27.8,43.2,56.8,185,428,52,1542,77.5,7.2,214,1519,1231,2964,84.9,151,1001,48,1422,42.1,1248,23.5,48.2,42,35.9,22.1,560,59.4,38.8,217,29.5,165,25,140,6.8,38,"R","2964",45.1,"39.3","93","2278","-7","-13.6","18.1","19.5","1.1","9.2","84.9","2705","5.9","-37.6","0.1","6.5","1.3","7.2","86.4","1596","-13.7","-27.4","9.2","16.9","1.7","18.2","80.3","2619","6.9","-57.4","-14.6","16.3","1.4","9.1","91.6","2196","-13.3","-20.2","12.3","18.3","1.3","2.8","86.3","2541","5.6","-35","1.4","6.3","1.4",,,,,,,,,,,,,,,,,"14.2","82.3","2638","12.9","-40.1","0.3","13.4","1.5",,,,,,,,,,,,,,,,,,,,,,,,,"51.2","92.4","2277","-7.4","-15.9","16.1","18.5","2.1","41.5","82","2644","8.7","-47.1","-6.3","13.1","2.4","7.2","86.4","1596","-13.7","-27.4","9.2","16.9"
"Ryu, Hyun Jin",547943,2021,34,"31","169.0",701,658,170,105,38,20.4,5.3,".259",".442",".313",".322",".301",".183",".371",".383",".328",".332","-0.001","-0.007","-0.009",33.7,8.5,41.6,"78.898751797","94.364837227",64.7,16.4,30.5,35.7,64.3,148,414,50.4,1356,76.6,5.7,680,1668,341,2689,83.6,141,862,49.6,1333,46.7,1256,22.6,47.5,36.8,39.7,23.5,519,63.9,47.2,245,22.9,119,24.3,126,5.6,29,"L","2689",40.4,"35.2","89.8","1947","11.6","-21.2","12.8","17.7","2.3","0.4","79.6","2104","-3.9","-43.9","-0.9","4.5","1.5","25.3","79.9","1511","14","-36.2","6.8","15.9","2.2","12.3","73.8","2511","-11.7","-64.3","-13.6","18","2.2","1.4","89.8","1932","18.8","-24.4","10","21.5","2.1","25.4","86.3","1996","0.4","-28.3","8.3","8.9","1.9",,,,,,,,,,,,,,,,,,,,,,,,,,,,,,,,,,,,,,,,,,,,,,,,,"62","88.3","1967","7.2","-24.2","10.9","14.2","2.9","12.7","74","2499","-11.5","-63.7","-13.2","17.6","2.4","25.3","79.9","1511","14","-36.2","6.8","15.9"
"Wheeler, Zack",554430,2021,31,"32","213.1",849,785,169,121,29,29.1,5.4,".213",".319",".257",".259",".263",".106",".331",".334",".312",".309",".002",".002","-0.002",31.2,4.6,28.5,"71.902242948","92.688965373",72.2,20.4,30.4,42.7,57.3,203,475,48.7,1560,81.3,8,117,2746,342,3205,79.7,242,1188,51.3,1645,44.4,1424,26.8,51.9,35.8,35.8,28.5,548,66.8,50.9,279,16.2,89,24.3,133,8.6,47,"R","3205",37.6,"42.4","97.2","2388","-7.6","-13.1","15.9","17.8","1.1",,,,,,,,,"3.6","90.5","1570","-13.9","-23.6","10","17.2","1.6","10.7","81.5","2638","9.8","-52.9","-11.6","15.3","1.3","18.3","96.7","2199","-15.7","-17.9","11.4","19.5","1.2","25","91.5","2391","2.3","-26.6","5.9","7","1.7","0","90.6","1611","-14.7","-21.2","12.2","19.1",,,,,,,,,,,,,,,,,,,,,,,,,,,,,,,,,,,,,,,,,,"85.7","95.4","2349","-6.5","-18.1","12","15","3.1","10.7","81.5","2638","9.8","-52.9","-11.6","15.3","1.3","3.7","90.5","1571","-13.9","-23.6","10","17.2"
"Corbin, Patrick",571578,2021,31,"31","171.2",751,672,192,119,32,19,8,".277",".496",".362",".358",".338",".220",".421",".415",".360",".350",".009",".014",".004",32.9,9.2,41.2,"78.148020906","94.634299585",67.1,12.4,32.1,46.5,53.7,225,484,54.9,1510,76.4,6.6,116,1550,1084,2750,87.6,103,832,45.1,1240,43,1182,24.9,47.9,34.9,36.9,28.1,544,66,48.3,263,23.9,130,24.1,131,3.7,20,"L","2750",47,"27.6","92.2","2149","8.1","-17.1","15.1","17.3","1.7","38.4","80.7","2216","-3.5","-41.5","0.4","4.2","2.8","4.2","81.5","1619","10.4","-28.3","12.9","16.9","2.9","1","65.2","1782","-3.7","-65.7","-1.1","4.7","2.4","28.7","92.6","2096","13.9","-19.4","12.6","18.9","1.8",,,,,,,,,,,,,,,,,,,,,,,,,,,,,,,,,,,,,,,,,,,,,,,,,,,,,,,,,"56.4","92.4","2122","11.1","-18.2","13.8","18.1","1.7","39.4","80.4","2205","-3.5","-42.1","0.4","4.2","3.9","4.2","81.5","1619","10.4","-28.3","12.9","16.9"
"Keuchel, Dallas",572971,2021,33,"32","162.0",720,652,189,125,34,13.2,8.2,".297",".499",".356",".373",".361",".202",".377",".399",".339",".347","-0.007","-0.027","-0.017",34.4,9,39.8,"76.12819018","94.346269387",66.2,13.1,28.2,34.7,65.3,154,444,57.9,1577,75.4,4.2,779,1755,192,2726,86.9,100,761,42.1,1149,43.8,1195,21.1,44.2,42.1,39.6,18.3,558,59.4,54.8,306,18.8,105,22.4,125,3.9,22,"L","2726",46.8,"2.1","89","2210","5.2","-19.7","14.5","15.6","1.2","7","77.8","2374","-6.8","-44.5","0.5","7.6","2","28.6","79.6","1630","14.7","-37.9","5.2","15.8","1.3",,,,,,,,,"37.9","87.8","1985","14.7","-30.1","5.2","15.7","1.1","24.4","85.1","2213","-1.7","-29.6","7.9","8.5","1.2",,,,,,,,,,,,,,,,,,,,,,,,,,,,,,,,,,,,,,,,,,,,,,,,,"64.4","86.8","2078","8.1","-29.6","6.6","13","1.9","7","77.8","2374","-6.8","-44.5","0.5","7.6","2","28.6","79.6","1630","14.7","-37.9","5.2","15.8"
"Stroman, Marcus",573186,2021,30,"33","179.0",729,665,161,118,23,21.7,5.9,".258",".420",".284",".318",".309",".162",".332",".381",".313",".337","-0.016","-0.058","-0.034",33.6,6.6,42,"77.468444661","94.596511195",66.4,16.3,31.6,48,52,213,444,51.3,1406,79.8,6.9,441,1646,654,2741,83.7,144,886,48.7,1335,42.2,1156,26.8,48.5,37.2,37.4,25.3,521,62.1,52.6,274,20,104,24.6,128,2.9,15,"R","2741",38.9,"2.6","92.6","2438","-4.3","-18.6","13.2","14.2","1.3","1.6","87.2","2643","4.1","-38.7","-2.9","5.3","1.6",,,,,,,,,"0.4","74.9","2514","16.5","-51","-2","17","1.7","42","91.9","2284","-9.8","-27.9","4.2","11","1","15.4","89.9","2585","1.9","-28.2","5.3","6.3","1.8","16.1","86.1","1634","-12.1","-35.2","1.6","12.7","2.3",,,,,,,,,,,,,,,,,"21.9","84.9","2679","11.8","-36.2","1.6","12.3","2",,,,,,,,,,,,,,,,,"60.1","91.4","2367","-6.6","-27.6","4.9","10","1.7","23.9","84.9","2674","11.4","-36.6","1.3","11.9","2.5","16.1","86.1","1634","-12.1","-35.2","1.6","12.7"
"Gausman, Kevin",592332,2021,30,"33","192.0",775,715,150,97,29,29.3,6.5,".228",".388",".265",".291",".281",".160",".341",".383",".305",".333","-0.018","-0.043","-0.026",30.6,7.1,40.9,"77.914911777","94.447687867",71.3,22.4,32.9,51.3,48.7,250,487,49.3,1481,82.2,8.8,1233,1583,186,3002,77.6,243,1085,50.7,1521,43.6,1308,31.4,52.4,34.6,35.6,29.8,494,63.6,42.7,211,28.1,139,23.3,115,5.9,29,"R","3002",41.3,"52.6","94.6","2283","-10.4","-14.2","16.4","19.5","1.7","6.2","82","2197","1.9","-39.2","1.5","3.5","1.9","5.6","83.8","1641","-11.2","-27.2","11.7","16.5","1.8",,,,,,,,,"0.2","94.7","2206","-13.4","-16.7","13.9","19.3","1.4",,,,,,,,,"35.5","83.6","1527","-12.4","-37","2.2","13","1.7",,,,,,,,,,,,,,,,,,,,,,,,,,,,,,,,,,,,,,,,,"52.7","94.6","2283","-10.4","-14.2","16.4","19.5","1.7","6.2","82","2197","1.9","-39.2","1.5","3.5","1.9","41.1","83.6","1542","-12.3","-35.7","3.5","13.5"
"Ray, Robbie",592662,2021,29,"32","193.1",773,714,150,83,31,32.1,6.7,".215",".401",".287",".293",".272",".186",".390",".400",".321",".330","-0.005",".000","-0.006",34.3,9.9,43.1,"79.567923906","94.918518906",73,22.6,30.3,56.4,43.6,264,468,49.3,1547,84.1,8.8,113,1869,1159,3141,77.4,263,1164,50.7,1594,41.3,1296,32.3,52,38.4,36.5,25.2,469,61.6,37.3,175,29.4,138,23.7,111,9.6,45,"L","3141",46.4,"59.2","94.8","2272","8.2","-13.5","17.1","19.1","1.4","30.8","88.6","2186","-1","-27.6","7.2","7.6","1.6","3.6","88.2","1726","10.2","-21.8","13.4","17.1","1.7","6.1","82.5","2125","-1.3","-40.2","-0.1","2.5","1.9","0.3","95.1","2293","13","-15.8","14.6","19.6","1.5",,,,,,,,,,,,,,,,,,,,,,,,,,,,,,,,,,,,,,,,,,,,,,,,,,,,,,,,,"59.5","94.8","2272","8.2","-13.5","17.1","19.1","1.4","36.9","87.6","2176","-1","-29.7","6","6.7","3","3.6","88.2","1726","10.2","-21.8","13.4","17.1"
"Montas, Frankie",593423,2021,28,"32","187.0",778,707,164,108,33,26.6,7.3,".231",".404",".290",".305",".295",".174",".359",".382",".325",".326",".001","-0.032","-0.015",34.4,8.7,42.3,"77.996835422","94.578879859",70.2,20.8,32.6,46.7,53.3,241,516,52.3,1585,80.4,7.2,673,1983,372,3028,79.2,211,1013,47.7,1443,43.6,1320,29.6,50.5,36.8,36.6,26.7,506,65.2,43.5,220,25.3,128,26.1,132,5.1,26,"R","3028",51.5,"30.2","96.4","2395","-7.3","-12.1","17.3","19","1.1","12.3","88","2477","5.6","-30.8","4.4","7.8","1.4",,,,,,,,,,,,,,,,,"28.1","96.1","2305","-14.9","-15.5","14.1","20.6","1.3","7.2","90.5","2443","4.1","-26.6","6.6","8.5","1.4","22.2","87.5","1595","-11.5","-31.7","3.8","12.3","1.2",,,,,,,,,,,,,,,,,,,,,,,,,,,,,,,,,,,,,,,,,"65.5","95.7","2362","-9.3","-15.1","14.8","18.5","2.4","12.3","88","2477","5.6","-30.8","4.4","7.8","1.4","22.2","87.5","1595","-11.5","-31.7","3.8","12.3"
"Musgrove, Joe",605397,2021,28,"32","181.1",748,667,142,89,27,27.1,7.2,".233",".392",".284",".305",".305",".159",".345",".380",".302",".331","-0.020","-0.028","-0.021",33.8,7.2,38.5,"76.746073648","93.540208734",63.4,18.4,31,52.8,47.4,245,464,51,1497,65,7.6,142,1282,1514,2938,81.8,168,913,49,1441,41.2,1209,30,46.9,39.1,38.3,22.6,473,60.8,45,213,26.8,127,22,104,6.1,29,"R","2938",36.2,"20.4","93.3","2600","-5","-18.6","12.8","14","1.2","27.8","84.1","2784","14","-40.5","-1.6","14.3","1.2","4.8","87.1","2069","-9.2","-31.5","4.5","10.8","1.5","23.8","82.1","2808","11","-54.7","-13.7","17.7","1.2","5.1","93.2","2471","-10.5","-24.8","6.5","12.8","1.2","18.2","90.6","2633","1.7","-24.9","8.3","8.7","1.4",,,,,,,,,,,,,,,,,,,,,,,,,,,,,,,,,,,,,,,,,,,,,,,,,"43.6","92.2","2599","-2.8","-21.9","10.2","11.6","2","51.5","83.1","2795","12.6","-47","-7.2","15.9","1.7","4.8","87.1","2069","-9.2","-31.5","4.5","10.8"
"Nola, Aaron",605400,2021,28,"32","180.2",749,696,165,105,29,29.8,5.2,".220",".383",".297",".285",".270",".163",".396",".377",".347",".323",".017",".022",".012",33.3,7.1,37.4,"78.080159789","94.04703055",66.6,20,30.9,45.9,54.1,205,447,48.7,1448,73.1,7.5,589,1581,801,2971,80,203,1014,51.3,1523,45.2,1342,27.9,49.2,42.1,35.8,22.2,478,66.6,41.6,199,27,129,24.1,115,7.3,35,"R","2971",23.1,"37.5","92.9","2198","-13.3","-17.6","14.2","19.5","1.4",,,,,,,,,"19.8","85.2","1511","-15","-35.6","2.2","15.5","1.3","27","78.5","2529","14.6","-55.1","-10.3","17.9","1.3","14.1","92","2137","-17.5","-23.5","8.8","19.7","1.5","1.5","86.7","2179","1","-28.7","7.5","7.8","1.5",,,,,,,,,,,,,,,,,,,,,,,,,,,,,,,,,,,,,,,,,,,,,,,,,"53.2","92.5","2181","-14","-19.5","12.6","19.2","1.9","27","78.5","2529","14.6","-55.1","-10.3","17.9","1.3","19.8","85.2","1511","-15","-35.6","2.2","15.5"
"Woodruff, Brandon",605540,2021,28,"30","179.1",708,650,130,93,16,29.8,6.1,".223",".355",".252",".280",".278",".132",".322",".366",".293",".329","-0.023","-0.038","-0.028",36,5.8,32.7,"73.412163318","93.487917153",68.5,23.1,32.2,40,60,173,433,47.9,1346,78.8,8.5,397,1698,715,2810,76.9,232,1003,52.1,1464,43.6,1224,28.2,51.1,31.8,41.8,26.4,447,66,43.4,194,22.6,101,27.5,123,6.5,29,"R","2810",42.7,"33.5","96.5","2356","-6.3","-12.7","16.7","17.9","1.2","8.4","86.5","2551","3.8","-39.1","-2.7","5.4","1.4","14.1","86.5","1906","-14.7","-29.7","6.8","16.4","1.4","17.1","83.8","2641","4.5","-51","-12","13.1","1.8","26.9","96.3","2288","-13.9","-16.8","12.8","19","1.2",,,,,,,,,,,,,,,,,,,,,,,,,,,,,,,,,,,,,,,,,,,,,,,,,,,,,,,,,"60.4","96.4","2326","-9.7","-14.5","14.9","18.4","1.2","25.4","84.7","2611","4.3","-47.1","-9","10.5","2.2","14.1","86.5","1906","-14.7","-29.7","6.8","16.4"
"Fried, Max",608331,2021,27,"28","165.2",667,612,139,94,28,23.7,6.1,".230",".363",".278",".287",".285",".134",".330",".344",".304",".309","-0.003","-0.010","-0.009",31.2,6.3,34.3,"74.686843214","93.192413445",68.9,16.2,27.2,48.8,51.2,162,332,47.7,1221,77.1,8,55,1270,1233,2558,83.8,149,921,52.3,1337,43.8,1121,24.8,49,37.5,37.7,24.7,461,64.6,53.8,248,20.6,95,20.6,95,5,23,"L","2558",54.4,"38.2","94","2115","1.4","-18.1","12.7","13","1.8","21.5","85","2470","-8.4","-37.2","0.7","9.6","2.9","2.2","84.7","1411","11.8","-32.5","5.5","13.6","1.8","25.6","74.4","2650","-8.3","-65.3","-15.4","17.6","2.2","11.4","93.5","1997","10.5","-20.8","10.5","15.1","1.8","0.1","87.7","2373","-9","-36.2","-0.3","9.1","1.4",,,,,,,,,,,,,,,,,"1.1","83","2487","-13.7","-39.7","0.1","14.2","1.6",,,,,,,,,,,,,,,,,,,,,,,,,"49.6","93.9","2088","3.5","-18.7","12.2","13.5","1.8","48.2","79.4","2566","-8.4","-52.2","-7.9","14","6.4","2.2","84.7","1411","11.8","-32.5","5.5","13.6"
"Giolito, Lucas",608337,2021,26,"31","178.2",719,662,145,87,27,28,7.1,".217",".369",".288",".281",".275",".151",".367",".357",".313",".311",".002",".025",".007",37.4,6.7,34.2,"76.832555895","93.323217926",71.8,24,28.8,53,47,224,423,49.5,1470,77,8.6,944,1303,723,2970,76,259,1077,50.5,1500,41.6,1237,32.2,50.5,42.2,34,23.9,465,59.9,34.2,159,26.9,125,27.7,129,11.2,52,"R","2970",56.5,"43.9","93.8","2345","-6.7","-12","19.1","20.3","1.3","21.6","85.6","2030","2.7","-32.6","4.6","6.1","1.5","31.8","81.5","1492","-10.2","-28.2","12.9","16.7","1.2","2.7","80.6","2390","6.6","-52.6","-10.4","12.6","1.6",,,,,,,,,,,,,,,,,,,,,,,,,,,,,,,,,,,,,,,,,,,,,,,,,,,,,,,,,,,,,,,,,"43.9","93.8","2345","-6.7","-12","19.1","20.3","1.3","24.3","85","2069","3.1","-34.8","2.9","6.8","2.3","31.8","81.5","1492","-10.2","-28.2","12.9","16.7"
"Irvin, Cole",608344,2021,27,"32","178.1",768,710,195,136,35,16.3,5.5,".277",".451",".323",".338",".326",".174",".359",".379",".332",".337","-0.002","-0.027","-0.015",35.9,7.3,39.3,"78.890512423","94.048238838",71.9,15.7,29.9,29.7,70.3,113,380,47.4,1271,83.4,8.5,588,1607,487,2682,84.3,159,1015,52.6,1411,46,1233,19.5,52,32.3,39.1,28.6,591,65.2,38.6,228,26.2,155,27.7,164,7.4,44,"L","2682",47.1,"41.1","90.8","1957","8.3","-16.7","16.5","18.6","1.7","15","83","2009","-2.5","-38.1","1.6","3.9","1.6","21.9","84.2","1584","12.8","-29.5","9","15.9","1.3","3.1","76.7","2057","-4","-52.4","-5.9","7.6","1.7","18.7","90.5","1886","14.3","-20.9","12.5","19.1","1.6","0.1","90.7","1799","1.3","-15.9","17.7","17.7","1.6",,,,,,,,,,,,,,,,,,,,,,,,,,,,,,,,,,,,,,,,,,,,,,,,,"59.9","90.7","1934","10.1","-18","15.3","18.8","1.7","18.2","81.9","2017","-2.8","-40.5","0.3","4.6","3","21.9","84.2","1584","12.8","-29.5","9","15.9"
"Márquez, Germán",608566,2021,26,"32","180.0",756,682,165,108,35,23.3,8.5,".247",".393",".303",".310",".316",".147",".360",".371",".326",".334","-0.005","-0.004","-0.007",32.5,5.3,39.3,"78.131276787","94.098144266",69.2,16.5,25.7,56.8,43.2,200,352,49.2,1371,75.5,8.5,58,1474,1256,2788,83.5,162,980,50.8,1417,40.9,1140,27.2,47.8,37.8,40.9,21.3,511,57.8,52.8,270,20.5,105,23.7,121,2.9,15,"R","2788",40.2,"45.5","94.8","2078","-6","-18.6","11.5","13.2","1.5","26.5","86.3","2421","1.5","-34.9","1.5","3.3","1.8","2.1","86.1","1670","-10.8","-29.1","7.5","13.7","1.8","18.5","85.2","2676","4","-40.3","-2.9","5.7","2","7.4","94","2057","-12.5","-21.6","9.1","15.7","1.5",,,,,,,,,,,,,,,,,,,,,,,,,,,,,,,,,,,,,,,,,,,,,,,,,,,,,,,,,"52.9","94.7","2075","-6.9","-19","11.2","13.6","1.5","45.1","85.8","2526","2.5","-37.1","-0.3","4.3","2","2.1","86.1","1670","-10.8","-29.1","7.5","13.7"
"Buehler, Walker",621111,2021,26,"33","207.2",815,747,149,92,36,26,6.4,".213",".347",".255",".271",".270",".134",".310",".335",".277",".297","-0.014","-0.018","-0.016",29.2,6.8,37.1,"76.924388075","93.913201664",67.2,17.6,30.3,47,53,219,466,48.9,1540,78.2,7.6,151,2147,854,3152,82.5,191,1084,51.1,1612,43.9,1385,26.5,49.2,35.4,40.6,24,545,65.4,46.2,252,25.1,137,21.8,119,6.8,37,"R","3152",50.7,"44.7","95.3","2472","-3","-12","18","18.4","1.2","0","80.9","2787","10.9","-56.7","-14.5","18.2",,"4.8","91.5","1522","-13","-27.1","5.4","14.4","1.5","13.2","80.1","2861","10.7","-57.7","-14.8","18.4","1.4","7.4","95.3","2341","-13.3","-16.6","13.5","19.1","1.2","16","91.6","2615","6","-24","8.2","10.7","1.5",,,,,,,,,,,,,,,,,"13.9","84.9","2801","14.2","-37","0.9","14.6","1.5",,,,,,,,,,,,,,,,,,,,,,,,,"68.1","94.5","2492","-2","-15.3","15.2","16.6","2.2","27.1","82.6","2830","12.5","-47.1","-6.8","16.4","3","4.8","91.5","1522","-13","-27.1","5.4","14.4"
"McCullers Jr., Lance",621121,2021,27,"28","162.1",684,596,122,80,26,27,11.1,".205",".314",".283",".284",".305",".109",".324",".325",".296",".297",".000",".010","-0.001",25.9,5.3,40.7,"79.44787034","94.33949129",59.4,16.6,26,57.2,42.8,222,388,53.4,1490,69.2,7.6,383,988,1417,2788,83.4,128,771,46.6,1298,38.6,1077,30.2,41.6,35.1,37,27.8,413,55.6,56.9,235,19.9,82,19.9,82,3.4,14,"R","2788",31.4,,,,,,,,,,,,,,,,,"13.7","85.8","1682","-17.2","-37.6","-0.3","17.5","1.5","25","84.2","2923","11.9","-49.2","-10.4","16","1.6","34","93.9","2114","-13.7","-24.9","6.1","15.2","1.7","1.4","89.9","2511","2.2","-27.9","5.8","7.5","1.4",,,,,,,,,,,,,,,,,"25.9","86","2797","13.7","-32.5","4.6","14.8","1.4",,,,,,,,,,,,,,,,,,,,,,,,,"35.4","93.8","2130","-13","-25.1","6.1","14.9","1.9","50.8","85.1","2859","12.8","-40.7","-2.8","15.4","1.8","13.7","85.8","1682","-17.2","-37.6","-0.3","17.5"
"Berríos, José",621244,2021,27,"32","192.0",781,714,159,94,40,26.1,5.8,".238",".411",".286",".311",".298",".173",".352",".390",".309",".335","-0.015","-0.031","-0.025",36.6,9.1,38.3,"76.730793307","94.151290078",63.8,16.5,31.1,37.6,62.4,183,487,51.5,1567,67.5,8,402,1712,929,3043,83.5,155,942,48.5,1476,42.2,1285,23.7,47,40.2,35.4,24.4,517,64.5,43.7,226,23.4,121,26.9,139,6,31,"R","3043",38.2,"26.1","94.1","2231","-9.9","-16.5","14.5","17.6","1.2",,,,,,,,,"13.2","84.8","1521","-13.9","-33.6","4.5","14.9","1.9",,,,,,,,,"30.1","93.8","2137","-16.1","-19.8","11.4","19.8","1.2",,,,,,,,,,,,,,,,,,,,,,,,,,,,,,,,,"30.5","82.9","2338","15","-43.6","-3.5","15.6","1.6",,,,,,,,,,,,,,,,,"56.3","93.9","2180","-13.2","-18.3","12.8","18.8","1.2","30.5","82.9","2338","15","-43.6","-3.5","15.6","1.6","13.2","84.8","1521","-13.9","-33.6","4.5","14.9"
"Castillo, Luis",622491,2021,28,"33","187.2",803,711,181,121,34,23.9,9.3,".229",".346",".318",".293",".309",".118",".379",".341",".347",".313",".026",".056",".025",28.7,4.6,36.9,"76.302691128","93.565481809",70.9,21.6,30.8,43.2,57,227,526,54,1708,76.9,6.7,964,1650,550,3164,78.4,223,1033,46,1456,44.8,1419,28.9,49.3,33.6,41.8,24.6,529,59.6,57.8,306,17,90,21.6,114,3.6,19,"R","3164",18.1,"28.5","97.1","2325","-11.3","-16.2","12.7","17.2","1.3","17.4","86.4","2441","0.5","-36.8","-0.3","2.7","1.8","30.5","88.3","1971","-16.8","-34.1","0.9","16.9","1.6",,,,,,,,,"23.6","97.3","2142","-17.6","-24.5","4.4","18.2","1.4",,,,,,,,,,,,,,,,,,,,,,,,,,,,,,,,,,,,,,,,,,,,,,,,,,,,,,,,,"52.1","97.2","2242","-14.2","-20","9","17.7","1.4","17.4","86.4","2441","0.5","-36.8","-0.3","2.7","1.8","30.5","88.3","1971","-16.8","-34.1","0.9","16.9"
"Flexen, Chris",623167,2021,26,"31","179.2",741,690,185,127,34,16.9,5.4,".258",".433",".311",".319",".301",".175",".349",".360",".323",".314",".010","-0.019","-0.008",33.9,6.3,38.1,"79.435135442","94.030639187",71.7,14.1,28.6,32,68,131,410,50.9,1432,81.6,7.3,431,1950,430,2811,85.9,139,989,49.1,1379,43.4,1221,19.3,49.8,35.8,36.7,27.4,572,63.4,43,246,28.1,161,24.1,138,4.7,27,"R","2811",67.2,"40","92.7","2107","-2","-13.5","18.4","18.6","1.4","1.2","77.5","2673","8.6","-57.7","-12","15.1","1.3","15.3","82.7","1326","-12.2","-30.2","9.6","15.7","1.4","14.1","77.2","2711","7.8","-59.2","-13","15.5","1.9","0.1","94.4","2069","-5.6","-13","17.8","18.6","1.5","29.3","89.1","2299","5","-27","7.4","9.1","1.5",,,,,,,,,,,,,,,,,,,,,,,,,,,,,,,,,,,,,,,,,,,,,,,,,"69.4","91.2","2188","0.9","-19.2","13.7","14.6","2.5","15.3","77.2","2708","7.9","-59.1","-13","15.5","1.8","15.3","82.7","1326","-12.2","-30.2","9.6","15.7"
"Urías, Julio",628711,2021,24,"32","185.2",745,691,151,99,33,26.2,5.1,".217",".366",".266",".274",".265",".149",".334",".346",".303",".302",".002","-0.017","-0.008",31.7,5.4,30.3,"74.37826752","92.763477541",67.3,18.5,32.3,38.5,61.5,158,410,45.6,1271,74.5,8.6,483,1349,954,2786,81.5,189,1019,54.4,1515,43.7,1218,24.3,51.3,34.9,40.6,24.6,505,70.7,42.4,214,28.9,146,20.8,105,7.9,40,"L","2786",47.9,"48.3","94.1","2499","3.8","-13.5","17.3","17.8","1.3",,,,,,,,,"17.3","86.8","1921","14.6","-28.9","7.2","16.4","1.5",,,,,,,,,"0.1","94.7","2481","10.2","-13.3","17.2","20","1.4",,,,,,,,,,,,,,,,,,,,,,,,,,,,,,,,,"34.2","81.4","2885","-15.8","-42.3","-0.9","16.1","1.8",,,,,,,,,,,,,,,,,"48.4","94.1","2499","3.8","-13.5","17.3","17.8","1.3","34.2","81.4","2885","-15.8","-42.3","-0.9","16.1","1.8","17.3","86.8","1921","14.6","-28.9","7.2","16.4"
"Manaea, Sean",640455,2021,29,"32","179.1",754,702,179,119,33,25.7,5.4,".245",".420",".310",".312",".296",".175",".391",".393",".352",".339",".010","-0.005","-0.002",34.5,8,41.2,"79.634341937","94.771894139",71.4,22.3,27.6,42,58,157,374,45.5,1355,81.2,8.9,724,1791,465,2980,77.7,259,1160,54.5,1625,42.4,1264,27.1,51.5,36.9,40.2,22.9,510,66.6,42.7,218,24.7,126,24.9,127,7.6,39,"L","2980",32.8,"0.7","92.2","1958","7.7","-18.8","13.3","15.5","1.5","14.9","82.8","2010","-4.4","-37.2","2.7","6.1","2.7","24.3","84.5","1371","12.2","-31.7","6.6","14.2","2",,,,,,,,,"59.4","92.1","1997","13.9","-20.1","12.3","18.7","1.7",,,,,,,,,,,,,,,,,,,,,,,,,"0.7","78.2","2109","-14.9","-44","1.1","15.3","1.4",,,,,,,,,,,,,,,,,,,,,,,,,"60.1","92.1","1996","13.8","-20.1","12.3","18.6","1.7","15.6","82.6","2014","-4.9","-37.5","2.7","6.5","2.9","24.3","84.5","1371","12.2","-31.7","6.6","14.2"
"Mahle, Tyler",641816,2021,26,"33","180.0",759,674,158,100,31,27.7,8.4,".226",".366",".308",".298",".302",".140",".385",".369",".339",".328",".008",".030",".010",34.1,6.5,34.3,"77.107022328","93.357444017",66.3,22,26,43.5,56.5,189,434,52.3,1672,79.1,6,504,1875,817,3196,78,222,1011,47.7,1524,45.4,1450,28.4,45.2,37.7,36,26.3,475,63.9,44,209,24.8,118,23.6,112,7.6,36,"R","3196",39.8,"53.1","94","2336","-12.1","-13.9","17.1","21","1.6","25.6","86.8","2538","2.9","-29.4","6.7","7.8","2.2",,,,,,,,,,,,,,,,,,,,,,,,,"5.6","86.4","2432","2.2","-28","8.4","9","1.8","15.8","86.4","1840","-14.5","-28.4","8.2","16.9","1.9",,,,,,,,,,,,,,,,,,,,,,,,,,,,,,,,,,,,,,,,,"58.7","93.3","2345","-10.7","-15.2","16.3","19.9","3","25.6","86.8","2538","2.9","-29.4","6.7","7.8","2.2","15.8","86.4","1840","-14.5","-28.4","8.2","16.9"
"Alcantara, Sandy",645261,2021,25,"33","205.2",837,768,171,107,40,24,6,".228",".374",".279",".289",".284",".146",".334",".350",".300",".308","-0.005","-0.009","-0.010",29.9,6.1,39.4,"75.365831333","93.983632175",71.5,19.6,33.8,45.3,54.7,229,506,48.3,1496,80.5,7.9,728,2285,82,3095,80.4,224,1144,51.7,1599,43.6,1348,27.5,53.3,39.4,38.2,22.4,576,64,54,311,20.5,118,21.2,122,4.3,25,"R","3095",35.1,"21.6","98.1","2239","-10.6","-14.8","13.8","17.5","1.4","2.6","84","2391","3.5","-42.5","-3.6","6","2.2","23.5","91.8","2005","-16.1","-29.2","3.3","16.5","1.4",,,,,,,,,"28.2","97.6","2324","-17.3","-21.5","7.3","18.9","1.4","24","90.4","2361","-1.3","-30.1","3.4","4.6","1.7",,,,,,,,,,,,,,,,,,,,,,,,,,,,,,,,,,,,,,,,,,,,,,,,,"73.8","95.4","2311","-10.1","-22.4","7.9","13.8","4.2","2.6","84","2391","3.5","-42.5","-3.6","6","2.2","23.5","91.8","2005","-16.1","-29.2","3.3","16.5"
"Cease, Dylan",656302,2021,25,"32","165.2",708,623,139,94,22,31.9,9.6,".206",".368",".295",".295",".293",".163",".383",".384",".344",".323",".017","-0.004",".000",37,9.9,38.8,"78.65144905","94.13969505",67,25.9,28.9,52.3,47.7,237,453,53.1,1569,72.6,6.8,213,1388,1356,2957,74.1,241,930,46.9,1388,40,1183,34.6,46.8,33.1,37.5,29.4,405,58.3,34.6,140,31.4,127,24.4,99,9.6,39,"R","2957",54,"46.9","96.6","2539","-4.5","-10.6","18.8","19.4","1.8","30","85.9","2878","6.9","-38","-1.1","7.6","1.7","7.2","78","1641","-7.3","-29.3","15.5","17.4","2.5","15.2","79.9","2754","5.3","-61.7","-18.3","19.2","2.1",,,,,,,,,,,,,,,,,,,,,,,,,,,,,,,,,"0.7","85.2","2917","8.4","-41.1","-3.5","9.3","1.7",,,,,,,,,,,,,,,,,,,,,,,,,"46.9","96.6","2539","-4.5","-10.6","18.8","19.4","1.8","45.9","83.9","2837","6.4","-45.9","-6.8","11.5","3.7","7.2","78","1641","-7.3","-29.3","15.5","17.4"
"Burnes, Corbin",669203,2021,26,"28","167.0",657,612,123,96,17,35.6,5.2,".180",".261",".232",".221",".229",".082",".325",".307",".322",".289",".021",".012",".011",29.5,3.1,30.5,"73.534577884","92.749467427",64.9,22.9,35.6,59.8,40.2,298,498,53.9,1397,75.1,6.7,247,1636,711,2594,77.5,178,777,46.1,1197,42.1,1093,37.3,49.2,37.6,38.6,23.8,383,62.4,50.1,192,22.2,85,21.9,84,5.7,22,"R","2594",41.9,"1.2","96.5","2628","-5.3","-14.8","14.4","15.4","1.4","9.3","87.9","2862","7.6","-35.4","-0.3","8.2","1.7","9.5","90.7","1872","-13.9","-25.9","7.3","16.1","1.2","18.1","81.2","2866","11.3","-49.3","-7.9","14","1.5","9.6","96.8","2549","-11.7","-17.2","12","17","1.4","52.3","95.2","2767","4.2","-18.7","11.2","12.2","1.3",,,,,,,,,,,,,,,,,,,,,,,,,,,,,,,,,,,,,,,,,,,,,,,,,"63.1","95.5","2731","1.6","-18.4","11.4","13","1.5","27.4","83.5","2865","10","-44.6","-5.3","12.1","3.9","9.5","90.7","1872","-13.9","-25.9","7.3","16.1"
"Wainwright, Adam",425794,2022,40,"32","191.2",803,736,192,138,35,17.8,6.7,".270",".433",".306",".332",".326",".163",".341",".375",".321",".335","-0.009","-0.051","-0.026",37.4,6.5,36.6,"76.636927659","93.594969883",61.7,10.8,25.4,31.5,68.5,126,400,50.3,1575,68.3,7.3,189,1948,996,3133,89.2,104,962,49.7,1558,44.3,1388,16.9,43.5,41.1,35.1,23.9,599,62.6,43.7,262,25.2,151,26.5,159,4.5,27,"R","3133",46.2,"9.3","88","2235","-1.3","-20.1","15.1","15.4","1.4","0.1","75.3","2682","18.6","-54.2","-5.1","19.3","1.5","6","82.2","1764","-14.3","-32.4","8","16.6","1.7","31.7","72.8","2768","16.1","-67.5","-14.9","22","2","27.9","88.6","2200","-13","-22.8","12.1","17.9","1.5","25","84.3","2411","6.3","-32.1","6.1","9.3","1.6",,,,,,,,,,,,,,,,,,,,,,,,,,,,,,,,,,,,,,,,,,,,,,,,,"62.2","86.8","2290","-3.5","-26.1","10.1","14.1","2.8","31.8","72.8","2768","16.1","-67.5","-14.9","22","2","6","82.2","1764","-14.3","-32.4","8","16.6"
"Verlander, Justin",434378,2022,39,"28","175.0",666,625,116,88,15,27.8,4.4,".206",".342",".222",".257",".247",".136",".277",".330",".261",".291","-0.020","-0.072","-0.035",32.5,6.3,34.8,"77.135794344","93.330588186",74.3,18.5,32.1,38,62,156,410,48.9,1276,77,7.5,63,1315,1229,2607,81.5,183,989,51.1,1331,46.1,1202,24.2,53.7,30.7,40.1,29.1,446,62,38.6,172,28.5,127,21.1,94,11.9,53,"R","2607",52.3,"50.4","95","2423","-9.5","-11.4","19.2","21.5","1.3","28.3","87.4","2464","4","-31","4.8","6.7","1.4","2.4","86.2","1756","-15.7","-26.5","10.4","19","1.4","18.8","79","2644","6.9","-55.3","-11.2","13.4","1.7","0","94.6","2325","-14.4","-15.3","15.5","21.2",,,,,,,,,,,,,,,,,,,,,,,,,,,,,,,,,,,,,,,,,,,,,,,,,,,,,,,,,,"50.4","95","2423","-9.5","-11.4","19.2","21.5","1.3","47.1","84.1","2536","5.2","-40.7","-1.6","9.4","4.9","2.4","86.2","1756","-15.7","-26.5","10.4","19"
"Kluber, Corey",446372,2022,36,"31","164.0",689,650,178,123,32,20.2,3,".261",".434",".316",".315",".294",".173",".378",".377",".344",".330",".013","-0.009",".001",35.8,6.9,34.7,"75.470981451","93.389888686",66.2,15.3,35.8,40.5,59.5,175,432,49.2,1207,75.3,7.9,252,1533,669,2454,84.7,126,825,50.8,1247,44.3,1086,23.9,51.2,37.2,40.8,22,519,68.4,36.8,191,27,140,25.4,132,10.8,56,"R","2454",32,"1.5","88.9","2275","-7","-20.3","14.3","16.4","1.3",,,,,,,,,"10.3","82.9","1652","-13.5","-33.7","6.3","15.5","1.3","27.3","80.7","2526","16.5","-41","1.2","16.9","1.2","26.7","88.9","2074","-16.3","-26.1","8.7","18.6","1.1","34.2","86.3","2463","2.9","-28.1","8.5","9.3","1.3",,,,,,,,,,,,,,,,,,,,,,,,,,,,,,,,,,,,,,,,,,,,,,,,,"62.5","87.5","2292","-5.6","-27.1","8.7","13.5","1.9","27.3","80.7","2526","16.5","-41","1.2","16.9","1.2","10.3","82.9","1652","-13.5","-33.7","6.3","15.5"
"Morton, Charlie",450203,2022,38,"31","172.0",728,640,149,93,26,28.2,8.7,".228",".404",".320",".318",".314",".177",".400",".396",".338",".334",".005",".007",".002",38,9.5,42.1,"78.111657215","94.430490297",63.5,18.2,29,51.7,48.3,226,437,51.9,1508,70.8,7.3,248,1552,1103,2903,81.8,161,886,48.1,1395,42.5,1233,29.3,45.6,34.4,36.9,28.7,442,58.7,39.6,175,28.1,124,26.2,116,6.1,27,"R","2903",20.7,"33.5","94.9","2375","-10.6","-17.8","12.5","16.6","1.3",,,,,,,,,"8.5","87.2","2154","-17.6","-34.5","1.6","17.8","1.3","38","81.3","3068","15.5","-51.1","-9.4","18.3","1.1","10.6","94.7","2187","-17","-25.5","5.1","17.9","1.3","9.3","88.4","2551","1.8","-29.7","5.1","5.9","1.5",,,,,,,,,,,,,,,,,,,,,,,,,,,,,,,,,,,,,,,,,,,,,,,,,"53.5","93.7","2368","-9.7","-21.4","9.7","15","3.1","38","81.3","3068","15.5","-51.1","-9.4","18.3","1.1","8.5","87.2","2154","-17.6","-34.5","1.6","17.8"
"Quintana, Jose",500779,2022,33,"32","165.2",679,626,154,110,35,20.2,6.9,".256",".387",".286",".307",".311",".132",".326",".354",".314",".327","-0.010","-0.044","-0.021",34.4,5.5,35.8,"74.438826914","93.299908909",68.3,15.5,32.8,37,63,190,514,57.5,1566,75.7,5.1,531,1427,766,2724,84.5,123,791,42.5,1158,43.1,1175,24,47.9,34.4,40.1,25.5,491,61.6,47,231,20.8,102,26.7,131,5.5,27,"L","2724",44.5,"36","91.2","2078","2.4","-17.7","15.2","15.5","1.1",,,,,,,,,"19.5","86.4","1319","11.7","-30.8","5.9","13.6","1.2","22","78.3","2263","-7.1","-52.7","-8.2","11","1","16.4","91.4","2070","12.5","-19.7","13","18.2","1.1",,,,,,,,,,,,,,,,,,,,,,,,,,,,,,,,,"6.2","78.6","2255","-10.7","-46.1","-1.7","11.1","1",,,,,,,,,,,,,,,,,"52.4","91.3","2075","5.6","-18.3","14.5","16.3","1.1","28.1","78.4","2261","-7.9","-51.2","-6.8","11","1","19.5","86.4","1319","11.7","-30.8","5.9","13.6"
"Gibson, Kyle",502043,2022,34,"31","167.2",718,656,176,117,33,20.1,6.7,".258",".429",".331",".326",".316",".172",".384",".376",".341",".329",".010",".005",".005",34.8,7.6,37.5,"77.435542039","93.992252392",68.5,14.4,30.5,47,53,207,440,52.6,1441,76.5,5.6,295,1686,758,2739,85.6,128,889,47.4,1298,43.8,1200,25.2,48.5,37.5,42,20.5,517,58.9,46.8,242,23.2,120,25.3,131,4.6,24,"R","2739",41.5,"12","92","2279","-6.3","-16.4","16","17.2","1.2","17.1","83.4","2520","4.6","-40.7","-1.4","5.3","1.2","10.8","84.7","1622","-14.8","-34.6","3.6","15.3","1.3","7","79.2","2467","7.1","-52.1","-8.4","11.2","1.6","28","91.7","2133","-14.5","-25.4","7.1","16.3","1.4","21.5","89.4","2360","0.8","-24.8","9.5","9.8","1.5",,,,,,,,,,,,,,,,,"3.6","83","2459","7.5","-37.3","2.5","8.7","1.4",,,,,,,,,,,,,,,,,,,,,,,,,"61.6","90.9","2241","-7.5","-23.4","9.7","14.2","1.9","27.7","82.3","2499","5.6","-43.1","-2.6","7.2","2.4","10.8","84.7","1622","-14.8","-34.6","3.6","15.3"
"Darvish, Yu",506433,2022,35,"30","194.2",771,715,148,103,23,25.6,4.8,".224",".401",".259",".293",".273",".177",".316",".366",".282",".308","-0.017","-0.070","-0.034",31.2,8.8,37.1,"77.848459808","93.614823873",65.3,18.2,30.3,43.8,56.2,176,402,44.6,1326,74.3,9.1,221,1141,1609,2971,81.8,195,1074,55.4,1645,43,1278,25.1,49.7,41.5,34.1,24.4,525,64.2,38.5,202,31,163,21.9,115,8.6,45,"R","2971",39.7,"25.5","95","2419","-7.3","-13.4","17","18.6","1.4","31.5","86","2778","5.7","-37.1","-0.2","6.3","1.8",,,,,,,,,"7.3","76.1","2704","10.6","-61.1","-12.9","16.9","4.5","8.5","94.7","2264","-14.1","-19.3","11.4","18.3","1.5","4.3","90.7","2577","2.1","-22.7","10.4","10.9","1.5","7.4","89.2","1302","-6.2","-29.4","5","8.8","1.9",,,,,,,,,"15.4","82.7","2726","16.2","-40.3","0","16.5","1.9",,,,,,,,,,,,,,,,,,,,,,,,,"38.4","94.4","2402","-7.7","-15.8","15","17.7","2.1","54.2","83.7","2753","9.3","-41.2","-1.9","10.6","4.5","7.4","89.2","1302","-6.2","-29.4","5","8.8"
"Kelly, Merrill",518876,2022,33,"33","200.1",804,739,167,104,40,22,7.6,".229",".397",".289",".299",".290",".168",".336",".351",".297",".302","-0.003","-0.026","-0.010",31.2,8.4,36.5,"77.983406942","93.653412973",67.7,18,29.9,36.1,63.9,168,466,50.8,1559,81.1,6.9,654,1996,420,3071,82,184,1024,49.2,1512,45.5,1398,23.6,48.5,41.1,36.9,22,564,62.4,43.8,247,28.4,160,21.6,122,6.2,35,"R","3070",26.5,"30.8","92.6","2361","-7.8","-16.7","15.3","17.3","1.3","0.2","85","2416","1.8","-34.5","3.3","4.1","1.5","21.3","88.6","2158","-16.6","-32.3","2.7","16.9","1.3","13.5","82.2","2550","9.1","-50.9","-10.2","13.8","1.6","17.6","92.5","2206","-16.1","-24.7","7.5","17.9","1.3","16.6","90.8","2332","-1.5","-20.3","12.8","13.1","1.3",,,,,,,,,,,,,,,,,,,,,,,,,,,,,,,,,,,,,,,,,,,,,,,,,"65","92.1","2312","-8.4","-19.8","12.6","16.4","1.6","13.7","82.2","2548","9","-50.7","-10","13.7","1.6","21.3","88.6","2158","-16.6","-32.3","2.7","16.9"
"Pérez, Martín",527048,2022,31,"32","196.1",821,738,178,130,37,20.6,8.4,".241",".359",".289",".299",".311",".118",".322",".336",".311",".313",".000","-0.023","-0.010",30.9,4.4,34.9,"77.422939036","93.581278732",65.1,15.9,27.6,30.7,69.3,139,453,55.1,1640,84,5.2,823,2010,146,2979,84.1,139,872,44.9,1339,49.4,1471,21,44.5,35.9,41.5,22.6,576,62.6,51.9,299,21.4,123,22.6,130,4.2,24,"L","2979",41.7,"6.7","92.9","2068","10.7","-16.6","15.2","18.7","1.3","1.4","84.5","2398","-3.5","-32.7","5.5","7.3","1.4","27.6","84.4","1661","14.2","-29.6","8.9","16.9","1.3","3.5","78.8","2515","-6.3","-49","-5","8.3","1.4","36.5","92.6","1997","16.3","-21.8","10.2","19.3","1.4","24.3","89.9","2214","1.1","-21.6","12.2","12.5","1.4",,,,,,,,,,,,,,,,,,,,,,,,,,,,,,,,,,,,,,,,,,,,,,,,,"67.5","91.6","2082","10.2","-21.2","11.4","16.8","2.1","4.9","80.4","2481","-5.5","-44.3","-1.9","8","2.9","27.6","84.4","1661","14.2","-29.6","8.9","16.9"
"Anderson, Tyler",542881,2022,32,"30","178.2",707,657,145,94,31,19.5,4.8,".226",".368",".271",".281",".273",".143",".307",".321",".277",".285","-0.005","-0.018","-0.010",34.2,5,28.5,"73.22844707","92.353431738",68.9,17.5,35.3,38.6,61.4,169,438,48.1,1240,76.5,7.6,815,1729,32,2576,82.5,161,920,51.9,1336,45.4,1169,24.3,52.7,39.9,32.9,27.2,526,66.1,40.9,215,27.4,144,21.7,114,10.1,53,"L","2576",45.2,"39.7","90.7","2230","7.8","-15.7","17.6","19.6","1.4",,,,,,,,,"31.6","79","1848","13.3","-34.8","9","16.2","1.4","1.2","73.2","2141","-2","-59.2","-8.3","8.7","1.7","5.4","88.8","2230","17.5","-28.8","6","18.9","1.5","22","85.7","2421","-2.5","-27.2","9.7","10.3","2",,,,,,,,,,,,,,,,,,,,,,,,,,,,,,,,,,,,,,,,,,,,,,,,,"67.1","88.9","2293","5.2","-20.5","14.1","16.5","3.1","1.2","73.2","2141","-2","-59.2","-8.3","8.7","1.7","31.6","79","1848","13.3","-34.8","9","16.2"
"Cole, Gerrit",543037,2022,31,"33","200.2",793,738,154,88,31,32.4,6.3,".214",".402",".283",".289",".266",".188",".390",".402",".319",".329","-0.005","-0.012","-0.006",32.5,9.6,40.2,"78.808854118","94.227606134",66,23.2,32.4,53.7,46.3,302,562,53,1735,78.7,7.5,276,1906,1092,3274,76.8,235,1015,47,1539,42.9,1406,34.1,48.2,33.1,37.5,29.4,483,61.5,42,203,28.6,138,22.2,107,7.2,35,"R","3274",39.7,"51.8","97.8","2428","-10.4","-10.5","18.3","21.2","1.3","22.6","88.7","2569","5","-34.2","0.5","5.6","1.6","8.4","89.7","1616","-14","-24.7","9.3","17.1","1.4","10.8","83","2779","10.2","-53","-12.9","16.6","1.6","0.1","98.6","2307","-13.7","-15.7","12.5","18.6","1.4","6.4","92","2485","0.5","-24.4","7.9","8.5","1.5",,,,,,,,,,,,,,,,,,,,,,,,,,,,,,,,,,,,,,,,,,,,,,,,,"58.2","97.1","2434","-9.2","-12","17.2","19.8","2.4","33.4","86.8","2637","6.7","-40.3","-3.9","9.2","3.4","8.4","89.7","1616","-14","-24.7","9.3","17.1"
"Lyles, Jordan",543475,2022,31,"32","179.0",774,710,196,123,46,18.6,6.7,".265",".466",".341",".343",".323",".201",".390",".393",".344",".333",".011","-0.012","-0.002",35.1,10.4,38.8,"77.398185352","94.093867266",65.9,14.4,28.4,37.4,62.6,167,446,52.5,1568,66.4,7.4,317,1555,1116,2988,85.6,135,936,47.5,1420,41.6,1244,21.9,46.3,41.1,36.1,22.8,570,61.4,40.4,230,28.2,161,23.2,132,8.2,47,"R","2988",43.2,"32.1","91.8","2206","-5.9","-15.4","17.1","18.2","1.1",,,,,,,,,"10.6","86.3","1464","-13.7","-29.1","7.6","15.9","1.6","13.4","79.1","2433","7.6","-58.7","-14.5","16.5","1.5","17.3","90.7","2087","-13.4","-21.1","12.2","18.3","1.4","2.7","84.9","2433","4.7","-34.4","3.4","6.5","2",,,,,,,,,,,,,,,,,"24","80","2638","16.8","-44.2","-1.2","17.1","1.3",,,,,,,,,,,,,,,,,,,,,,,,,"52","91.1","2178","-7.9","-18.3","14.8","17.6","2.1","37.3","79.7","2565","13.5","-49.4","-6","16.9","1.5","10.6","86.3","1464","-13.7","-29.1","7.6","15.9"
"Mikolas, Miles",571945,2022,33,"33","202.1",805,751,170,112,31,19,4.8,".251",".414",".279",".310",".293",".163",".319",".360",".281",".315","-0.025","-0.041","-0.031",35.1,7,36,"76.747856744","93.485106739",67.8,12.8,27.9,34.6,65.4,144,416,47.3,1492,76.9,7.7,124,1562,1466,3152,87.2,144,1125,52.7,1660,45.5,1433,18.7,48.9,38.3,36.1,25.6,606,63.4,45.9,278,25.2,153,23.8,144,5.1,31,"R","3152",48,"27.1","93.5","2291","-4.9","-16.3","15","15.9","1.5","25.4","87.7","2381","3.9","-31.1","4.3","6.2","1.4","3.9","82.6","1570","-12","-31.1","9.2","15.5","3.6","21.1","76","2547","8.7","-63.3","-15.3","17.7","2.2","22.4","92.9","2233","-13.3","-19.5","12.3","18.3","1.5",,,,,,,,,,,,,,,,,,,,,,,,,,,,,,,,,,,,,,,,,,,,,,,,,,,,,,,,,"49.6","93.3","2265","-8.7","-17.7","13.8","17","1.5","46.5","82.4","2456","6","-45.7","-4.6","11.4","6.8","3.9","82.6","1570","-12","-31.1","9.2","15.5"
"Gausman, Kevin",592332,2022,31,"31","174.2",725,690,188,134,35,28.3,3.9,".241",".391",".304",".288",".272",".149",".408",".384",".384",".342",".031",".009",".016",38.1,8.1,38.5,"78.199092336","94.021611581",72.7,19.8,39.8,46.2,53.8,261,565,51,1420,81.7,6.9,1025,1358,400,2783,80.2,196,991,49,1363,44.1,1226,29.4,55.9,33.4,37.3,29.3,491,68,40.1,197,26.3,129,28.1,138,5.5,27,"R","2783",39.6,"48.8","95","2265","-10.5","-13.1","17.4","20.5","1.8","14.4","84.4","2206","1.2","-35.1","3.3","4","2","1.3","84.5","1497","-7.3","-30.8","7.5","11.1","1.7",,,,,,,,,,,,,,,,,,,,,,,,,"35.5","85.2","1569","-15","-33","4.9","16.2","1.6",,,,,,,,,,,,,,,,,,,,,,,,,,,,,,,,,,,,,,,,,"48.8","95","2265","-10.5","-13.1","17.4","20.5","1.8","14.4","84.4","2206","1.2","-35.1","3.3","4","2","36.8","85.2","1567","-14.8","-32.9","5","16"
"Ray, Robbie",592662,2022,30,"32","189.0",775,705,163,97,29,27.4,8,".222",".388",".315",".298",".291",".166",".398",".372",".330",".317",".009",".035",".017",34,7.9,39.1,"79.38448151","94.312919224",74.1,21.4,31,48.4,51.6,240,496,52.5,1599,82,7.1,21,1834,1192,3047,78.6,230,1073,47.5,1448,41,1250,30,51.5,40.7,35,24.3,494,64.4,38.9,192,28.9,143,24.1,119,8.1,40,"L","3047",44.5,"39.3","93.4","2284","6.7","-13.4","18.1","19.4","1.5","37.2","87.2","2190","-1.5","-28.3","7.6","8.1","1.7","0.7","86.9","1759","10.5","-23.1","13.4","17.2","1.6","1.9","79.7","2106","-2.5","-43.7","-0.8","3.7","2.1","20.9","93.3","2188","15.4","-18.7","12.7","20","1.5",,,,,,,,,,,,,,,,,,,,,,,,,,,,,,,,,,,,,,,,,,,,,,,,,,,,,,,,,"60.2","93.4","2250","9.7","-15.2","16.2","19.6","1.5","39.1","86.8","2186","-1.5","-29","7.2","7.9","2.5","0.7","86.9","1759","10.5","-23.1","13.4","17.2"
"Taillon, Jameson",592791,2022,30,"32","177.1",728,684,168,97,42,20.7,4.4,".259",".446",".308",".320",".296",".187",".368",".385",".313",".331","-0.013","-0.016","-0.012",34.5,8.4,36.2,"77.238196617","94.010264444",68.3,14.7,31.3,40,60,181,453,51.7,1447,79.5,7.1,233,1649,916,2805,85.3,136,923,48.3,1352,44.7,1251,23.1,49.1,40.8,35.6,23.6,539,63.7,41.4,223,26.7,144,23.6,127,8.3,45,"R","2798",43.3,"36.1","94","2373","-5.7","-13.2","17.8","18.8","1.1","17.8","86.2","2555","6.2","-32.6","4","7.8","1.4","8.3","87.8","1844","-14.1","-24.8","10.7","17.8","1.2","14.8","81.1","2734","9.2","-51.9","-10.1","13.9","1.4","11","94.1","2290","-13.6","-16.3","14.6","20","1.1","11.8","90.3","2535","3.1","-21.5","11.9","12.7","1.9",,,,,,,,,,,,,,,,,"0.1","85.9","2608","11.3","-34.9","1.9","11.5","1.5",,,,,,,,,,,,,,,,,,,,,,,,,"58.9","93.3","2390","-5.4","-15.5","16","17.8","2.2","32.7","83.9","2636","7.5","-41.4","-2.4","10.6","3.1","8.3","87.8","1844","-14.1","-24.8","10.7","17.8"
"Gonzales, Marco",594835,2022,30,"32","183.0",783,717,194,120,44,13.2,6.4,".264",".445",".337",".331",".318",".181",".361",".354",".313",".308",".007",".012",".006",32.3,7.2,35,"74.968575987","93.265151588",70.7,14.7,32.9,25.6,74.4,124,485,52,1476,80.6,6,865,1590,381,2838,85.3,141,961,48,1360,47.8,1357,18.3,51,41.7,35.6,22.6,623,63.1,42.9,267,27.4,171,22.6,141,7.1,44,"L","2836",39.4,"23.2","88.7","2003","11.4","-18.4","16.4","20.1","1",,,,,,,,,"30.5","79.4","2114","17.3","-36.7","7","18.8","0.9","13.4","76.6","2114","-6.3","-59.8","-13","14.6","1.2","13.3","88","1955","13.4","-23.6","11.7","17.9","1.1","19.5","86.1","2030","2.2","-25.2","11.4","11.8","1",,,,,,,,,,,,,,,,,,,,,,,,,,,,,,,,,,,,,,,,,,,,,,,,,"56.1","87.6","2001","8.7","-22","13.5","16.7","1.6","13.4","76.6","2114","-6.3","-59.8","-13","14.6","1.2","30.5","79.4","2114","17.3","-36.7","7","18.8"
"Pivetta, Nick",601713,2022,29,"33","179.2",773,691,175,111,36,22.6,9.4,".246",".451",".330",".336",".322",".205",".387",".396",".337",".328",".007","-0.026","-0.006",36.3,9.1,45.6,"80.450207336","94.88258417",68.3,17.5,25.8,40.4,59.6,157,389,48.9,1506,76.8,8.4,70,2093,919,3082,82.5,188,1077,51.1,1576,42.8,1320,23.5,47.6,41.2,35.4,23.5,520,60,38.5,200,27.3,142,25.4,132,8.8,46,"R","3082",55.3,"51","93.4","2310","-5.1","-10.9","20.6","21.3","1.3","2.8","83","2476","6.9","-42","-2.3","7.8","1.7","0","91.9","2329","-16.9","-8.9","24.9","30.1",,"27","77.2","2710","7.9","-65.3","-18.5","20.2","1.6",,,,,,,,,"16.9","86.2","2294","5.5","-32.3","4.4","8","1.7","2.2","87","1152","-8.1","-27.7","8.3","12","1.7",,,,,,,,,,,,,,,,,,,,,,,,,,,,,,,,,,,,,,,,,"67.9","91.6","2306","-2.4","-16.2","16.6","18","3.8","29.8","77.7","2688","7.8","-63.1","-17","19","2.5","2.3","87.1","1169","-8.2","-27.4","8.5","12.3"
"Bassitt, Chris",605135,2022,33,"30","181.2",745,680,159,113,26,22.4,6.6,".227",".372",".291",".293",".291",".145",".337",".339",".309",".300",".007","-0.013","-0.002",31.1,6.6,32.8,"73.740095781","92.802733268",65.2,19.6,25.4,35.1,64.9,121,345,47.1,1358,72.9,8.3,175,1843,868,2886,80.4,195,996,52.9,1528,44,1271,23.6,46.5,35,36.9,28.2,515,60.9,49.7,256,23.9,123,18.8,97,7.6,39,"R","2886",38.9,"13.2","93.2","2192","-5.6","-17.8","13.6","15","1.4","8","82.7","2345","6.9","-38.8","1.2","7.6","2.1","6.1","85.4","1824","-16.2","-30.9","6.8","17.9","2.2","13.9","71.6","2330","14.9","-68","-13.7","20.4","1.4","33.4","92.8","2117","-16.1","-22.5","9.4","18.8","1.3","17.3","89","2262","2.5","-25.6","8.7","9.4","1.6",,,,,,,,,,,,,,,,,"8.2","75.2","2318","18.8","-48.5","0.5","19.1","1.9",,,,,,,,,,,,,,,,,,,,,,,,,"63.9","91.9","2172","-8.9","-22.4","10.1","15.5","2.4","30.1","75.5","2331","13.8","-54.9","-5.9","16.6","5.4","6.1","85.4","1824","-16.2","-30.9","6.8","17.9"
"Musgrove, Joe",605397,2022,29,"30","181.0",740,679,154,94,36,24.9,5.7,".225",".365",".292",".287",".284",".140",".355",".347",".309",".308",".002",".018",".005",34.7,6,32.5,"74.717480366","93.048084318",61,16.8,32.1,42.2,57.8,192,455,50,1417,72.2,6.6,178,1423,1232,2834,83.2,145,864,50,1417,43.7,1238,25.5,46.5,38.9,36.7,24.4,499,64.5,45.9,229,22.8,114,22.8,114,8.4,42,"R","2833",36.3,"24","92.9","2560","-4.2","-18.2","13.4","14.2","1.2","24.6","82.9","2714","12.7","-41.9","-1.8","13.2","1.2","6.3","86.5","1972","-11.4","-32.8","3.9","12.3","1.3","18.9","81.3","2723","9.6","-55.5","-13.8","16.9","1.2","6.8","92.3","2432","-12.4","-23.1","9","15.5","1.3","19.5","90.1","2581","1.5","-24.5","9.1","9.4","1.3",,,,,,,,,,,,,,,,,,,,,,,,,,,,,,,,,,,,,,,,,,,,,,,,,"50.2","91.8","2551","-3.1","-21.3","11.2","12.5","1.9","43.5","82.2","2718","11.4","-47.8","-7","14.8","1.5","6.3","86.5","1972","-11.4","-32.8","3.9","12.3"
"Nola, Aaron",605400,2022,29,"32","205.0",807,766,168,109,39,29.1,3.6,".208",".354",".264",".261",".246",".146",".351",".347",".316",".301",".011","-0.007",".003",34.3,7.1,31.6,"77.465376008","93.044162015",63.9,18.5,34.1,46.9,53.1,234,499,48.2,1465,76.4,7.5,448,1785,806,3039,81.5,186,1005,51.8,1574,45,1369,27.9,49.5,39.3,35.8,24.9,534,70.1,44.2,236,24.3,130,24.2,129,7.3,39,"R","3039",21,"33.6","92.8","2310","-13.1","-16.6","15.4","20.3","1.3",,,,,,,,,"14.7","85.9","1482","-15.2","-33.8","3.4","15.9","1.3","26.5","78.6","2589","14.4","-55.7","-10.8","18.1","1.1","18.6","92.1","2193","-17","-22.7","9.7","19.6","1.4","6.5","86.8","2212","0.9","-29.1","7.2","7.5","1.3",,,,,,,,,,,,,,,,,,,,,,,,,,,,,,,,,,,,,,,,,,,,,,,,,"58.7","91.9","2262","-12.8","-19.9","12.7","18.7","2.5","26.5","78.6","2589","14.4","-55.7","-10.8","18.1","1.1","14.7","85.9","1482","-15.2","-33.8","3.4","15.9"
"Rodón, Carlos",607074,2022,29,"31","178.0",710,649,131,87,31,33.4,7.3,".196",".319",".255",".256",".258",".123",".343",".345",".316",".307",".006","-0.011","-0.001",33.6,6.5,39.8,"79.131004203","93.698768499",68.5,23.5,31.2,48.1,51.9,224,466,50,1493,75.7,7.4,59,1826,1100,2985,76.5,240,1022,50,1492,43.1,1288,31.2,49.8,35,36.5,28.5,417,61.5,35.3,147,29.5,123,25.4,106,9.8,41,"L","2985",48.8,"60.9","95.5","2352","6","-12","18.1","19.1","1.9","31.1","85.4","2447","-8.1","-38.6","-1.1","8.6","2","2","84.6","1757","13.7","-27.4","11","17.8","1.5","5.7","79.8","2454","-6.4","-55.5","-12.3","14","2.2","0.3","95.1","1689","4.9","-12.3","18","18.7","1.6",,,,,,,,,,,,,,,,,,,,,,,,,,,,,,,,,,,,,,,,,,,,,,,,,,,,,,,,,"61.2","95.5","2349","6","-12","18.1","19.1","1.9","36.9","84.5","2448","-7.8","-41.2","-2.9","9.5","3.1","2","84.6","1757","13.7","-27.4","11","17.8"
"Freeland, Kyle",607536,2022,29,"31","174.2",766,687,193,119,47,17.1,6.9,".270",".476",".346",".352",".336",".207",".383",".392",".342",".332",".011","-0.020","-0.006",35.2,9.7,42.4,"79.406275786","94.45487619",69,13,27.7,38.9,61.1,159,409,52,1477,75.4,6.4,393,1930,516,2839,87,122,940,48,1362,44.7,1269,20.8,47.5,41.9,37.5,20.7,566,61.9,43.1,244,26.9,152,24.9,141,5.1,29,"L","2839",24.8,"23.4","90.3","2392","5.9","-19.9","13.4","14.8","1.4",,,,,,,,,"13.8","84.8","1477","11","-30.6","7.2","13.4","1.6","18.2","80.9","2446","-4.3","-48.5","-7","8.4","1.8","22.1","89.6","2355","12.9","-27.5","6.4","14.6","1.7","22.5","85.5","2376","-1.4","-32.7","4.5","5.1","1.7",,,,,,,,,,,,,,,,,,,,,,,,,,,,,,,,,,,,,,,,,,,,,,,,,"68","88.5","2375","5.7","-26.6","8.2","11.5","2.9","18.2","80.9","2446","-4.3","-48.5","-7","8.4","1.8","13.8","84.8","1477","11","-30.6","7.2","13.4"
"Fried, Max",608331,2022,28,"30","185.1",733,692,156,117,25,23.2,4.4,".226",".338",".255",".266",".265",".112",".309",".326",".296",".301","-0.001","-0.019","-0.011",29.4,4,32.1,"74.476912412","92.996220039",68,16.1,34.1,43.2,56.8,224,519,54,1522,73.7,6.4,397,1292,1129,2818,83.9,142,881,46,1296,43.9,1237,26.1,49.7,38,36.1,26,527,61.7,51.2,270,21.6,114,22.4,118,4.7,25,"L","2817",49.7,"31.4","94","2143","1.5","-18.5","12.3","12.7","1.9","18.4","87.3","2392","-3.8","-34.9","0.8","4.7","2.2","14.1","86.5","1413","12.9","-32.4","4.1","13.8","1.9","21.5","74.2","2748","-9.5","-66.8","-16.5","19.1","2.2","14.4","93.6","2034","10.6","-21.4","9.8","14.7","1.7",,,,,,,,,,,,,,,,,,,,,,,,,"0.1","80","2646","-14","-47.8","-2.3","14.3","1.7",,,,,,,,,,,,,,,,,,,,,,,,,"45.8","93.9","2109","4.4","-19.4","11.5","13.3","1.9","40.1","80.3","2584","-6.9","-52.1","-8.5","12.5","7.6","14.1","86.5","1413","12.9","-32.4","4.1","13.8"
"Irvin, Cole",608344,2022,28,"30","181.0",741,693,174,113,33,17.3,4.9,".256",".471",".306",".329",".299",".215",".348",".377",".306",".313","-0.005","-0.055","-0.023",36.1,9.6,39.5,"79.40257422","93.912507513",71.2,16.3,30.5,31.6,68.4,119,376,47.2,1232,77.7,8.8,474,1592,544,2610,83.7,160,981,52.8,1378,44.4,1158,20.6,52,35.3,37,27.7,570,66.8,37.5,214,30,171,25.6,146,6.8,39,"L","2610",42.5,"36.4","90.7","1977","9.9","-17.2","16.2","19.1","1.7",,,,,,,,,"18.2","83","1551","13.3","-32.5","7.2","15.4","1.5","7.4","75.3","2032","-5.5","-55.4","-7.1","9.4","1.5","22.7","90.3","1940","14.3","-21.5","12.1","18.9","1.8","1.9","87.3","1999","1.7","-27.7","8.2","8.8","1.7",,,,,,,,,,,,,,,,,,,,,,,,,"13.4","78.8","2097","-9.6","-46.2","-2.1","10.6","1.7",,,,,,,,,,,,,,,,,"61","90.4","1964","11.3","-19.1","14.4","18.7","1.8","20.8","77.6","2074","-8.2","-49.5","-3.9","10.1","2.5","18.2","83","1551","13.3","-32.5","7.2","15.4"
"Márquez, Germán",608566,2022,27,"31","181.2",779,704,185,106,44,19.3,8.1,".254",".438",".341",".330",".319",".184",".391",".375",".330",".323",".009",".029",".011",35.8,7.1,47.2,"80.242384122","94.974977437",69.2,13.5,28.7,48.6,51.4,191,393,48.2,1368,78.9,8.7,86,1534,1219,2839,86.5,137,1018,51.8,1471,41.1,1168,23.2,49.7,37.2,37.4,25.4,562,65.1,48.6,273,24.7,139,23,129,3.7,21,"R","2839",34.2,"30.9","95.6","2139","-9.2","-16.6","13.3","16.4","1.7","20.9","87.7","2390","0.3","-31.1","4.1","5","2","3","87.8","1595","-10.2","-27.7","7.6","13.2","1.9","22.1","86.5","2577","1.1","-38.3","-1.8","3.3","2.1","23.1","95.1","2109","-14.2","-21.3","8.8","16.8","1.5",,,,,,,,,,,,,,,,,,,,,,,,,,,,,,,,,,,,,,,,,,,,,,,,,,,,,,,,,"54","95.4","2126","-11.3","-18.6","11.4","16.6","1.6","42.9","87.1","2486","0.7","-34.8","1.1","4.1","2.2","3","87.8","1595","-10.2","-27.7","7.6","13.2"
"Quantrill, Cal",615698,2022,27,"32","186.1",770,702,178,126,30,16.6,6.1,".257",".431",".305",".324",".312",".174",".334",".359",".306",".313","-0.003","-0.042","-0.019",33.3,7.5,35.7,"76.145610174","93.608907247",68.2,13.2,32.2,28.1,71.9,143,509,54.2,1583,74,6.7,346,2448,125,2920,86.8,120,912,45.8,1337,42.7,1247,18.5,48.7,33.3,35.9,30.8,585,64,42.4,248,25.5,149,23.6,138,8.5,50,"R","2919",45,"9.7","93.9","2192","-9.1","-14.1","16.9","19.3","1.2",,,,,,,,,"11.9","85.3","1532","-12.3","-30","7.5","14.6","1.3","4.3","82.7","2447","3.7","-42.9","-3.1","5.4","2","38.2","93.5","2087","-12.4","-16.7","14.6","19.3","1.2","36","88.5","2238","2.7","-27.8","7","8","1.6",,,,,,,,,,,,,,,,,,,,,,,,,,,,,,,,,,,,,,,,,,,,,,,,,"83.9","91.4","2164","-5.6","-21.2","11.6","14.4","3.2","4.3","82.7","2447","3.7","-42.9","-3.1","5.4","2","11.9","85.3","1532","-12.3","-30","7.5","14.6"
"Berríos, José",621244,2022,28,"32","172.0",753,692,199,135,34,19.8,6,".274",".482",".350",".350",".328",".208",".410",".411",".364",".349",".014","-0.017",".000",36.3,9.6,43.8,"79.057235","94.764961466",65.8,13,31.8,38.3,61.7,167,436,50.5,1373,74.2,6.5,418,1461,842,2721,87,115,887,49.5,1348,43.4,1182,21.3,48.6,32.4,39.4,28.2,546,66.1,40.7,222,27.1,148,25.6,140,6.6,36,"R","2721",34.8,"28.3","94","2241","-10.7","-16.7","14.5","18.1","1.2",,,,,,,,,"15.4","84.6","1522","-14.4","-33.9","4.6","15.4","1.7",,,,,,,,,"25.4","93.9","2112","-16.6","-20.8","10.4","19.7","1.3",,,,,,,,,,,,,,,,,,,,,,,,,,,,,,,,,"30.9","82.9","2285","15.8","-44.3","-4.2","16.5","1.5",,,,,,,,,,,,,,,,,"53.7","93.9","2180","-13.5","-18.6","12.5","18.9","1.3","30.9","82.9","2285","15.8","-44.3","-4.2","16.5","1.5","15.4","84.6","1522","-14.4","-33.9","4.6","15.4"
"Urías, Julio",628711,2022,25,"31","175.0",689,639,127,81,20,24.1,6,".204",".346",".263",".265",".257",".143",".313",".317",".266",".275","-0.005",".001","-0.002",29.6,6.8,30.4,"75.838974487","92.831563148",69,17.5,32.2,39.5,60.5,156,395,46.8,1226,74.9,8,458,1291,873,2622,82.5,169,963,53.2,1396,43.6,1144,23.9,51.8,37.9,37.7,24.3,477,66.6,40,191,28.5,136,20.5,98,10.9,52,"L","2622",42,"49.2","93.1","2521","3","-14.9","16.6","17","1.5",,,,,,,,,"17.5","86.2","1950","13.9","-30","6.8","15.6","1.6",,,,,,,,,,,,,,,,,,,,,,,,,,,,,,,,,,,,,,,,,,,,,,,,,"33.3","80.9","2914","-16.3","-42.7","-0.8","16.5","1.8",,,,,,,,,,,,,,,,,"49.2","93.1","2521","3","-14.9","16.6","17","1.5","33.3","80.9","2914","-16.3","-42.7","-0.8","16.5","1.8","17.5","86.2","1950","13.9","-30","6.8","15.6"
"López, Pablo",641154,2022,26,"32","180.0",736,671,157,91,39,23.6,7.2,".236",".386",".305",".301",".299",".150",".365",".359",".313",".318","-0.002",".018",".004",33.7,9,35.1,"76.341792771","93.754029819",69.6,20.8,31.4,43.1,56.9,206,478,52.3,1523,83.7,6.3,1029,1642,239,2910,79.2,201,965,47.7,1387,44.4,1291,28.2,49.6,41.5,35.9,22.6,501,62.9,47.1,236,23.8,119,23.6,118,5.6,28,"R","2910",29.6,"38.9","93.5","2197","-4.5","-17.9","13.3","14.3","1.7",,,,,,,,,"35.4","87.5","1965","-17.3","-32.3","3.5","17.8","1.3","8.1","80.9","2495","11","-51.7","-9.7","14.9","1.5","8.1","93.4","1996","-14.7","-25.3","6.2","16.1","1.4","9.4","88.7","2229","2.3","-28.8","5.9","6.6","1.6",,,,,,,,,,,,,,,,,"0.1","89.7","2264","2.2","-27","6.6","7.1","1.4",,,,,,,,,,,,,,,,,,,,,,,,,"56.4","92.7","2173","-4.8","-20.8","11.1","13.2","2.6","8.2","81.1","2491","10.8","-51.3","-9.4","14.8","1.9","35.4","87.5","1965","-17.3","-32.3","3.5","17.8"
"Alcantara, Sandy",645261,2022,26,"32","228.2",886,820,174,120,32,23.4,5.6,".214",".342",".260",".270",".267",".128",".306",".321",".281",".286","-0.002","-0.018","-0.010",28.4,5.3,38.5,"76.106105279","93.947545934",70.4,18.2,34.9,41.4,58.6,225,544,48,1560,78.3,7.2,894,2346,7,3248,81.8,216,1189,52,1688,46.3,1504,25.4,53.4,36.6,38.9,24.5,620,62.5,54.2,336,19.8,123,18.9,117,7.1,44,"R","3247",33.9,"25.5","98","2200","-12.1","-14.9","13.8","18.4","1.3","0.2","87","2334","1","-38.5","-2.1","6.4","1.8","27.5","91.8","2056","-16.8","-28.9","3.7","17.3","1.3",,,,,,,,,"24.6","97.8","2293","-17.7","-21.3","7.4","19.3","1.3","22.1","90","2354","0.3","-30.5","3.3","4.2","1.7",,,,,,,,,,,,,,,,,,,,,,,,,,,,,,,,,,,,,,,,,,,,,,,,,"72.3","95.4","2279","-10.2","-21.9","8.4","14.3","4.4","0.2","87","2334","1","-38.5","-2.1","6.4","1.8","27.5","91.8","2056","-16.8","-28.9","3.7","17.3"
"Cease, Dylan",656302,2022,26,"32","184.0",747,663,126,83,25,30.4,10.4,".183",".306",".263",".261",".273",".123",".323",".319",".288",".279",".007",".000",".002",31.4,6.2,31.2,"75.92510977","92.882995645",68,23.5,31.3,49.7,50.3,274,551,56.3,1758,77,6.7,76,1271,1773,3120,76.5,218,926,43.7,1362,41.2,1285,33.3,47.3,39.4,36.4,24.1,439,58.2,39.4,173,30.3,133,22.1,97,8.2,36,"R","3120",53.5,"39.9","96.8","2507","-3","-10.3","18.9","19.3","1.2","42.9","87.4","2833","4","-35","0.6","5","1.8","2.4","77.9","1720","-8.3","-29.9","15.2","17.5","2.8","13.9","81.1","2697","3.6","-59.1","-17.1","17.7","2.1","0.8","96.5","2493","-7.8","-10.8","18.8","20.4","1.3",,,,,,,,,,,,,,,,,,,,,,,,,,,,,,,,,,,,,,,,,,,,,,,,,,,,,,,,,"40.7","96.8","2507","-3.1","-10.3","18.9","19.3","1.2","56.8","85.9","2800","3.9","-40.9","-3.7","8.1","3.6","2.4","77.9","1720","-8.3","-29.9","15.2","17.5"
"Montgomery, Jordan",656756,2022,29,"32","178.1",724,677,159,102,34,21.8,5,".255",".407",".291",".310",".301",".152",".346",".372",".306",".334","-0.020","-0.023","-0.019",34.1,7.1,37.5,"77.803436381","93.693936452",69,20.5,33.3,41.1,58.9,191,465,51.5,1397,78.1,6.6,604,1506,605,2715,79.5,187,910,48.5,1318,42.7,1160,27.5,50.6,37,36.4,26.6,522,65.7,47.9,250,22.2,116,25.1,131,4.8,25,"L","2715",42.1,"16.5","93","2310","8.6","-16.6","15","17.4","1.3",,,,,,,,,"22.2","82.3","1679","10.9","-28.5","11.9","16.3","1.3","22.3","80.2","2263","-2.9","-47.7","-5.1","6.2","1.8","35.2","93","2210","16.8","-21.9","9.9","19.6","1.4","3.8","88.3","2387","-0.1","-25.7","9.3","9.7","1.9",,,,,,,,,,,,,,,,,,,,,,,,,,,,,,,,,,,,,,,,,,,,,,,,,"55.5","92.7","2252","13.2","-20.6","11.4","18.3","2","22.3","80.2","2263","-2.9","-47.7","-5.1","6.2","1.8","22.2","82.3","1679","10.9","-28.5","11.9","16.3"
"Wright, Kyle",657140,2022,26,"30","180.1",738,672,156,115,21,23.6,7.2,".243",".395",".288",".309",".307",".152",".338",".369",".311",".328","-0.011","-0.044","-0.021",31.1,6.8,41.1,"77.914176275","94.364285538",66,18.4,29.7,46.6,53.4,177,380,47.4,1278,71.2,8.2,418,1165,1114,2697,81.6,172,937,52.6,1419,42.2,1138,26.5,48.8,40.5,38.7,20.8,501,64.6,55.5,278,18.4,92,22.2,111,4,20,"R","2697",28.7,"19.2","95.2","2389","-11.5","-17.7","12.5","17.1","1.3","7.2","90.1","2395","-1","-25.5","8","8.2","1.6","15.5","88.1","1699","-15.9","-35","0.3","16.1","1.4","34.1","84.7","2723","9","-46.6","-8.6","12.7","1.5","24","94.4","2258","-16.6","-25.9","4.9","17.4","1.4",,,,,,,,,,,,,,,,,,,,,,,,,,,,,,,,,,,,,,,,,,,,,,,,,,,,,,,,,"43.2","94.7","2316","-14.3","-22.2","8.3","17.3","1.5","41.3","85.7","2665","7.3","-42.9","-5.7","11.9","2.8","15.5","88.1","1699","-15.9","-35","0.3","16.1"
"Webb, Logan",657277,2022,25,"32","192.1",787,726,174,122,38,20.7,6.2,".248",".378",".283",".300",".301",".130",".325",".347",".308",".319","-0.008","-0.032","-0.017",29.3,5.5,39,"78.053770216","94.043291367",63.9,14.5,31,43.6,56.4,205,470,50.5,1517,71.4,6.2,936,1087,983,3006,85.5,138,951,49.5,1489,44.5,1337,24.1,47.3,41.1,38.3,20.6,567,65.3,57.8,328,15.2,86,22.9,130,4.1,23,"R","3006",13.8,"3.9","92.3","2060","-10.4","-24.8","7.2","13.9","1.3",,,,,,,,,"31.1","86.4","1492","-7.1","-42","-5.6","9.3","1.3",,,,,,,,,"32.2","91.8","1878","-14.8","-34.8","-2.2","15.2","1.2",,,,,,,,,,,,,,,,,,,,,,,,,"32.7","82.5","2628","10.2","-39.4","0.7","10.4","1.2",,,,,,,,,,,,,,,,,,,,,,,,,"36.2","91.9","1898","-14.3","-33.7","-1.2","15.1","1.2","32.7","82.5","2628","10.2","-39.4","0.7","10.4","1.2","31.1","86.4","1492","-7.1","-42","-5.6","9.3"
"Ohtani, Shohei",660271,2022,27,"28","166.0",660,610,124,85,23,33.2,6.7,".202",".316",".255",".255",".257",".114",".346",".347",".315",".314",".001",".000",".000",32,6.4,33.2,"76.028692589","93.179293104",68.2,22.7,28.6,59.1,40.9,217,367,48.7,1281,79.3,9.4,312,1048,1269,2629,77.3,209,920,51.3,1348,40.2,1056,33.1,49,37.8,36.3,25.9,394,60.6,41.9,165,26.6,105,22.8,90,8.6,34,"R","2629",38.6,"27.3","97.3","2218","-3.5","-14.5","14.5","15","1.9","2.4","85.2","2498","7","-43.5","-5.7","9.3","2.3",,,,,,,,,"8.5","77.6","2482","11.2","-59.6","-13.5","17.6","3.4","3.7","97.2","1974","-16.1","-22.4","6.8","17.6","1.9","8.9","90.7","2378","3.6","-27.4","5.7","7.4","2.5","11.9","89.3","1274","-5.5","-31.9","2.5","6.8","2",,,,,,,,,"37.4","85.3","2492","14","-32.7","5","15.3","2.1",,,,,,,,,,,,,,,,,,,,,,,,,"39.9","95.8","2231","-3.1","-18.1","11.8","13.6","3.7","48.3","84","2491","13.2","-38","1.2","15.4","4.1","11.9","89.3","1274","-5.5","-31.9","2.5","6.8"
"McKenzie, Triston",663474,2022,24,"31","191.1",741,688,138,82,29,25.6,5.9,".220",".416",".268",".298",".272",".195",".328",".373",".276",".304","-0.019","-0.058","-0.030",37.3,9.8,40.6,"80.393226331","94.253239919",71.9,17.8,32,48.5,51.5,210,433,48.2,1354,78.8,8.6,0,1575,1232,2807,82.2,186,1045,51.8,1453,41.4,1163,26.8,52.7,35.7,38.4,25.9,502,62.5,34.3,172,32.3,162,23.5,118,10,50,"R","2807",51.9,"56.1","92.5","2312","-3","-11.6","20.5","20.8","1.5","21.9","87.3","2197","5.3","-25.7","9.9","11.6","1.6",,,,,,,,,"21.9","79.4","2198","7.9","-51.3","-8","11.5","1.6",,,,,,,,,,,,,,,,,,,,,,,,,,,,,,,,,,,,,,,,,,,,,,,,,,,,,,,,,,,,,,,,,"56.1","92.5","2312","-3","-11.6","20.5","20.8","1.5","43.9","83.3","2197","6.6","-38.5","1","11.6","4.7",,,,,,,
"McClanahan, Shane",663556,2022,25,"28","166.1",640,597,116,81,16,30.3,5.8,".206",".339",".248",".262",".256",".134",".325",".347",".287",".305","-0.012","-0.022","-0.014",31.6,6.4,32.6,"76.838288308","93.270402693",66.4,25.5,32.5,52.4,47.6,208,397,49.7,1223,75.3,7.2,626,877,960,2463,74.5,210,823,50.3,1240,43.9,1081,34.3,49.5,38.5,37.3,24.2,405,62.8,50.6,205,21,85,23.2,94,5.2,21,"L","2463",39,"35.6","96.7","2233","10.8","-11.7","17.7","20.9","1.5","15.4","89.3","2348","-3.6","-30.5","3.7","6.1","2","25.4","87.7","1732","16","-25.4","10.5","19.4","1.4","23.5","82","2628","-7.6","-52.1","-11.3","13.7","1.9",,,,,,,,,,,,,,,,,,,,,,,,,,,,,,,,,,,,,,,,,,,,,,,,,,,,,,,,,,,,,,,,,"35.6","96.7","2233","10.8","-11.7","17.7","20.9","1.5","39","84.9","2517","-6","-43.5","-5.3","10.7","4.4","25.4","87.7","1732","16","-25.4","10.5","19.4"
"Valdez, Framber",664285,2022,28,"31","201.1",827,745,166,129,24,23.5,8.1,".225",".334",".272",".285",".299",".109",".308",".328",".300",".305","-0.002","-0.029","-0.013",24,5.8,41.6,"78.817299816","94.706992647",64.6,14.3,27.9,54.6,45.4,221,405,48.1,1451,74,9.2,276,1585,1157,3018,85.7,145,1012,51.9,1567,41.7,1259,25.8,47,38.4,39.5,22.2,555,59.3,67.4,374,10.6,59,19.5,108,2.5,14,"L","3018",43.2,"2.6","94.1","2201","7.3","-21.8","9.1","12","1.5","10.1","83","2669","-3.6","-44.8","-5.1","6.7","1.6","9.1","88.8","1637","15.3","-32.8","2.1","15.7","2","28.2","79.2","2849","-11.7","-60.4","-16.1","20","1.6","50","93.9","2202","14.3","-24.2","7","16.1","1.5",,,,,,,,,,,,,,,,,,,,,,,,,,,,,,,,,,,,,,,,,,,,,,,,,,,,,,,,,"52.5","93.9","2202","13.9","-24.1","7.1","15.9","1.5","38.3","80.2","2802","-9.6","-56.3","-13.2","16.5","2.5","9.1","88.8","1637","15.3","-32.8","2.1","15.7"
"Urquidy, José",664353,2022,27,"29","164.1",681,630,154,91,33,19.7,5.6,".254",".464",".316",".332",".304",".210",".366",".389",".307",".323","-0.010","-0.026","-0.016",34.7,9.4,40.8,"79.048289799","94.325262048",72.1,16.8,30.1,36.5,63.5,139,381,47.9,1265,77.2,7.7,392,1520,728,2640,83.2,167,992,52.1,1375,43,1134,22.3,52,41.6,33.1,25.3,502,65.5,36.7,184,30.9,155,24.5,123,8,40,"R","2640",52.8,"52.5","93.5","2202","-7.7","-11.7","19.8","21.3","1.2",,,,,,,,,"14.8","86.1","2006","-15.8","-23.6","13.5","20.9","1.2","14.1","78.1","2628","7.4","-60.3","-14.9","16.9","2","0.2","93.9","1988","-10.4","-13.7","17.5","20.7","1.5","4.8","87.4","2508","4.2","-29.7","6","8.2","2",,,,,,,,,,,,,,,,,"13.5","80.1","2623","14.5","-41.9","1","14.9","1.6",,,,,,,,,,,,,,,,,,,,,,,,,"57.6","93","2227","-6.7","-13.2","18.6","20.2","2.3","27.6","79.1","2626","10.9","-51.3","-7.1","15.9","2.1","14.8","86.1","2006","-15.8","-23.6","13.5","20.9"
"Manoah, Alek",666201,2022,24,"31","196.2",786,713,144,97,30,22.9,6.5,".224",".352",".261",".286",".289",".128",".294",".332",".268",".299","-0.022","-0.038","-0.025",33,5.4,31.5,"77.162472322","92.941560807",68.7,17.6,30.8,40.9,59.1,188,460,50.6,1492,79.7,8.3,324,1828,797,2949,82.4,176,1001,49.4,1457,41.5,1224,24.9,49.5,42.7,34.5,22.8,539,61.8,38.4,207,27.1,146,25,135,9.5,51,"R","2949",38.2,"35.7","93.9","2369","-5.5","-14.3","16.9","17.9","1.5","27","81.5","2216","14.5","-41","0.5","14.8","1.7","11","86.5","1980","-14.5","-27.3","9.6","17.7","1.5",,,,,,,,,"26.3","93.2","2192","-14.6","-21.2","10.5","18.2","1.6",,,,,,,,,,,,,,,,,,,,,,,,,,,,,,,,,,,,,,,,,,,,,,,,,,,,,,,,,"62","93.6","2294","-9.4","-17.2","14.2","18","1.6","27","81.5","2216","14.5","-41","0.5","14.8","1.7","11","86.5","1980","-14.5","-27.3","9.6","17.7"
"Gallen, Zac",668678,2022,26,"31","184.0",714,651,121,73,32,26.9,6.6,".211",".348",".250",".279",".277",".137",".298",".341",".262",".300","-0.025","-0.041","-0.029",33,7.8,36.1,"76.866627074","93.452634902",64.8,14.3,32,38.6,61.4,192,497,53,1555,69,6.4,418,1849,668,2935,85.7,128,894,47,1380,45.1,1325,23,47.4,37.4,34.3,28.3,463,64.6,46.7,216,24.2,112,22.2,103,6.9,32,"R","2935",43.6,"48","94.1","2420","-3.4","-13.4","17.6","18","1.2","0.8","86.7","2503","7.5","-35.8","0.8","8.5","1.5","14.2","86.2","1539","-11.9","-32.8","4.1","12.9","2","21.9","81.6","2515","6.7","-53.5","-12.1","14","1.4","0","94.7","2216","-14.4","-16.3","14.4","20.3",,"14.9","89.9","2425","5.3","-26.7","7","9.3","1.4",,,,,,,,,,,,,,,,,,,,,,,,,,,,,,,,,,,,,,,,,,,,,,,,,"63","93.1","2421","-1.3","-16.6","15.1","16","2.4","22.8","81.8","2514","6.8","-52.9","-11.7","13.8","1.8","14.2","86.2","1539","-11.9","-32.8","4.1","12.9"
"Burnes, Corbin",669203,2022,27,"33","202.0",797,731,144,91,24,30.5,6.4,".212",".343",".267",".274",".275",".132",".343",".356",".294",".317","-0.015","-0.002","-0.007",31.6,5.7,34.1,"75.64792823","93.404000041",63.1,20.1,33.5,56.6,43.4,355,627,57.1,1870,73.6,5.4,322,2051,901,3274,79.9,178,886,42.9,1404,43.2,1415,35.2,46.2,43.3,36.1,20.6,490,58.1,47.6,233,24.3,119,21.8,107,6.3,31,"R","3274",41.3,"0.2","96.4","2659","-3.5","-13","16.3","16.7","1.4","9.1","88.1","2803","7.5","-35.1","-0.1","8","1.8","9.8","90.3","2045","-14.3","-26.5","7.2","16.3","1.2","18.3","81.6","2761","9.8","-47.5","-6.6","12.1","1.4","7","96.2","2495","-11.3","-17.2","12.5","17.1","1.2","55.5","95","2626","4.4","-18.7","11.4","12.5","1.3",,,,,,,,,,,,,,,,,"0.1","82.6","2753","10.4","-41.3","-1.5","10.5","1.5",,,,,,,,,,,,,,,,,,,,,,,,,"62.6","95.2","2611","2.6","-18.5","11.6","13","1.3","27.5","83.8","2775","9","-43.4","-4.4","10.7","3.7","9.8","90.3","2045","-14.3","-26.5","7.2","16.3"
"Gilbert, Logan",669302,2022,25,"32","185.2",766,702,170,107,41,22.7,6.4,".253",".421",".299",".318",".308",".169",".357",".384",".319",".337","-0.011","-0.031","-0.019",37.6,7.1,45.6,"80.915132121","95.054543814",73.1,19.8,25.8,37.6,62.4,141,375,48.2,1452,82.5,8.7,241,1667,1107,3015,80.2,226,1143,51.8,1563,41.7,1258,24.2,50.3,37.6,35.9,26.4,537,63.7,37.8,203,26.4,142,28.9,155,6.9,37,"R","3015",49.5,"53.5","96.1","2136","-6.4","-11.9","17.8","19","1.3","24.2","86.9","2289","6.1","-31.6","4.4","8.1","1.9","8","86.2","1752","-15.3","-28.3","8.5","17.7","1.8","12.5","80.8","2117","4.2","-50.1","-8.3","9.6","1.6","1.8","94.8","1979","-12.5","-17.1","13.2","18.5","1.3",,,,,,,,,,,,,,,,,,,,,,,,,,,,,,,,,,,,,,,,,,,,,,,,,,,,,,,,,"55.3","96.1","2131","-6.6","-12","17.6","19","1.3","36.7","84.8","2231","5.5","-37.9","0.1","8.6","3.7","8","86.2","1752","-15.3","-28.3","8.5","17.7"
"Bieber, Shane",669456,2022,27,"31","200.0",791,747,172,123,29,25,4.6,".242",".398",".269",".294",".279",".155",".337",".372",".312",".329","-0.012","-0.051","-0.025",32.4,7.2,43.1,"79.516670909","94.359625491",67.5,15.6,31.9,59.7,40.3,273,457,49.8,1433,79.2,7.5,67,1445,1363,2875,84.4,152,973,50.2,1442,40.8,1174,29.7,49.7,39.5,36.6,24,555,66,48.8,271,20.9,116,24.3,135,5.9,33,"R","2875",41.1,"34.4","91.3","2206","-8.5","-15.3","17.6","19.7","1.1","29.5","85","2515","2.8","-35.1","2.4","4.5","1.2","2.3","86.4","1557","-12.9","-30.3","6.4","14.8","1.2","17.9","82","2197","9.9","-51.6","-10.9","15","1",,,,,,,,,"15.8","86.9","2497","1.9","-27","8.8","9.3","1.1",,,,,,,,,,,,,,,,,,,,,,,,,,,,,,,,,,,,,,,,,,,,,,,,,"50.3","89.9","2298","-5.2","-18.9","14.9","16.4","2.5","47.4","83.9","2395","5.5","-41.3","-2.6","8.5","2","2.3","86.4","1557","-12.9","-30.3","6.4","14.8"
"Verlander, Justin",434378,2023,40,"27","162.1",669,615,139,89,30,21.5,6.7,".225",".394",".284",".295",".283",".169",".326",".342",".293",".294",".001","-0.025","-0.011",30.5,8.2,41.3,"79.990406017","94.269512972",68,16.4,30.7,36.2,63.8,143,395,49.4,1285,75,8.1,121,1302,1179,2602,83.6,147,895,50.6,1317,44.9,1168,22.5,49.6,41.7,34.3,24,475,57.4,36.2,172,28.2,134,23.4,111,12.2,58,"R","2602",55.2,"50","94.3","2428","-8","-12.2","18.8","20.5","1.3","25.3","86.9","2512","4.4","-32.4","3.8","6.5","1.5","4.7","85.2","1824","-15.4","-28.9","9","18","1.4","20","78.2","2716","7","-58.2","-13.2","15.1","1.6",,,,,,,,,,,,,,,,,,,,,,,,,,,,,,,,,,,,,,,,,,,,,,,,,,,,,,,,,,,,,,,,,"50","94.3","2428","-8","-12.2","18.8","20.5","1.3","45.3","83.1","2602","5.5","-43.8","-3.7","10.3","5","4.7","85.2","1824","-15.4","-28.9","9","18"
"Morton, Charlie",450203,2023,39,"30","163.1",716,615,150,103,30,25.6,11.6,".244",".403",".318",".330",".345",".158",".370",".391",".345",".347",".000","-0.032","-0.012",36.8,7.8,39.1,"77.30793493","94.400073953",60.7,18.6,28.3,56.2,43.8,248,441,54.9,1560,71.4,6.7,292,1322,1228,2842,81.4,145,778,45.1,1282,41.2,1170,32.2,42.9,38.7,39.4,22,437,59.8,44.2,193,25.2,110,26.1,114,4.6,20,"R","2842",20.2,"32.4","94.9","2305","-13.4","-19.5","10.9","17.3","1.3",,,,,,,,,"10.3","86","2131","-17.2","-36.7","0.3","17.3","1.5","43.2","82.3","3088","13.6","-48.3","-7.8","15.9","1.1","6.2","94.2","2137","-17.9","-26.2","4.7","18.6","1.3","8","89.1","2480","-0.6","-27.1","7","7.4","1.4",,,,,,,,,,,,,,,,,,,,,,,,,,,,,,,,,,,,,,,,,,,,,,,,,"46.5","93.8","2313","-11.8","-21.7","9.4","15.8","2.7","43.2","82.3","3088","13.6","-48.3","-7.8","15.9","1.1","10.3","86","2131","-17.2","-36.7","0.3","17.3"
"Lynn, Lance",458681,2023,36,"32","183.2",808,729,189,116,26,23.6,8.3,".247",".461",".347",".336",".318",".214",".421",".404",".350",".335",".012",".023",".011",35.2,10.4,39.3,"77.065476868","94.313936189",74.1,22,28.3,44.9,55.1,211,470,52.4,1661,86,6.8,220,2505,442,3167,78,245,1116,47.6,1506,42.3,1341,28.8,50.1,38.5,35.7,25.7,540,64.2,36.3,196,30.6,165,24.1,130,9.1,49,"R","3167",32.5,"43.7","92.4","2424","-3.2","-18.4","13.5","14","1.3",,,,,,,,,"6.9","84.9","1803","-14.1","-31.7","6.2","15.6","1.3","14","81.9","2487","9.2","-42.4","-1.5","10.2","2","12.7","91.4","2259","-11.6","-25.7","6.9","13.8","1.4","22.7","88.7","2575","2.6","-28.8","5.9","7","1.6",,,,,,,,,,,,,,,,,,,,,,,,,,,,,,,,,,,,,,,,,,,,,,,,,"79.1","91.2","2441","-2.9","-22.6","10.3","12","2.3","14","81.9","2487","9.2","-42.4","-1.5","10.2","2","6.9","84.9","1803","-14.1","-31.7","6.2","15.6"
"Gibson, Kyle",502043,2023,35,"33","192.0",807,732,198,127,43,19.5,6.8,".264",".445",".326",".333",".319",".181",".375",".384",".338",".334",".006","-0.008","-0.007",33.4,7.6,44.5,"78.377673356","94.787380789",65.9,15.9,27.8,45.2,54.8,204,451,53.4,1623,76.2,6,517,1705,816,3038,84.1,148,933,46.6,1415,41.6,1265,25.4,45.6,41.3,38.2,20.5,589,62.5,49.7,293,23.4,138,22.8,134,4.1,24,"R","3038",43.8,"13.5","92.1","2258","-5.6","-15.8","16.6","17.6","1.2",,,,,,,,,"17","85.5","1679","-14","-33.3","4.2","14.7","1.5","8.4","79.5","2447","6.4","-50.8","-7.4","10","1.3","26.1","91.9","2117","-14.3","-24.2","8.1","16.6","1.3","16.6","89.8","2352","1.3","-23.2","10.6","10.9","1.4",,,,,,,,,,,,,,,,,"18.4","81.6","2459","10.6","-40","1.2","11.1","1.3",,,,,,,,,,,,,,,,,,,,,,,,,"56.1","91.3","2220","-7.6","-21.9","10.9","15.2","1.7","26.9","80.9","2455","9.3","-43.4","-1.5","10.8","1.7","17","85.5","1679","-14","-33.3","4.2","14.7"
"Kelly, Merrill",518876,2023,34,"30","177.2",721,645,143,90,30,25.9,9.4,".240",".393",".294",".313",".316",".153",".350",".380",".310",".337","-0.018","-0.022","-0.019",35.1,7.8,41.8,"78.631396856","94.559456681",68.3,17.9,33,42.6,57.4,215,505,54.6,1530,79.9,6.4,647,1693,463,2803,82.1,156,870,45.4,1273,46.1,1292,27,49.1,42.4,37.2,20.3,462,61,45.7,211,23.6,109,24,111,6.7,31,"R","2803",26.9,"29.3","92.2","2346","-7.5","-17.5","14.7","16.6","1.5","5.5","85.4","2320","1.6","-34.3","3.2","4.1","1.5","23.1","88.7","2138","-15.7","-33.8","0.9","15.8","1.4","11","82.1","2569","8.9","-51","-10.4","13.8","1.7","12.2","92.4","2206","-15.4","-25.6","6.5","17","1.5","18.9","90.8","2348","-1.5","-20.5","12.4","12.7","1.5",,,,,,,,,,,,,,,,,,,,,,,,,,,,,,,,,,,,,,,,,,,,,,,,,"60.4","91.8","2318","-7.2","-20.1","12.3","15.4","1.7","16.5","83.2","2486","6.4","-45.4","-5.8","10.5","2.4","23.1","88.7","2138","-15.7","-33.8","0.9","15.8"
"Cole, Gerrit",543037,2023,32,"33","209.0",821,761,157,110,26,27,5.8,".229",".380",".256",".288",".281",".151",".316",".365",".290",".323","-0.023","-0.058","-0.032",33.7,7.6,39.2,"78.703162612","93.996080634",70.7,19.3,29.9,42.1,57.9,209,496,50.6,1659,76.8,7.5,233,1972,1076,3281,80.7,221,1147,49.4,1622,42.9,1409,26.2,50.1,32.4,43.5,24.1,543,67.7,40.3,219,27.4,149,24.9,135,7.4,40,"R","3281",42.1,"52.9","96.7","2412","-8.4","-12","17.4","19.4","1.4","20.7","89.1","2542","4.7","-32.6","1.7","5.7","1.5","7.1","89.1","1581","-14.2","-24.4","10.1","17.7","1.4","12.1","82.9","2783","10.1","-53.9","-13.7","17.2","1.5","0.1","96.6","2349","-13.6","-14.6","14.7","20.2","1.5","7.1","92.7","2512","2.8","-21","10.7","11.3","1.6",,,,,,,,,,,,,,,,,,,,,,,,,,,,,,,,,,,,,,,,,,,,,,,,,"60.1","96.2","2424","-7","-13.1","16.6","18.5","2","32.8","86.8","2631","6.7","-40.4","-3.9","9.9","3.7","7.1","89.1","1581","-14.2","-24.4","10.1","17.7"
"Gray, Sonny",543243,2023,33,"32","184.0",754,689,156,111,34,24.3,7.3,".240",".372",".270",".297",".302",".132",".316",".356",".306",".327","-0.014","-0.053","-0.027",32.9,6.9,39.2,"78.435195138","94.126464752",67.5,15.2,28.4,51.4,48.6,208,405,50.6,1427,74.7,8.4,188,1576,1054,2818,84.8,143,939,49.4,1391,41,1156,26.1,47.7,39.2,35.7,25.1,510,61,48,245,19.8,101,26.9,137,5.3,27,"R","2818",48.2,"26.8","92.9","2537","0.5","-19","12.5","12.7","0.9",,,,,,,,,"6.7","87.9","1715","-13.6","-29.6","5.7","15.2","1.4","16.9","79.5","2643","12.9","-58.1","-14.4","19.4","1.4","16","92.8","2445","-10.5","-22","9.6","14.5","1","13.1","87.6","2713","5.4","-34.6","0.9","6.5","1.6",,,,,,,,,,,,,,,,,"20.5","84.3","2707","15.6","-44.8","-6.2","17","1.2",,,,,,,,,,,,,,,,,,,,,,,,,"55.9","91.6","2551","-1.5","-23.5","9","11.8","2.7","37.4","82.2","2678","14.4","-50.8","-9.9","18.1","3","6.7","87.9","1715","-13.6","-29.6","5.7","15.2"
"Lyles, Jordan",543475,2023,32,"31","177.2",748,689,176,87,48,16,6,".260",".483",".340",".338",".310",".223",".379",".377",".307",".313","-0.005",".018",".002",34.6,9.9,35.5,"78.646858035","93.749665333",69.7,11.9,28.4,38.3,61.7,160,418,52.2,1471,79.1,7.3,307,1444,1065,2817,88,112,938,47.8,1346,42.9,1208,20.1,48.1,44.2,33.2,22.6,575,59.9,33.9,195,33,190,23.1,133,9.9,57,"R","2816",43.7,"30.3","91.2","2251","-6.1","-16.5","16.3","17.5","1.4",,,,,,,,,"10.9","85.5","1677","-13.3","-30.8","6.5","15.2","1.5","13.1","79.4","2437","6.8","-59","-15.3","16.9","1.8","13.4","90.5","2136","-12.7","-21.8","11.6","17.3","1.2","7.6","86.8","2411","3.8","-29.3","6.7","7.9","1.3",,,,,,,,,,,,,,,,,"24.7","80.2","2514","14.1","-41.3","1.2","14.5","1.4",,,,,,,,,,,,,,,,,,,,,,,,,"51.3","90.4","2245","-6.3","-19.8","13.6","16","2.2","37.8","79.9","2487","11.6","-47.5","-4.5","15.4","1.6","10.9","85.5","1677","-13.3","-30.8","6.5","15.2"
"Wheeler, Zack",554430,2023,33,"32","192.0",787,734,168,111,35,26.9,5,".227",".356",".277",".278",".274",".129",".350",".352",".319",".318",".002",".008","-0.001",35.1,5.1,36.4,"75.393585916","93.267420573",70.6,20.2,32.2,46.8,53.2,240,513,50.5,1592,80.6,6.8,13,2394,748,3155,79.8,223,1104,49.5,1563,44.4,1402,28.6,51.3,37.4,35.1,27.5,527,61.6,41.2,217,26,137,23.7,125,9.1,48,"R","3155",30.7,"43.3","95.8","2495","-6.3","-14.5","15.3","16.7","1.2",,,,,,,,,"0.4","90.8","1796","-15.1","-22.7","10.6","18.5","1.6","11.4","81.4","2742","10","-51.7","-10.3","14.5","1.5","18.2","95.2","2315","-15.6","-22","8.3","17.8","1.3","14.4","90.9","2571","2.5","-27","6","7.3","1.7",,,,,,,,,,,,,,,,,"12.3","84.4","2635","13.5","-36.6","1.9","14.1","1.6",,,,,,,,,,,,,,,,,,,,,,,,,"75.9","94.7","2466","-6.9","-18.6","11.9","15.2","2.5","23.7","82.9","2686","11.8","-43.9","-4","14.3","2.3","0.4","90.8","1796","-15.1","-22.7","10.6","18.5"
"Corbin, Patrick",571578,2023,33,"32","180.0",790,717,210,142,34,15.7,7.2,".298",".519",".353",".373",".351",".222",".391",".416",".349",".358","-0.005","-0.038","-0.020",37.9,9.3,44,"80.192000808","94.927415572",65.4,11.8,27.1,43,57,176,409,51.6,1508,72.2,7.6,186,1711,1025,2922,88.2,109,925,48.4,1414,44.4,1297,21.4,45.7,38.3,37.4,24.3,605,65.4,45.3,274,25.3,153,24.5,148,5,30,"L","2922",40.9,"17","91.7","2101","8.5","-18.6","13.9","16.4","1.2","35.1","80.5","2149","-2.6","-42.1","0.1","3.3","2.5","6.4","81.1","1564","12.7","-32.7","8.8","15.6","2",,,,,,,,,"41.5","92.1","2036","14.6","-21.9","10.4","18","1.2",,,,,,,,,,,,,,,,,,,,,,,,,,,,,,,,,,,,,,,,,,,,,,,,,,,,,,,,,"58.6","92","2055","12.8","-21","11.4","17.5","1.2","35.1","80.5","2149","-2.6","-42.1","0.1","3.3","2.5","6.4","81.1","1564","12.7","-32.7","8.8","15.6"
"Mikolas, Miles",571945,2023,34,"35","201.1",860,802,226,145,50,15.9,4.5,".286",".506",".330",".355",".325",".220",".372",".403",".336",".344","-0.004","-0.052","-0.025",38.9,9.8,43,"80.242845536","94.593177009",68,13.3,27.5,26.7,73.3,106,397,45.1,1443,80.1,9,172,1610,1415,3197,86.7,159,1193,54.9,1754,44.2,1414,16.7,49.7,36.5,38.7,24.8,674,68,39,263,27.7,187,26.6,179,6.7,45,"R","3197",47.5,"26","93.3","2276","-5.7","-16.3","15.1","16.3","1.3","24.3","86.4","2335","3.7","-33.4","3","5.6","1.9","5.4","84.4","1640","-14","-30.1","8.6","16.8","4","20","75.8","2490","7.8","-63","-14.9","17","1.7","24.4","92.7","2192","-14.1","-20.7","11.3","18.2","1.3",,,,,,,,,,,,,,,,,,,,,,,,,,,,,,,,,,,,,,,,,,,,,,,,,,,,,,,,,"50.4","93","2236","-9.8","-18.4","13.2","17.2","1.4","44.3","81.6","2405","5.6","-46.8","-5.1","10.7","6.2","5.4","84.4","1640","-14","-30.1","8.6","16.8"
"Kikuchi, Yusei",579328,2023,32,"32","167.2",700,646,165,110,27,25.9,6.9,".244",".436",".319",".318",".301",".191",".401",".400",".355",".340",".011","-0.010",".001",37.7,9,42.4,"80.862697662","94.432324264",67.1,18.4,29.6,50.6,49.4,207,409,49.1,1383,78.5,8.4,257,1284,1276,2818,81.6,177,963,50.9,1435,43.6,1228,28,48.7,38.1,32.8,29.1,467,59.4,40,187,25.5,119,26.1,122,8.4,39,"L","2817",42,"45.2","95.1","2339","9.8","-14.3","16.1","19","1.1","26.3","88.7","2427","-2.5","-31.6","3.2","5.2","1.7","9.1","88.6","1708","9","-27.5","7.2","11.8","1.6","18.9","83.1","2535","-6.1","-43.1","-3.7","7.9","2","0.4","90.1","1926","10.7","-24.2","9.6","14.7","1.5",,,,,,,,,,,,,,,,,,,,,,,,,"0.1","82.7","2528","-10.4","-39.7","0.5","10.8","1.5",,,,,,,,,,,,,,,,,,,,,,,,,"45.6","95","2336","9.8","-14.4","16.1","19","1.2","45.3","86.3","2472","-4","-36.4","0.3","6.3","3.6","9.1","88.6","1708","9","-27.5","7.2","11.8"
"Gausman, Kevin",592332,2023,32,"31","185.0",763,700,163,100,43,31.1,7.2,".231",".406",".292",".303",".290",".176",".391",".409",".351",".350",".002","-0.027","-0.011",36.9,9.9,43.3,"77.897586061","94.803198308",68.3,19.8,32.6,45.8,54.2,244,533,53.2,1634,80.4,7.3,1176,1562,331,3069,80.2,194,980,46.8,1435,43.3,1329,28.9,49.3,35.2,36.3,28.5,466,63.4,42.9,200,26.4,123,24.7,115,6,28,"R","3069",38.4,"50.7","94.7","2278","-10.6","-13.8","16.9","20.1","2.2","10.2","84","2236","1","-34.3","4.6","5.1","2.5",,,,,,,,,,,,,,,,,"0.2","92.6","2140","-12.5","-19","13","18.4","1.9",,,,,,,,,"38.3","86.3","1787","-16.3","-32.2","4.7","17.2","2",,,,,,,,,"0.6","77.6","2237","11.8","-38.2","7.4","15","1.7",,,,,,,,,,,,,,,,,,,,,,,,,"50.9","94.6","2278","-10.6","-13.8","16.9","20.1","2.2","10.8","83.6","2236","1.6","-34.5","4.8","5.7","2.9","38.3","86.3","1787","-16.3","-32.2","4.7","17.2"
"Walker, Taijuan",592836,2023,30,"31","172.2",733,650,155,96,35,18.8,9.7,".245",".410",".313",".322",".326",".165",".339",".352",".301",".309","-0.007","-0.013","-0.009",33.1,6.8,40.9,"77.901900078","94.417705363",63.7,13.5,27.4,34.4,65.6,145,421,54.1,1535,69.3,6.8,943,1645,249,2837,86.5,112,830,45.9,1302,41.5,1178,20.5,44.1,38.6,38.8,22.7,516,60.7,45.3,234,25,129,23.4,121,6.2,32,"R","2837",39.9,"17.6","92.8","2114","-9.1","-15.2","16.7","19.1","1.6",,,,,,,,,,,,,,,,,"5.7","74.8","2352","7.8","-60.3","-11.2","13.8","1.9","23.2","92.4","1961","-15.4","-20.7","11.4","19.2","1.7","17.2","87.2","2384","2.8","-25.3","10.5","11.3","1.9","33.2","87.9","1414","-11.8","-33","2.4","12.4","1.7",,,,,,,,,"3.1","82.9","2558","9.6","-32.3","7.5","13","1.8",,,,,,,,,,,,,,,,,,,,,,,,,"58","91","2133","-8.1","-20.4","12.7","16.9","3.3","8.8","77.7","2424","8.4","-50.5","-4.7","13.5","4.4","33.2","87.9","1414","-11.8","-33","2.4","12.4"
"Bassitt, Chris",605135,2023,34,"33","200.0",826,749,176,108,38,22.5,7.1,".238",".409",".304",".310",".303",".171",".355",".364",".310",".315","-0.003","-0.006","-0.006",36,8.3,35.3,"75.819874626","93.662809412",65.6,16.6,27,36.2,63.8,145,401,47.4,1487,75,9,309,2008,822,3139,83.4,180,1084,52.6,1652,42.5,1334,21.9,47.3,38.7,34.4,26.9,569,63.4,42.9,244,27.1,154,23.2,132,6.9,39,"R","3139",39.5,"9.3","92.4","2153","-5.3","-18.9","13.2","14.4","1.5","4.6","80.3","2334","7.5","-43.7","-1.3","8.5","2.1","6.5","84.1","1931","-17.2","-30.6","8.2","19.2","1.5","12.6","70.7","2269","14","-69.9","-14.1","20","1.5","39.2","91.9","2096","-15.9","-23.8","8.7","18.3","1.5","15.4","87.8","2205","2.5","-27.3","8.1","8.8","2.3","3.3","82.6","1406","-13.6","-36.1","4.2","15","1.9",,,,,,,,,"9","73.2","2286","18.2","-53.7","-2","18.5","1.5",,,,,,,,,,,,,,,,,,,,,,,,,"64","91","2131","-9.9","-23.9","9.2","15.4","2.6","26.2","73.2","2286","14.3","-59.8","-7.7","17.5","4.2","9.8","83.6","1754","-16","-32.4","6.8","17.8"
"Nola, Aaron",605400,2023,30,"32","193.2",793,741,178,108,35,25.5,5.7,".235",".408",".303",".297",".279",".173",".382",".373",".328",".322",".005",".017",".006",36.3,8.3,38.5,"78.53543572","94.143390037",64.5,16.9,34.7,42,58,230,548,51.1,1578,69.7,6.5,385,1725,977,3087,83.1,165,974,48.9,1509,46.9,1449,26,49.3,42.4,35.8,21.8,545,64.8,43.1,235,25.9,141,24.6,134,6.4,35,"R","3087",22.8,"29.7","92.7","2306","-12.3","-16.8","15.1","19.6","1.5",,,,,,,,,"12.5","85.9","1557","-14.8","-32.5","4.6","15.8","1.4","31.6","79.4","2591","12.5","-54.8","-11","16.8","1.4","18.7","91.7","2212","-17.4","-23.6","9","19.6","1.7","7.5","86.3","2266","0.8","-30.2","6.4","6.8","1.5",,,,,,,,,,,,,,,,,,,,,,,,,,,,,,,,,,,,,,,,,,,,,,,,,"55.9","91.5","2269","-12.2","-20.8","11.9","17.9","2.8","31.6","79.4","2591","12.5","-54.8","-11","16.8","1.4","12.5","85.9","1557","-14.8","-32.5","4.6","15.8"
"Snell, Blake",605483,2023,30,"32","180.0",742,636,115,78,22,31.5,13.3,".205",".352",".266",".300",".315",".147",".312",".376",".284",".325","-0.024","-0.066","-0.034",37,7.5,33.8,"75.667264472","93.364914171",65.9,23.8,27.8,58.4,41.4,310,531,60.3,1911,71.2,5.1,584,1541,1043,3168,76.2,197,828,39.7,1257,42,1329,37.3,42.9,37.3,35.3,27.4,405,59.3,43.7,177,24.9,101,26.4,107,4.9,20,"L","3168",57.5,"48.6","95.5","2430","4.6","-11.4","18.8","19.4","1.4","13.1","88.4","2345","-3","-28","7.1","8.2","1.4","18.4","86.7","1796","12.8","-25.5","11","17","1.7","19.8","81","2399","-12.6","-52.6","-10.4","16.4","1.6","0.1","95.9","2411","6.6","-10.8","19.1","20.2","1.4",,,,,,,,,,,,,,,,,,,,,,,,,,,,,,,,,,,,,,,,,,,,,,,,,,,,,,,,,"48.6","95.5","2430","4.6","-11.4","18.8","19.4","1.4","32.9","83.9","2377","-8.7","-42.8","-3.4","13.1","4.3","18.4","86.7","1796","12.8","-25.5","11","17"
"Giolito, Lucas",608337,2023,28,"33","184.1",794,705,169,87,34,25.7,9.2,".236",".449",".339",".329",".314",".213",".419",".403",".333",".330",".004",".033",".010",33.3,11,41.6,"77.97955087","94.420691621",67.5,18.7,27.1,52.6,47.4,234,445,51.4,1640,77.5,7.5,902,1338,950,3190,81.3,196,1047,48.6,1550,41.2,1315,28.8,46.8,40.6,32.9,26.4,507,61.3,36.1,183,29,147,23.1,117,11.8,60,"R","3190",51.4,"41.9","93.1","2173","-5.5","-13.5","18.1","19.1","1.4","28.2","84","1978","1.6","-38.3","0.6","3","1.7","28.3","80.9","1547","-12.8","-30.7","11","17","1.5","1.5","77.9","2334","6.2","-60.3","-14.8","16.2","1.7","0.1","94.1","2312","-4.3","-12.7","18.2","18.7","1.5",,,,,,,,,,,,,,,,,,,,,,,,,,,,,,,,,,,,,,,,,,,,,,,,,,,,,,,,,"41.9","93.1","2173","-5.5","-13.5","18.1","19.1","1.4","29.8","83.7","1996","1.9","-39.4","-0.2","3.7","2.3","28.3","80.9","1547","-12.8","-30.7","11","17"
"Eflin, Zach",621107,2023,29,"31","177.2",703,671,158,104,31,26.5,3.4,".217",".382",".276",".270",".248",".165",".358",".351",".324",".301",".018","-0.003",".006",29.2,9,35.1,"75.557414813","93.73501605",64.4,16.9,34.1,39,61,164,421,48,1236,76.3,6.9,131,1654,792,2577,83.1,146,864,52,1341,46.3,1194,24.1,49.9,42.2,35.9,21.8,490,65.7,50.4,247,22,108,20.2,99,7.3,36,"R","2577",32.7,"5.8","93.1","2229","-7.6","-17.4","14.3","16.3","1.2","0.3","84.1","2292","5.8","-38.2","0.7","6.1","1.5","5.1","86.4","1615","-15.8","-32","4.7","16.7","1.7","26.3","79.1","2503","11.5","-51.4","-7.4","13.9","1.5","32.3","92.2","2099","-16.6","-26.3","6","17.9","1.2","26.1","88.5","2236","2.4","-26.3","8.5","9.2","1.5",,,,,,,,,,,,,,,,,"4.1","79.7","2477","16.6","-43","0.5","16.9","1.4",,,,,,,,,,,,,,,,,,,,,,,,,"64.2","90.8","2166","-8.1","-25.5","7.8","14.2","2.5","30.7","79.2","2497","12.1","-50.1","-6.3","14.3","1.6","5.1","86.4","1615","-15.8","-32","4.7","16.7"
"Berríos, José",621244,2023,29,"32","189.2",782,717,173,113,33,23.5,6.6,".257",".441",".302",".326",".315",".184",".363",".398",".323",".345","-0.016","-0.044","-0.024",39.1,8.6,35.8,"77.334530262","93.583561201",63.1,16.9,30.6,42.5,57.5,195,459,51.1,1500,69.8,7.3,543,1524,870,2937,83.1,153,907,48.9,1437,43.4,1276,25.5,46.5,38.2,38,23.8,537,63,42.1,226,25.1,135,26.6,143,6.1,33,"R","2937",41.3,"20.3","94.3","2230","-8.9","-15","15.9","18.3","1.3",,,,,,,,,"18.5","84.1","1436","-14.2","-34.4","4.4","15.1","2.5",,,,,,,,,"31.5","93.8","2116","-15.6","-19.2","11.9","19.7","1.3","0","92.4","1990","-7.8","-17.6","14.4","16.3",,,,,,,,,,,,,,,,,,,,,,,,,,"29.6","82.6","2376","15.6","-45.4","-5.1","16.5","2.1",,,,,,,,,,,,,,,,,"51.9","94","2161","-13","-17.6","13.5","19.2","1.3","29.6","82.6","2376","15.6","-45.4","-5.1","16.5","2.1","18.5","84.1","1436","-14.2","-34.4","4.4","15.1"
"Castillo, Luis",622491,2023,30,"33","197.0",802,735,160,91,36,27.3,7,".226",".414",".289",".302",".285",".188",".363",".383",".307",".321","-0.008","-0.019","-0.013",31,9.4,41.8,"78.960209073","94.709603649",73.5,22.9,31.2,48.2,51.8,245,508,50.7,1627,77.7,7.4,499,1998,710,3207,77.1,266,1162,49.3,1580,43.7,1403,30.6,52.1,35.6,36.6,27.8,522,63.7,39.5,206,27.6,144,23.9,125,9,47,"R","3207",18.1,"44.3","96.3","2287","-12","-16","13.6","18.2","1.4","22.1","85.7","2347","1.1","-36.9","0.2","2.7","1.4","15.6","88.3","1906","-17.8","-33.7","1.4","18","1.4",,,,,,,,,"18","95.9","2099","-18.5","-24.9","4.9","19.2","1.5",,,,,,,,,,,,,,,,,,,,,,,,,,,,,,,,,,,,,,,,,,,,,,,,,,,,,,,,,"62.3","96.1","2232","-13.9","-18.6","11.1","18.5","1.4","22.1","85.7","2347","1.1","-36.9","0.2","2.7","1.4","15.6","88.3","1906","-17.8","-33.7","1.4","18"
"López, Pablo",641154,2023,27,"32","194.0",801,738,176,121,26,29.2,6,".213",".343",".294",".270",".269",".130",".384",".346",".346",".311",".025",".042",".024",32.4,6.3,34.8,"75.934517778","93.235848194",69.2,21.4,34.3,47.9,52.1,250,522,50.3,1522,75.3,7.5,638,1363,1023,3024,78.5,223,1040,49.7,1502,44.7,1352,30.3,51.7,41.7,36.5,21.8,509,68.9,45.4,231,25.3,129,22.8,116,6.7,34,"R","3024",36.1,"34.5","94.9","2262","-5","-16","14.3","15.3","1.1",,,,,,,,,"21.1","88.4","2067","-16.5","-29.2","5.8","17.6","1.3","12.4","82.5","2655","9","-50.6","-10.3","13.9","1.5","10.6","94.5","2114","-14.2","-22.4","8.3","16.5","1.1",,,,,,,,,,,,,,,,,,,,,,,,,"21.5","84.4","2495","13.2","-38.7","-0.2","13.6","1.6",,,,,,,,,,,,,,,,,,,,,,,,,"45.1","94.8","2227","-7.2","-17.5","12.9","15.6","1.1","33.8","83.7","2554","11.6","-43.1","-3.9","13.7","1.9","21.1","88.4","2067","-16.5","-29.2","5.8","17.6"
"Dunning, Dane",641540,2023,28,"35","172.2",722,652,163,113,27,19.4,7.6,".258",".418",".310",".325",".324",".160",".344",".366",".315",".327","-0.008","-0.025","-0.015",32.5,7.5,40.2,"77.759256899","94.06919",66.1,14.3,27.8,41.4,58.6,155,374,49.9,1344,78.9,7.9,418,1523,755,2696,85.7,128,894,50.1,1352,43.3,1168,22.3,47,41.8,37.1,21.1,517,63,47.2,244,24.2,125,22.4,116,6.2,32,"R","2696",37.6,"2.4","90.6","2169","-5.8","-20.7","12.6","14.1","1.3","23.3","82.1","2361","3","-42","-1.4","4","1.7","15.5","85.7","1775","-16.9","-32.4","5","17.8","1.2","4.7","77.7","2173","10.5","-60.6","-14.7","18.3","1.6","34","90.9","2054","-13.9","-25.4","7.8","16.2","1.2","20.1","88.9","2191","1.1","-24.4","10","10.3","1.4",,,,,,,,,,,,,,,,,,,,,,,,,,,,,,,,,,,,,,,,,,,,,,,,,"56.5","90.2","2107","-8.2","-24.9","8.8","14","1.7","28","81.4","2329","4.2","-45.1","-3.6","6.4","2.5","15.5","85.7","1775","-16.9","-32.4","5","17.8"
"Peralta, Freddy",642547,2023,27,"30","165.2",680,617,131,75,30,30.9,7.9,".211",".364",".291",".284",".280",".153",".381",".369",".321",".319",".001",".023",".007",32.3,8.6,37.7,"75.952795517","93.704981926",68.9,24.2,28.7,53.8,46.2,231,429,52.6,1493,74.7,6.6,415,1453,971,2839,75.8,224,927,47.4,1346,43,1221,33.6,47.8,42.5,30.6,26.9,409,62.4,42.8,175,27.1,111,20.5,84,9.5,39,"R","2839",35.7,"51.2","94.4","2414","-6.9","-15.3","15.5","17.1","1.7","8.2","83.1","2313","4.5","-39.4","0.1","5.2","1.4","14.6","88.6","1707","-14.2","-30.2","4.7","15.2","1.2","12.5","77","2177","4.2","-51.7","-5.4","7.2","2.1",,,,,,,,,,,,,,,,,,,,,,,,,,,,,,,,,"13.5","82","2360","9.3","-36.2","4.6","11.4","1.3",,,,,,,,,,,,,,,,,,,,,,,,,"51.2","94.4","2414","-6.9","-15.3","15.5","17.1","1.7","34.2","80.4","2282","6.3","-42.6","-0.1","8.4","3.4","14.6","88.6","1707","-14.2","-30.2","4.7","15.2"
"Alcantara, Sandy",645261,2023,27,"28","184.2",762,700,176,123,30,19.8,6.3,".260",".418",".301",".319",".312",".158",".345",".369",".317",".332","-0.009","-0.027","-0.018",31.4,7,40.6,"77.348736884","94.275894674",72.1,18.9,34.9,40,60.3,183,458,48.2,1312,83.9,7.1,742,1903,76,2721,81,192,1016,51.8,1409,45.6,1242,25.4,54.2,36.8,39.9,23.3,557,65,51.9,289,21.5,120,21.9,122,4.7,26,"R","2721",33.7,"21.4","98","2254","-11.9","-15.1","13.6","18.1","1.2","2.8","86.4","2451","3.2","-38.8","-2.4","4.5","1.6","27.3","91.1","1968","-16.3","-29.3","3.6","16.9","1.3",,,,,,,,,"29","97.6","2329","-17.5","-21.4","7.4","19.1","1.2","19.6","89.9","2365","0.4","-29.6","4.2","4.8","1.8",,,,,,,,,,,,,,,,,,,,,,,,,,,,,,,,,,,,,,,,,,,,,,,,,"69.9","95.6","2316","-10.8","-21.8","8.4","14.8","4.2","2.8","86.4","2451","3.2","-38.8","-2.4","4.5","1.6","27.3","91.1","1968","-16.3","-29.3","3.6","16.9"
"Cease, Dylan",656302,2023,27,"33","177.0",784,689,172,112,32,27.3,10.1,".238",".386",".321",".314",".324",".148",".397",".385",".358",".345",".012",".019",".007",36.8,6.2,41.6,"79.788605816","94.355014456",68.6,18.6,28.2,55.5,44.5,282,508,55.2,1799,76.9,6.9,99,1408,1755,3262,81.4,187,1003,44.8,1463,38.7,1264,31,46.3,41,34.9,24.1,481,61.1,36.8,177,27.2,131,27.9,134,8.1,39,"R","3262",53.4,"43.2","95.6","2519","-3.2","-11.2","18.8","19.2","1.2","38.6","86.3","2795","2.5","-34.7","1.9","3.9","1.6","3","74.6","1678","-7","-33.3","15.8","17.4","3.2","15.2","80.2","2641","3.6","-58.5","-15.8","16.3","1.9",,,,,,,,,,,,,,,,,,,,,,,,,,,,,,,,,,,,,,,,,,,,,,,,,,,,,,,,,,,,,,,,,"43.2","95.6","2519","-3.2","-11.2","18.8","19.2","1.2","53.8","84.6","2752","2.8","-41.4","-3.1","7.4","3.5","3","74.6","1678","-7","-33.3","15.8","17.4"
"Keller, Mitch",656605,2023,27,"32","194.1",825,752,187,122,38,25.5,6.7,".248",".406",".310",".315",".310",".158",".381",".389",".342",".344",".001","-0.002","-0.005",36.5,8.6,35.6,"75.953749524","93.735176239",65.5,18,27.2,37.7,62.3,148,393,46.3,1444,71.6,8.8,88,2268,763,3119,82,198,1097,53.7,1675,42.5,1325,23.2,47.8,34.7,36.5,28.8,548,63.8,44.2,242,25.5,140,25,137,5.3,29,"R","3119",38.9,"26.1","95.2","2378","-9","-15.2","15","17.6","1.7","0.4","90.4","2418","3.4","-26.8","6.5","7.7","1.4","2.8","90.7","1646","-15.4","-29.8","3.5","16.1","1.5","8","78","2604","12.5","-59.9","-14.3","19.1","1.5","22.8","93.8","2374","-15.6","-21.9","9.2","18.2","1.5","23.8","89.7","2457","3.6","-28.3","5.5","7.2","2.1",,,,,,,,,,,,,,,,,"16.1","82.8","2757","18.5","-40.5","-0.4","18.7","1.7",,,,,,,,,,,,,,,,,,,,,,,,,"72.7","93","2402","-6.9","-21.6","10","14.4","3.2","24.5","81.3","2702","16.3","-46.6","-4.8","18.6","3.3","2.8","90.7","1646","-15.4","-29.8","3.5","16.1"
"Montgomery, Jordan",656756,2023,30,"32","188.2",777,718,177,111,45,21.4,6.2,".249",".409",".298",".308",".299",".161",".350",".364",".318",".323","-0.002","-0.016","-0.010",36.3,7.5,37.9,"77.154947138","93.903178297",66.5,17.8,30.1,42.8,57.2,195,456,51.9,1515,76.4,6.8,670,1596,654,2920,82.2,166,934,48.1,1405,43,1257,26,47.6,36.7,36.3,27,559,64.7,43.8,245,23.6,132,27,151,5.5,31,"L","2920",46.7,"10.9","93.2","2345","5.9","-15.9","15.5","16.8","1.3","0.2","87.1","2402","-2.5","-29","6.8","8.1","1.4","22.9","83.5","1673","9.2","-26.3","12.8","16","1.2","22.2","80.5","2356","-3","-48.7","-6.6","7.4","1.2","42.7","93.3","2199","15.4","-20.9","10.5","18.7","1.2","1.1","88.2","2373","-2.3","-28.2","6.8","7.4","1.5",,,,,,,,,,,,,,,,,,,,,,,,,,,,,,,,,,,,,,,,,,,,,,,,,"54.7","93.2","2232","13.2","-20.1","11.4","18.1","1.5","22.4","80.6","2356","-3","-48.5","-6.4","7.4","1.5","22.9","83.5","1673","9.2","-26.3","12.8","16"
"Steele, Justin",657006,2023,27,"30","173.1",716,666,167,117,34,24.6,5,".247",".368",".291",".291",".293",".121",".359",".359",".339",".336",".004",".003",".000",33.4,5.4,36.6,"76.614522327","93.56474102",71.4,15.7,32,44.9,55.1,180,401,46.8,1254,80.8,8.2,28,1724,926,2678,84.3,160,1017,53.2,1424,43,1152,24,52.9,41.4,34.2,24.3,497,65.5,50.3,250,19.5,97,24.1,120,6,30,"L","2678",47.3,"62.8","91.8","2402","-1.3","-21.5","10.8","11","1.5","33.8","83.3","2658","-14.1","-39.9","-0.4","14.3","1.6","1","87.5","1745","11","-28.2","7.5","13.5","1.3","0.7","80.5","2666","-11.1","-51.7","-9.6","15.1","1.3","1.6","91.8","2389","8.6","-21.3","11","14.5","1.4",,,,,,,,,,,,,,,,,,,,,,,,,,,,,,,,,,,,,,,,,,,,,,,,,,,,,,,,,"64.4","91.8","2401","-1.1","-21.5","10.8","11.1","1.5","34.6","83.2","2658","-14","-40.1","-0.6","14.4","1.6","1","87.5","1745","11","-28.2","7.5","13.5"
"Webb, Logan",657277,2023,26,"33","216.0",850,811,201,143,34,22.8,3.6,".251",".397",".283",".295",".283",".146",".348",".365",".326",".330","-0.003","-0.023","-0.012",28.4,7,46,"79.69594423","95.252167361",62.6,11.3,32.4,39,61,202,518,50.3,1601,78.1,6.8,1324,1185,673,3182,88.7,112,989,49.7,1581,45.7,1455,20.8,47.4,38.6,41.8,19.5,619,65.3,62.7,388,14.9,92,20.5,127,1.9,12,"R","3182",22.1,"4.1","92.6","1979","-10.8","-23","8.8","14.7","1.1",,,,,,,,,"41.6","87.5","1476","-11.3","-40","-4.4","12.4","1.2",,,,,,,,,"33.2","92.3","1873","-16","-31.3","0.9","16.1","1",,,,,,,,,,,,,,,,,,,,,,,,,"21.2","84.3","2559","12.3","-38","0.5","12.7","1.2",,,,,,,,,,,,,,,,,,,,,,,,,"37.2","92.3","1885","-15.4","-30.4","1.7","16","1","21.2","84.3","2559","12.3","-38","0.5","12.7","1.2","41.6","87.5","1476","-11.3","-40","-4.4","12.4"
"Valdez, Framber",664285,2023,29,"31","198.0",808,728,166,107,37,24.8,7.1,".248",".411",".287",".319",".312",".163",".342",".391",".310",".343","-0.020","-0.046","-0.032",30.9,8,45.6,"81.844590865","95.101299868",65.1,13.8,29,56.1,43.9,238,424,49.6,1464,74.7,8.4,461,1486,1003,2952,86.2,134,968,50.4,1486,40.8,1203,26.8,47.2,40.6,35.7,23.7,540,58.8,55.2,298,18.5,100,23.9,129,2.4,13,"L","2950",49,"0.2","94.5","2121","12.5","-17.8","13","19","1.6","8.7","84.7","2636","-2.9","-41.8","-3.6","5.3","1.8","15.6","90.1","1676","15.5","-29.2","4.7","16.5","1.6","25.3","80.2","2842","-8.7","-57.2","-14.3","16.9","1.6","46.8","95.3","2187","15.8","-20.5","9.9","18.8","1.4","3.4","89.1","2438","-1.5","-28.1","6.1","6.7","1.8",,,,,,,,,,,,,,,,,,,,,,,,,,,,,,,,,,,,,,,,,,,,,,,,,"50.4","94.9","2204","14.6","-21","9.6","18","2.3","34","81.4","2789","-7.2","-53.2","-11.5","13.9","2.7","15.6","90.1","1676","15.5","-29.2","4.7","16.5"
"Javier, Cristian",664299,2023,26,"31","162.0",687,611,143,81,33,23.1,9,".228",".451",".317",".325",".306",".222",".369",".382",".312",".307",".006","-0.027","-0.008",38.1,9.4,38.3,"78.877175219","93.876231451",69.3,19.8,29.3,42,58,189,450,53.3,1537,74.7,7.5,119,1682,1081,2882,80.2,185,932,46.7,1345,41.6,1198,27.1,48,35.5,36.6,27.9,459,55.3,26.1,120,38.8,178,24.2,111,10.9,50,"R","2882",38.5,"58.4","92.7","2255","-5.6","-13.3","18.6","19.6","1.2","0.1","80.8","2392","2.2","-34.3","7.9","8.4","1.5","4.1","83.7","2398","-15.9","-31.5","7.7","17.8","1.5","7.5","76.6","2937","12.2","-57.4","-10.3","16.3","1.3",,,,,,,,,,,,,,,,,,,,,,,,,,,,,,,,,"29.9","79.5","2552","14.1","-41.2","2.3","14.6","1.5",,,,,,,,,,,,,,,,,,,,,,,,,"58.4","92.7","2255","-5.6","-13.3","18.6","19.6","1.2","37.5","78.9","2629","13.7","-44.4","-0.2","14.9","2","4.1","83.7","2398","-15.9","-31.5","7.7","17.8"
"Kremer, Dean",665152,2023,27,"32","172.2",735,673,171,117,26,21.4,7.5,".264",".458",".317",".338",".324",".194",".369",".398",".330",".344","-0.010","-0.042","-0.021",36.9,8.9,40.3,"79.052297752","94.393783895",69.2,18.4,26.3,38.6,61.4,149,386,50.2,1467,76.3,7.5,357,2211,357,2925,81.6,186,1009,49.8,1458,43.1,1262,24,47.7,35.5,34.9,29.5,518,62.6,40.2,208,26.8,139,28,145,5,26,"R","2925",37.4,"36.6","94.6","2305","-9.6","-13.8","16.8","19.5","1.3",,,,,,,,,"12.1","85.3","1715","-15.4","-32.7","5","16.6","1.3","8.9","78.1","2756","10.4","-55.6","-10.6","15.4","1.5","15.1","92","2011","-15.9","-22.4","10","18.9","1.6","23.8","88.7","2435","3.8","-25.9","8.6","9.8","1.4","0.1","85.6","1708","-13.4","-33","4.4","14.3","1.4",,,,,,,,,"3.3","82.8","2658","12.6","-41.5","-1.4","12.9","1.5",,,,,,,,,,,,,,,,,,,,,,,,,"75.6","92.2","2287","-6.6","-19.4","12.9","16.3","3.2","12.2","79.4","2730","11","-51.8","-8.2","14.7","2.7","12.2","85.3","1715","-15.4","-32.7","5","16.5"
"Luzardo, Jesús",666200,2023,25,"32","178.2",741,677,162,94,43,28.1,7.4,".230",".416",".307",".307",".293",".186",".393",".394",".344",".331",".009","-0.007",".000",34.7,9.6,40,"78.474338846","94.421479593",67.7,19.7,31.3,54.1,45.9,266,492,52.6,1572,77.6,6.9,626,1499,863,2988,80.3,189,959,47.4,1416,42.1,1258,31.4,48.6,37.5,34.5,28,472,59.4,41.1,194,28.6,135,21.6,102,8.7,41,"L","2988",35,"41.3","96.7","2250","13.9","-15.3","14.1","19.9","1.2","28.9","85.1","2320","0.1","-36.3","1.5","2.1","1.5","21","88.3","1968","16.2","-28.4","6.8","17.7","1.3",,,,,,,,,"8.5","96.5","2150","16.8","-18.3","11.2","20.3","1.3","0.4","91.4","2146","2","-25.8","6.9","7.5","1.4",,,,,,,,,,,,,,,,,,,,,,,,,,,,,,,,,,,,,,,,,,,,,,,,,"50.2","96.7","2233","14.3","-15.9","13.6","19.9","1.3","28.9","85.1","2320","0.1","-36.3","1.5","2.1","1.5","21","88.3","1968","16.2","-28.4","6.8","17.7"
"Gallen, Zac",668678,2023,27,"34","210.0",846,790,188,121,42,26,5.6,".250",".434",".289",".315",".296",".184",".362",".401",".328",".346","-0.012","-0.052","-0.026",36.4,9.2,46.2,"82.024994196","95.003873538",65.3,14.9,30,50.2,49.8,251,500,51.3,1666,75.5,6.2,453,1928,867,3248,85.1,154,1033,48.7,1582,43.8,1423,26.4,47.2,38.2,39.7,22.1,574,66.1,42.3,243,26.5,152,27,155,4.2,24,"R","3248",42.7,"49.7","93.5","2297","-3","-14.4","17","17.3","1.2","4","87.3","2436","5.4","-34.8","1.2","6.2","1.4","13.9","86.8","1517","-12.6","-32.1","4.2","13.6","1.6","22.7","82.5","2463","4","-51","-10.7","11.6","1.4","0","93.8","2394","-1.9","-11.6","19.9","20",,"9.6","90.2","2335","3.4","-24.8","8.8","9.8","1.5",,,,,,,,,,,,,,,,,,,,,,,,,,,,,,,,,,,,,,,,,,,,,,,,,"59.4","93","2303","-1.9","-16.1","15.6","16.1","1.9","26.7","83.2","2459","4.2","-48.6","-8.9","10.8","2.3","13.9","86.8","1517","-12.6","-32.1","4.2","13.6"
"Burnes, Corbin",669203,2023,28,"32","193.2",784,704,141,99,19,25.5,8.4,".221",".347",".266",".287",".295",".126",".307",".339",".276",".309","-0.021","-0.023","-0.021",31,5.3,32.4,"74.856549488","92.974631594",65.8,17.8,30,48.9,51.1,246,503,54.5,1678,71.8,6.6,346,1942,791,3079,82.2,164,922,45.5,1401,42,1292,28.8,46.3,43.9,34.7,21.4,510,59.3,44.1,225,24.3,124,25.9,132,5.7,29,"R","3079",43.3,,,,,,,,,"3.9","88.1","2807","7.1","-34.3","0.7","7.7","2","11.2","89.3","2049","-13.8","-27.2","7.1","15.8","1.2","17.2","79.9","2794","10.4","-53.9","-10.9","15.3","1.4","7.7","95.3","2489","-10.7","-19.1","10.9","15.5","1.2","55.4","94.4","2655","3.1","-19.2","11.2","12","1.2",,,,,,,,,,,,,,,,,"4.5","84.3","2936","17","-36.3","2.3","17.4","1.3",,,,,,,,,,,,,,,,,,,,,,,,,"63.1","94.5","2635","1.5","-19.2","11.2","12.4","1.2","25.7","81.9","2821","11","-47.8","-6.8","14.5","3.8","11.2","89.3","2049","-13.8","-27.2","7.1","15.8"
"Gilbert, Logan",669302,2023,26,"32","190.2",770,724,169,102,36,24.5,4.7,".238",".411",".290",".295",".275",".173",".363",".371",".313",".321","-0.005","-0.002","-0.005",35,9,44.6,"80.44648539","94.746169145",71.4,18,30,49.3,50.7,201,408,46.5,1359,84.3,9.1,432,1231,1259,2922,82,201,1116,53.5,1563,40.7,1189,26.4,52.2,40.1,36.1,23.8,543,63.5,42.2,229,28.5,155,23.2,126,6.1,33,"R","2922",52.3,"41.8","95.7","2000","-6.1","-12.8","17","18.2","1.3","29.7","88.7","2009","0.8","-34.4","0.3","2.2","1.4",,,,,,,,,"13.4","80.3","2324","7.1","-55.1","-12.6","14.7","2.2","0.4","94.2","1956","-11.6","-16","14.9","19.1","1.7",,,,,,,,,"14.8","85.6","906","-7.3","-33.2","4","9.1","1.5",,,,,,,,,,,,,,,,,,,,,,,,,,,,,,,,,,,,,,,,,"42.1","95.7","2000","-6.2","-12.9","17","18.2","1.4","43.1","86.1","2107","2.8","-40.9","-3.7","6.1","4.7","14.8","85.6","906","-7.3","-33.2","4","9.1"
"Kirby, George",669923,2023,25,"31","190.2",757,727,179,122,28,22.7,2.5,".258",".427",".284",".305",".282",".170",".354",".381",".321",".337","-0.012","-0.032","-0.021",32,7.5,40.9,"78.350455269","94.249794794",71,17.2,33,39.2,60.8,158,403,43.3,1223,77.9,8.6,222,1722,880,2825,82.8,195,1137,56.7,1602,45.3,1279,22.9,54.5,38.2,31.4,30.4,560,69.5,44.6,250,25.7,144,22.1,124,7.5,42,"R","2824",35.7,"39.4","96.1","2209","-8.3","-14.4","15.2","17.4","1.3",,,,,,,,,"1.8","86.6","1518","-16","-31.3","5.2","17","1.4","11.5","81.8","2343","9.2","-53.9","-12.8","15.8","1.5","21.5","95.8","2229","-15.8","-19.4","10.4","19","1.4","0","90.3","2229","-1.4","-32.5","1.5","2",,"6.1","84.9","799","-10.3","-37.5","0.4","11.1","1.3","0.1","75.1","452","-5.6","-45.6","3.5","8.5","1.6","19.6","86.2","2335","11","-39.2","-2.5","11.8","1.6",,,,,,,,,,,,,,,,,,,,,,,,,"61","96","2216","-10.9","-16.2","13.5","18","1.4","31.2","84.6","2334","10.3","-44.6","-6.2","13.3","2.9","7.9","85.3","965","-11.6","-36.1","1.5","12.4"
"Oviedo, Johan",670912,2023,25,"32","177.2",781,678,161,96,41,20.2,10.6,".245",".407",".319",".330",".339",".162",".347",".362",".307",".320","-0.008","-0.010","-0.011",32.2,7.6,40.2,"77.184773602","94.173687869",69.9,16,24.7,52.2,47.8,199,381,51.7,1542,75.9,7.4,126,1313,1541,2980,83.9,161,1005,48.3,1438,42.1,1255,26,46.5,40.6,36.6,22.9,525,53.9,44.6,234,23,121,25,131,7.2,38,"R","2980",30.2,"38.8","95.8","2269","-9.8","-19.5","10.2","14.3","1.5","36.6","88.2","2470","5.1","-31.7","3.3","6.6","1.9","4.2","88.2","1822","-15.2","-27.5","7.7","17.1","1.7","15.1","81","2386","7","-42.5","-0.9","7.7","1.8","5.2","95.7","2303","-15.2","-21","9","17.8","1.6",,,,,,,,,,,,,,,,,,,,,,,,,,,,,,,,,,,,,,,,,,,,,,,,,,,,,,,,,"44.1","95.8","2273","-10.4","-19.7","10.1","14.8","1.6","51.7","86.1","2446","5.6","-34.8","2.1","6.9","4.2","4.2","88.2","1822","-15.2","-27.5","7.7","17.1"
"Senga, Kodai",673540,2023,30,"29","166.1",694,606,126,88,21,29.1,11.1,".222",".369",".282",".305",".314",".146",".338",".377",".309",".332","-0.014","-0.042","-0.023",31.5,6.9,40.6,"77.901311034","94.284814148",66.9,17.5,27.5,54.3,45.7,229,422,55,1537,81.8,6.3,664,1732,399,2795,82.5,147,842,45,1258,40.7,1137,29.7,45.2,39.9,34.7,25.4,409,56.9,44,180,24.9,102,21.8,89,9.3,38,"R","2795",47.6,"37","95.7","2283","-8","-13.4","16.6","18.5","1.7","5.8","84.6","2483","1.7","-36.7","1.4","4","2",,,,,,,,,"2.6","72.7","2492","3.5","-63.5","-11.2","12.1","2.6",,,,,,,,,"25","90.8","2498","0.6","-23.4","9.8","10","2.1",,,,,,,,,,,,,,,,,"5.9","80.8","2578","12.4","-45.3","-3.1","13.2","2.9",,,,,,,,,"23.8","83.2","1118","-7.2","-37.7","1.9","8.7","1.7",,,,,,,,,"62","93.7","2369","-4.5","-17.5","13.8","15.1","3.3","14.3","80.9","2524","6.4","-45.2","-2.7","9.3","5.3","23.8","83.2","1118","-7.2","-37.7","1.9","8.7"
"Strider, Spencer",675911,2023,24,"32","186.2",763,696,146,92,29,36.8,7.6,".202",".347",".279",".273",".272",".146",".400",".390",".352",".338",".008",".008",".006",40.2,8.2,36.1,"77.7258957","93.784333768",70.6,26.5,34.5,64.8,35.2,337,520,48.7,1509,83.7,7.7,225,1826,1048,3100,73.5,298,1124,51.3,1591,42.8,1326,38.6,53,31.1,34.5,34.5,415,67.1,34.9,145,31.8,132,25.8,107,7.5,31,"R","3099",47.6,"58.9","97.2","2362","-6.1","-10.6","18.4","19.5","1.2","33.8","85.6","2345","5.6","-35.9","1.3","6.3","1.6","7.3","87","2257","-14.5","-23.7","12.5","19.2","1.5",,,,,,,,,,,,,,,,,,,,,,,,,,,,,,,,,,,,,,,,,,,,,,,,,,,,,,,,,,,,,,,,,,,,,,,,,"58.9","97.2","2362","-6.1","-10.6","18.4","19.5","1.2","33.8","85.6","2345","5.6","-35.9","1.3","6.3","1.6","7.3","87","2257","-14.5","-23.7","12.5","19.2"
"Sears, JP",676664,2023,27,"32","172.1",735,662,165,94,33,21.9,7.2,".242",".457",".335",".332",".314",".214",".394",".389",".327",".320",".007",".008",".003",32.7,11.1,38.4,"77.25363428","94.084952044",71.6,20.3,29.5,36.2,63.8,150,414,48.9,1402,79.4,8,434,1441,992,2867,79.7,213,1049,51.1,1465,43.6,1249,24.8,51,40.2,31.1,28.7,505,64.8,30.5,154,35.4,179,21.8,110,12.3,62,"L","2867",23,"50.1","93.1","2135","11.2","-16.9","14.7","18.5","1.1","15.4","82.1","2464","-2.3","-33.9","6.7","7.7","1.4","15.1","84.1","1716","16.7","-35.4","3.3","17.1","1.3","0","81.6","2409","-9.4","-43.7","-2.8","9.8",,"0.1","92.4","2117","15.1","-23.5","8.5","17.7","1.5",,,,,,,,,,,,,,,,,,,,,,,,,"19.1","81","2478","-10.6","-36.2","5.7","12.5","1.5",,,,,,,,,,,,,,,,,,,,,,,,,"50.3","93.1","2135","11.2","-16.9","14.7","18.5","1.1","34.6","81.4","2472","-6.9","-35.2","6.1","10.4","1.5","15.1","84.1","1716","16.7","-35.4","3.3","17.1"
"Bradish, Kyle",680694,2023,26,"30","168.2",671,615,132,90,27,25,6.6,".235",".390",".268",".300",".295",".155",".318",".366",".294",".324","-0.020","-0.060","-0.032",33.3,6.9,42,"80.023999375","94.268400156",64.3,13.4,27.7,54.6,45.4,202,370,50.6,1335,72.6,7.5,173,1184,1281,2639,86.6,112,838,49.4,1304,42.8,1130,26,45.8,29.8,43.6,26.7,450,57.7,49.1,221,22.4,101,25.8,116,2.7,12,"R","2638",53.7,"22.2","94.5","2383","2.9","-17.9","12.6","13.2","1.3","31.2","88.1","2650","12.5","-35.4","-0.1","12.8","1.4","6.6","90.8","1377","-12.5","-25.5","7.6","14.7","1.7","17.3","84.8","2615","5.5","-51","-12.8","14.1","1.5","22.7","94.6","2157","-11","-19.4","11.2","16","1.8",,,,,,,,,,,,,,,,,,,,,,,,,,,,,,,,,,,,,,,,,,,,,,,,,,,,,,,,,"44.9","94.6","2269","-4.1","-18.6","11.9","14.6","1.6","48.6","86.9","2637","10","-41","-4.6","13.3","2.3","6.6","90.8","1377","-12.5","-25.5","7.6","14.7"
"Elder, Bryce",693821,2023,24,"31","174.2",732,654,160,106,32,17.5,8.6,".258",".414",".309",".327",".330",".156",".332",".356",".301",".320","-0.013","-0.024","-0.018",32,6,41,"79.502454545","94.398947273",66.9,13.6,28.7,43.4,56.6,192,442,54.1,1540,76.4,6.8,399,1442,1008,2849,86.4,119,876,45.9,1309,42.7,1216,23.6,46.3,43,35,22,532,63.1,50.6,269,21.1,112,23.7,126,4.7,25,"R","2849",52.9,"12.6","90.8","2132","-3.8","-17.8","15.2","15.8","1","35.4","82.7","2413","-0.1","-41.6","-1.7","3.1","1.4","14","85.1","2068","-11.2","-34.1","3.4","12","1.4",,,,,,,,,"38","89.5","1970","-13.1","-25.8","8.4","15.8","1.1",,,,,,,,,,,,,,,,,,,,,,,,,,,,,,,,,,,,,,,,,,,,,,,,,,,,,,,,,"50.6","89.8","2010","-10.8","-23.8","10.1","15.8","1.3","35.4","82.7","2413","-0.1","-41.6","-1.7","3.1","1.4","14","85.1","2068","-11.2","-34.1","3.4","12"
"Morton, Charlie",450203,2024,40,"30","165.1",701,613,154,94,35,23.8,9.3,".242",".415",".335",".331",".332",".174",".394",".388",".342",".331",".009",".012",".004",33,9.3,38.4,"77.729736875","93.929105313",66.5,16.1,28,48.5,51.5,195,402,51.5,1437,76.4,7,307,1301,1183,2791,83.9,145,900,48.5,1354,43.5,1215,26.1,46.6,41.7,35.5,22.8,451,59.5,47.2,213,23.3,105,25.5,115,4,18,"R","2791",20.8,"28.6","94.1","2249","-13.6","-20.4","10.5","17.3","1.2",,,,,,,,,"11","85","2172","-17.2","-37.8","0.2","17.3","1.3","42.4","81.5","3085","13.6","-50.2","-8.9","16.5","1.1","10.2","93.6","2130","-17.3","-27.7","3.6","17.7","1.2","7.8","88.5","2445","0","-29","5.7","6.1","1.4",,,,,,,,,,,,,,,,,,,,,,,,,,,,,,,,,,,,,,,,,,,,,,,,,"46.6","93","2256","-12.1","-23.4","8.2","15.5","2.7","42.4","81.5","3085","13.6","-50.2","-8.9","16.5","1.1","11","85","2172","-17.2","-37.8","0.2","17.3"
"Quintana, Jose",500779,2024,35,"31","170.1",717,634,150,96,29,18.8,8.8,".254",".414",".312",".330",".331",".160",".339",".365",".298",".321","-0.017","-0.018","-0.018",32.9,6.7,38.2,"76.44604848","93.89600374",64.5,12,28,38.6,61.4,179,464,58.8,1657,76.2,5.2,544,1491,784,2819,88,90,750,41.2,1162,43.8,1234,22.2,43.1,38.2,39.6,22.2,508,63,48.2,245,24,122,22.2,113,5.5,28,"L","2819",44.6,"22.5","90.7","2073","3.9","-17.2","16.2","16.8","1.2",,,,,,,,,"19.3","85.7","1323","14.3","-33.1","4.3","15.2","1.1","21.9","77.6","2227","-6.9","-53.5","-8","10.7","1","30.4","90.8","2065","13.9","-20.6","12.8","19","1.1",,,,,,,,,,,,,,,,,,,,,,,,,,,,,,,,,"6","77.9","2258","-10.1","-47.1","-1.7","10.5","1.1",,,,,,,,,,,,,,,,,"52.9","90.7","2068","9.6","-19.1","14.3","18.1","1.1","27.8","77.7","2234","-7.6","-52.1","-6.7","10.6","1","19.3","85.7","1323","14.3","-33.1","4.3","15.2"
"Gibson, Kyle",502043,2024,36,"30","169.2",722,641,161,104,30,20.9,9.4,".259",".435",".323",".340",".334",".176",".369",".394",".325",".339","-0.008","-0.017","-0.017",34.3,9.3,39.1,"76.558654534","94.071640304",64.2,14.5,26.3,47.5,52.5,194,408,56.2,1552,74.3,5.4,275,1681,808,2764,85.5,113,778,43.8,1212,45.6,1261,25.9,42.9,40.3,36.9,22.8,499,57.6,44.5,222,25.5,127,24.2,121,5.8,29,"R","2764",45.1,"13.3","91.4","2232","-4.5","-16.7","16","16.7","1.3",,,,,,,,,"9.9","84.9","1712","-12.7","-33.2","4.6","13.6","1.4","8.6","78.3","2387","6.4","-54.1","-9.5","11.6","1.4","26.4","90.7","2027","-13.2","-25.6","7.5","15.3","1.4","21.1","88.6","2336","2.8","-26","8.8","9.4","1.5",,,,,,,,,,,,,,,,,"20.6","80.7","2402","12.5","-42.5","-0.4","12.9","1.2",,,,,,,,,,,,,,,,,,,,,,,,,"60.8","90.1","2180","-5.8","-23.8","9.8","13.6","1.9","29.2","80","2397","10.7","-45.9","-3.1","12.5","1.7","9.9","84.9","1712","-12.7","-33.2","4.6","13.6"
"Sale, Chris",519242,2024,35,"29","177.2",702,652,141,96,32,32.1,5.6,".211",".323",".260",".263",".264",".112",".350",".355",".329",".322",".005","-0.004","-0.003",34.9,5.6,31.2,"75.016805094","93.046190662",63.9,21.7,33.6,49.4,50.6,230,466,49.2,1386,65.4,7.3,400,1280,1135,2815,78.3,198,913,50.8,1429,43,1211,31,49,39.8,36.7,23.5,430,69.1,46,198,24,103,25.8,111,4.2,18,"L","2815",10.9,"38.2","94.8","2240","14.9","-20.5","10.1","18.1","1.8","40.3","78.6","2334","-11","-49.3","-4.7","12.1","2.4","14.2","86.9","1881","16.2","-36.2","0.2","16.3","2",,,,,,,,,"7.2","93.9","2088","17.8","-28.5","2.7","18","1.9",,,,,,,,,,,,,,,,,,,,,,,,,,,,,,,,,,,,,,,,,,,,,,,,,,,,,,,,,"45.5","94.7","2215","15.4","-21.8","8.9","18.1","1.9","40.3","78.6","2334","-11","-49.3","-4.7","12.1","2.4","14.2","86.9","1881","16.2","-36.2","0.2","16.3"
"Anderson, Tyler",542881,2024,34,"31","179.1",765,681,158,99,32,18.6,9.5,".244",".423",".308",".326",".322",".179",".334",".358",".291",".307","-0.012","-0.029","-0.018",34.1,7.9,33,"76.273537333","93.1219435",71.5,20.8,29.6,43,57,196,456,52.9,1541,78.9,6.7,1082,1778,54,2914,79.2,204,982,47.1,1373,45.1,1314,27.8,49.3,49.9,31.3,18.8,543,58.7,38.3,208,29.5,160,23.8,129,8.5,46,"L","2914",57.7,"39.6","89.5","2196","4.1","-14.7","19.7","20.2","1.4","1.8","81.4","2380","-3.5","-35.9","5.2","6.8","1.6","37.1","78.9","1886","12.5","-31.7","12.4","17.8","1.4","0.1","71.6","2146","-1.2","-63.5","-10.3","10.4","1.6","3.3","88.1","2194","17.4","-26.9","8.6","19.7","1.5","18.1","84.3","2325","-3.7","-26.7","11.6","12.4","1.7",,,,,,,,,,,,,,,,,,,,,,,,,,,,,,,,,,,,,,,,,,,,,,,,,"61","87.9","2234","2.5","-18.9","16.7","17.9","3","1.9","80.9","2367","-3.4","-37.5","4.3","7","2.4","37.1","78.9","1886","12.5","-31.7","12.4","17.8"
"Eovaldi, Nathan",543135,2024,34,"29","170.2",696,642,147,94,28,23.9,6,".243",".398",".291",".309",".297",".155",".350",".376",".306",".329","-0.014","-0.012","-0.018",33.5,7.7,42.6,"77.906442017","94.485768718",70.2,19.5,32.4,44.3,55.7,179,404,47.6,1248,74.7,6.8,808,1379,435,2622,80.5,188,965,52.4,1374,44,1153,26.8,52.2,37.8,37.6,24.5,481,65.7,48.9,235,24.5,118,22.7,109,4,19,"R","2622",32.6,"37","95.4","2189","-13.8","-18.5","11.7","18.2","1.3","2.9","86","2121","5.1","-34.6","2.4","6.5","1.8",,,,,,,,,"13.7","76.7","1933","9.2","-54.1","-7.4","12.2","1.7","0.4","95.5","2121","-15.8","-21.8","8.4","18","1.4","15.2","91.3","2275","0.8","-24","8.8","9.1","1.5","30.8","88.4","1599","-13.5","-34.6","0.4","13.7","1.5",,,,,,,,,,,,,,,,,,,,,,,,,,,,,,,,,,,,,,,,,"52.6","94.2","2213","-9.6","-20.1","10.9","15.6","2.5","16.6","78.4","1966","8.5","-50.7","-5.7","11.2","4.2","30.8","88.4","1599","-13.5","-34.6","0.4","13.7"
"Gray, Sonny",543243,2024,34,"28","166.1",671,623,142,82,33,30.3,5.8,".235",".401",".292",".300",".283",".167",".393",".405",".336",".347","-0.007",".000","-0.008",38.1,9,37.9,"79.276406538","94.211961253",65.9,17.8,30.8,56.5,43.5,212,375,49.1,1219,75.7,8.3,158,1478,847,2483,82.2,148,833,50.9,1264,42.4,1054,29.8,48.7,39.8,36.9,23.3,425,63.6,44.2,188,24.7,105,26.4,112,4.7,20,"R","2483",48.9,"23.8","92.4","2515","1.2","-19.8","12","12.3","0.9",,,,,,,,,"6.4","88.3","1704","-11.2","-29.8","5.2","12.6","1.3","13.9","79.9","2646","12.1","-57.8","-14.6","19.1","1.3","17.9","92.7","2382","-11.4","-23.5","8.3","14.3","1.1","17.8","87.7","2708","5.5","-34.5","0.8","6.3","1.5",,,,,,,,,,,,,,,,,"20.2","84.8","2690","15.8","-43.7","-5.6","17","1",,,,,,,,,,,,,,,,,,,,,,,,,"59.5","91.1","2533","-1.3","-25.3","7.6","11.1","2.8","34.1","82.8","2672","14.3","-49.5","-9.3","17.8","2.9","6.4","88.3","1704","-11.2","-29.8","5.2","12.6"
"Wheeler, Zack",554430,2024,34,"32","200.0",787,723,139,86,28,28.5,6.6,".194",".333",".256",".262",".256",".139",".319",".328",".277",".281","-0.002","-0.005","-0.006",32.6,8.3,33.6,"74.93491968","93.046728036",69.1,21.4,33.8,39.8,60.2,214,538,50.7,1590,80.6,7.1,230,2194,710,3134,78.6,228,1067,49.3,1544,43.7,1371,27.5,51.2,34.6,40.6,24.9,503,64,43.1,217,26,131,20.9,105,9.9,50,"R","3134",24.6,"41.4","95.3","2431","-9.5","-15.5","14.6","17.6","1.2",,,,,,,,,,,,,,,,,"10.1","81.8","2716","8.6","-49.8","-9","12.5","1.3","19","94.6","2271","-17.2","-23.9","6.7","18.6","1.2","9.6","91.1","2531","0.9","-24.3","8.4","8.9","1.5","7.3","86.2","1555","-12.8","-31.4","5.4","14","1.5",,,,,,,,,"12.5","85","2571","9.8","-33.9","4","11.2","1.6",,,,,,,,,,,,,,,,,,,,,,,,,"70","94.5","2401","-10.2","-19","11.6","16.7","2","22.7","83.6","2636","9.3","-41","-1.8","11.8","2.3","7.3","86.2","1555","-12.8","-31.4","5.4","14"
"Corbin, Patrick",571578,2024,34,"32","174.2",764,697,208,134,42,18.2,7.1,".291",".481",".357",".359",".344",".190",".412",".415",".367",".362",".007",".005","-0.002",37.3,8.3,46.7,"79.877843129","95.30570991",69.2,12.5,29.8,42.6,57.6,195,458,53.3,1539,78.5,6.8,97,1750,1041,2888,87.5,117,934,46.7,1349,44.7,1291,22.4,48.2,36.8,41.4,21.8,568,65.4,47.2,268,20.6,117,27.8,158,4.4,25,"L","2888",38.5,"5.7","91.3","2149","7.8","-18.4","14.4","16.5","1.2","34.2","80","2202","-2.7","-42.5","0.3","3.4","3.1","3.3","81.1","1574","12.7","-31.9","9.8","16.3","1.9","1.8","69.7","1935","-3","-57.2","-0.7","3.6","2.3","35.7","91.5","2084","13.9","-21.8","10.9","17.8","1.1","19.2","85.7","2296","-2.1","-32.5","4.6","5.6","2.3","0","77","1133","11.1","-41.5","4.7","12.1",,,,,,,,,,,,,,,,,,,,,,,,,,,,,,,,,,,,,,,,,,"60.6","89.6","2157","8.2","-24.9","9.3","13.8","3.4","36","79.5","2189","-2.8","-43.2","0.3","3.4","4","3.4","81","1570","12.7","-32","9.8","16.3"
"Mikolas, Miles",571945,2024,35,"32","171.2",720,683,194,113,51,16.9,3.5,".273",".468",".339",".334",".303",".195",".394",".386",".342",".332",".011",".017",".005",38.1,8.1,42.3,"77.511449435","94.25374515",66.5,12.5,27.9,28.7,71.3,94,327,43.3,1171,77.9,9.2,230,1378,1095,2705,87.5,127,1020,56.7,1534,45.3,1226,16.4,49.8,39.3,36.7,24,567,72.4,42,238,25.2,143,25,142,7.8,44,"R","2703",43.3,"27.9","93.2","2253","-6.3","-17.7","13.8","15.3","1.4","24.3","86.5","2322","3.3","-33.3","3.1","5.1","1.8","8.5","85.6","1676","-14.2","-30.8","6.5","15.9","2.2","12.1","76.3","2520","7.9","-61.5","-14.1","16.3","2.4","23","92.4","2153","-13.9","-22.6","9.5","17.1","1.3",,,,,,,,,,,,,,,,,,,,,,,,,"4.1","80.8","2385","12.5","-43.6","-1.4","12.9","1.3",,,,,,,,,,,,,,,,,,,,,,,,,"51","92.8","2208","-9.7","-19.9","11.8","16.1","1.4","40.5","82.9","2388","5.6","-42.8","-2.5","9.3","5.6","8.5","85.6","1676","-14.2","-30.8","6.5","15.9"
"Kikuchi, Yusei",579328,2024,33,"32","175.2",736,683,167,118,23,28,6,".235",".404",".297",".301",".283",".169",".387",".393",".348",".336",".010","-0.013","-0.004",33.5,9.7,45,"79.146503958","94.844128643",67.7,21,28,49.5,50.5,197,398,48.6,1420,80,8.4,325,1374,1224,2923,79,214,1018,51.4,1503,41.4,1211,29,48.4,38.6,34.3,27.1,484,65.4,42.6,206,29.5,143,22.9,111,5,24,"L","2923",41.9,"47","95.5","2289","7.9","-13.2","16.9","18.8","1.3","24","88.3","2396","-2.7","-31.9","3.3","4.9","1.9","11.1","86.8","1655","12.7","-27.7","8.6","15.6","2","17.9","82.4","2471","-4.9","-45.1","-4.7","7.1","2.3",,,,,,,,,,,,,,,,,,,,,,,,,,,,,,,,,,,,,,,,,,,,,,,,,,,,,,,,,,,,,,,,,"47","95.5","2289","7.9","-13.2","16.9","18.8","1.3","41.9","85.7","2428","-3.6","-37.5","-0.1","5.8","3.9","11.1","86.8","1655","12.7","-27.7","8.6","15.6"
"Gausman, Kevin",592332,2024,33,"31","181.0",756,693,165,101,41,21.4,7.4,".253",".460",".300",".336",".312",".206",".349",".401",".309",".332","-0.015","-0.068","-0.036",35.5,9.9,42.4,"79.496181832","94.740771683",71.1,15.9,29.8,39,61,172,441,51.6,1479,79.9,7.1,959,1669,240,2958,84.1,157,988,48.4,1389,43.4,1245,23.4,49.9,38.3,35.5,26.2,535,64.4,39.3,210,30.1,161,23.6,126,7.1,38,"R","2868",36.2,"51.9","94","2287","-10.7","-14.2","17","20.2","1.9","8.4","82.7","2239","1.3","-36.2","3.8","4.4","2.1",,,,,,,,,,,,,,,,,"6.3","93.3","2189","-15.6","-19","12.5","20.1","1.9",,,,,,,,,"33.4","86","1764","-15.9","-30.9","6.3","17.4","2.1",,,,,,,,,,,,,,,,,,,,,,,,,,,,,,,,,,,,,,,,,"58.2","93.9","2276","-11.2","-14.7","16.5","20.2","2","8.4","82.7","2239","1.3","-36.2","3.8","4.4","2.1","33.4","86","1764","-15.9","-30.9","6.3","17.4"
"Taillon, Jameson",592791,2024,32,"28","165.1",675,633,154,107,24,18.5,4.9,".254",".427",".289",".314",".292",".174",".333",".366",".301",".316","-0.011","-0.040","-0.025",32.2,7.2,38.8,"79.650003386","94.067909961",65.8,12.1,27.8,39.8,60.2,127,319,46.2,1148,78.4,9.1,106,1628,749,2483,87.9,106,878,53.8,1335,43.9,1089,19.5,48.2,43.3,35.1,21.6,515,65.6,40.4,208,30.7,158,22.9,118,6,31,"R","2483",45,"29.5","92.3","2283","-6.9","-15.9","16.1","17.6","0.9",,,,,,,,,"4.3","86","1899","-14.2","-27","9.8","17.4","1.2","14.7","79.6","2692","9.9","-54.1","-10.7","14.7","1.4","11","92.5","2249","-12.8","-18.2","13.7","18.8","1","25.1","86.5","2526","5.5","-28.1","8.1","10.2","1.2",,,,,,,,,,,,,,,,,"15.5","80.4","2733","15.7","-42","0.3","16","1.3",,,,,,,,,,,,,,,,,,,,,,,,,"65.6","90.1","2370","-3.1","-21","12.6","15","3.4","30.2","80","2713","12.8","-47.9","-5.1","15.4","1.4","4.3","86","1899","-14.2","-27","9.8","17.4"
"Gomber, Austin",596295,2024,30,"30","165.0",696,653,178,105,39,16.7,5.5,".275",".501",".339",".350",".315",".226",".387",".401",".329",".333","-0.002","-0.019","-0.011",37.7,9.6,41.2,"80.036265299","94.432492071",68.6,14.5,26,35.4,64.6,115,325,47.6,1249,73.7,8.1,538,1059,1024,2622,85.5,137,942,52.4,1373,46.4,1216,19.9,48.3,39,37.9,23.1,541,62.2,38.4,208,28.7,155,26.8,145,6.1,33,"L","2621",53.1,"40.4","90.4","2180","7.6","-16.4","17","18.8","1.5","16.7","83.8","2409","-5.1","-35.3","3.3","6.4","1.8","20.5","81.1","1664","10.1","-31","10.4","14.6","1.2","22.4","77.6","2555","-7.5","-56.3","-10.9","13.5","1.8","0","90.2","2082","14.7","-18.5","15.2","21.2",,,,,,,,,,,,,,,,,,,,,,,,,,,,,,,,,,,,,,,,,,,,,,,,,,,,,,,,,,"40.4","90.4","2180","7.6","-16.4","17","18.8","1.5","39.1","80.2","2493","-6.5","-47.4","-4.9","10.5","3.9","20.5","81.1","1664","10.1","-31","10.4","14.6"
"Bassitt, Chris",605135,2024,35,"31","171.0",758,667,180,132,29,22.2,9.2,".254",".407",".331",".330",".338",".153",".381",".380",".359",".338",".016","-0.010",".001",36.3,7.5,37.1,"75.64419492","94.077816493",65.4,17,24.6,34.1,65.9,124,364,50,1479,75.8,8,283,1922,754,2959,83,165,968,50,1480,42.3,1252,21.7,45,34.3,38.3,27.4,504,62.4,40.9,206,25,126,26.8,135,7.3,37,"R","2959",35.3,"4.4","92.6","2162","-7.7","-18.8","13.1","15.4","1.4","4.4","82.5","2376","6.8","-41","-0.8","7.7","2.1","5.1","84.5","1930","-17.1","-31.1","7.4","18.8","1.6","13.7","71","2290","15.3","-67.7","-12.5","19.9","1.3","40.8","92.5","2101","-16.5","-23.9","8.1","18.5","1.3","19.8","89.6","2240","0","-24.8","9.2","9.6","1.6","4.5","84.1","1267","-13.3","-38.1","0.6","14.1","1.4",,,,,,,,,"7.4","74.1","2341","17.5","-51.4","-0.8","17.8","1.5",,,,,,,,,,,,,,,,,,,,,,,,,"65","91.6","2148","-10.9","-23.8","8.8","15.6","2.1","25.5","73.9","2320","14.5","-58.3","-7.1","17.2","4.9","9.6","84.3","1621","-15.4","-34.4","4.2","16.6"
"Nola, Aaron",605400,2024,31,"33","199.1",820,764,189,118,39,24,6.1,".242",".398",".310",".304",".292",".156",".382",".373",".332",".327",".005",".023",".006",35.4,7.2,38.2,"77.265343569","94.038174053",66.7,15.7,32.2,42.9,57.1,231,539,52.5,1674,74.3,6,307,1833,1049,3189,84.3,159,1010,47.5,1515,45,1436,25.2,48.6,46.3,32.3,21.4,570,66.6,44.6,254,24.4,139,24.6,140,6.5,37,"R","3189",20.1,"27.7","92.5","2307","-12","-17.4","14.7","19","1.5",,,,,,,,,"9.6","85.7","1558","-15.3","-34","3.2","15.8","1.4","32.9","79.1","2604","14","-53.9","-9.9","17.3","1.2","20.6","91.5","2240","-16.9","-24.1","8.6","19.1","1.5","9.2","87.5","2288","-1.3","-27.1","8.5","8.8","1.4",,,,,,,,,,,,,,,,,,,,,,,,,,,,,,,,,,,,,,,,,,,,,,,,,"57.5","91.3","2280","-12","-21.4","11.5","17.4","2.5","32.9","79.1","2604","14","-53.9","-9.9","17.3","1.2","9.6","85.7","1558","-15.3","-34","3.2","15.8"
"Rea, Colin",607067,2024,33,"32","167.2",714,656,169,105,33,18.9,6,".269",".463",".327",".342",".323",".194",".374",".395",".322",".338","-0.011","-0.016","-0.015",36.3,8.8,42,"80.213678192","94.594415173",67.8,15.3,24.5,30.9,69.1,97,314,48.4,1282,83.5,8,235,1849,566,2650,84.7,142,927,51.6,1368,43.2,1144,19.3,46.8,45.1,31,24,526,64.8,39.5,208,30.4,160,24.1,127,5.9,31,"R","2650",34.5,"19.5","93","2174","-6.5","-17.8","13.8","15.4","1.3",,,,,,,,,"8.9","86.6","1413","-13.8","-32.4","4.1","14.7","1.4","4.5","78.9","2138","10","-53.3","-9.2","13.7","1.7","30.9","92.3","2144","-13.9","-23.1","9","16.7","1.3","19.4","87.6","2191","2.2","-28.3","7.1","7.8","1.5",,,,,,,,,,,,,,,,,"16.9","82","2205","12.8","-41.6","-0.7","13.2","1.3",,,,,,,,,,,,,,,,,,,,,,,,,"69.8","91.2","2166","-7.4","-23.1","9.8","13.9","2.9","21.4","81.3","2191","12.2","-44.1","-2.5","13.3","2","8.9","86.6","1413","-13.8","-32.4","4.1","14.7"
"Rodón, Carlos",607074,2024,31,"32","175.0",736,667,157,90,32,26.5,7.7,".224",".429",".320",".316",".294",".206",".400",".393",".331",".316",".011",".006",".004",34.6,11,40.9,"80.220048043","94.543522745",70.7,19.8,30.9,50.5,49.5,259,513,53.6,1662,82,7,400,1640,1062,3102,80.2,202,1018,46.4,1440,41.5,1288,30.1,49.4,38.4,35.9,25.7,474,58.3,34.6,164,35.4,168,21.9,104,8,38,"L","3102",45.4,"49.4","95.4","2384","8.8","-12.4","17.8","20","1.6","26","86.8","2628","-6.6","-37.5","-1.2","7.4","1.9","12.9","85.5","1656","12.5","-34.3","3.1","13","1.4","8.3","81","2677","-6.3","-52.3","-10.6","12.5","1.7","0","95.6","1890","6.6","-13","17","18.2",,"3.5","91.8","2399","-0.3","-21.4","11","11.2","1.8",,,,,,,,,,,,,,,,,,,,,,,,,,,,,,,,,,,,,,,,,,,,,,,,,"52.9","95.2","2384","8.2","-13","17.4","19.4","1.9","34.2","85.4","2640","-6.5","-41","-3.5","8.6","3.3","12.9","85.5","1656","12.5","-34.3","3.1","13"
"Fedde, Erick",607200,2024,31,"31","177.1",726,661,154,100,30,21.2,7.2,".242",".403",".293",".309",".301",".162",".337",".359",".300",".313","-0.009","-0.022","-0.016",32.4,7.6,37.7,"77.502500545","93.941632164",68.4,15.3,24.4,37.8,62.2,139,368,52.1,1506,82.1,6.7,474,1834,583,2891,84.7,145,948,47.9,1385,44.2,1278,21.6,45.5,35.5,37.5,27,515,64.7,41.7,215,27.4,141,22.3,115,8.5,44,"R","2891",37.3,"0.7","93.3","2076","-3.2","-19.5","11.8","12.5","1.2",,,,,,,,,"16.4","87.7","1730","-10.9","-31.8","3.6","11.9","1.3",,,,,,,,,"30.5","93","1987","-9.1","-22.3","9.3","13.3","1","32.3","89.9","2150","2.8","-26.5","7.1","7.8","1.1",,,,,,,,,,,,,,,,,"20.2","83.5","2356","11.7","-34.4","4.8","13.1","1.3",,,,,,,,,,,,,,,,,,,,,,,,,"63.4","91.4","2071","-3","-24.4","8.2","10.5","2","20.2","83.5","2356","11.7","-34.4","4.8","13.1","1.3","16.4","87.7","1730","-10.9","-31.8","3.6","11.9"
"Lugo, Seth",607625,2024,34,"33","206.2",836,773,177,119,36,21.7,5.7,".240",".400",".278",".304",".292",".160",".323",".360",".297",".313","-0.011","-0.047","-0.026",32.8,8,39,"77.299278949","93.994017356",65.1,13.9,27.9,42.6,57.4,184,432,49.7,1546,75.6,7.2,293,1598,1221,3112,86.1,142,1020,50.3,1566,42.2,1314,22.5,46.7,37,41.5,21.6,598,64.4,44.8,268,25.8,154,24.9,149,4.5,27,"R","3112",32.6,"24","92.2","2367","-6.7","-16.6","15.4","17","1.6","9","86.6","2652","4.3","-31.8","4.4","6.6","1.7","6.7","87.3","1854","-15.3","-31.5","4.3","16.2","1.4","16.2","79.8","3283","14.6","-58","-14.5","20.7","1.7","18.5","92.1","2410","-15.3","-23.7","8.6","17.7","1.5","8.9","89.9","2445","0.5","-22.1","11.6","11.8","1.9","2.8","85.9","1431","-10.6","-32.4","4.4","11.8","1.5",,,,,,,,,"3.6","82.1","2843","13.5","-37.9","2.9","14.3","2.3","10.5","78.8","3115","17.8","-51.8","-7.2","19.4","2",,,,,,,,,,,,,,,,,"51.3","91.8","2396","-8.6","-20.1","12.3","16.3","1.9","39.2","81.3","3054","13","-48.5","-6.6","16.5","3.9","9.4","86.9","1730","-13.9","-31.8","4.3","14.9"
"Fried, Max",608331,2024,30,"29","174.1",714,645,146,116,16,23.2,8,".245",".365",".273",".304",".311",".120",".312",".357",".302",".327","-0.019","-0.050","-0.031",30.4,5,34.6,"73.871292176","93.362715837",63.8,15.7,29,41.7,58.3,172,412,51.4,1419,74.6,7,377,1486,898,2762,84.3,134,856,48.6,1342,43.5,1202,24.1,45.9,42.7,32.5,24.8,483,64.8,59.2,286,16.1,78,21.7,105,2.9,14,"L","2761",48.5,"32.3","93.9","2225","-0.2","-19.8","11.1","11.4","1.7","5.9","83.6","2619","-5.1","-43.7","-4.8","7.6","1.8","13.7","85.7","1421","12.1","-32.7","4.4","13.2","2","20.9","74.6","2840","-10.5","-66.6","-16.8","20","2.1","16.6","93.5","2040","10.2","-22.8","8.5","13.7","1.7","4.9","88.3","2355","-3.1","-31.8","3.1","5.4","2.3",,,,,,,,,,,,,,,,,"5.7","80.5","2821","-16.2","-50.3","-7.7","18.2","1.8",,,,,,,,,,,,,,,,,,,,,,,,,"53.8","93.3","2180","2.7","-21.8","9.6","11.5","2.5","32.5","77.3","2797","-10.6","-59.6","-13","17.4","4.6","13.7","85.7","1421","12.1","-32.7","4.4","13.2"
"Wacha, Michael",608379,2024,32,"29","166.2",685,625,154,104,29,21.2,6.6,".249",".415",".300",".314",".303",".166",".350",".370",".318",".322","-0.003","-0.028","-0.014",32.7,8.2,32.5,"75.614261583","93.109005646",68.5,17.3,27.8,38.5,61.5,137,356,49.2,1280,77.3,8.3,839,1311,452,2602,82.7,157,906,50.8,1322,44.6,1161,23.3,48.5,41.1,32.7,26.2,489,64.4,39.9,195,26.8,131,23.5,115,9.8,48,"R","2602",51.5,"23.3","93.6","2135","-6.6","-13.3","18","19.2","1.4","9.2","84.1","2041","2.7","-37.1","1.4","4.1","1.7","32.2","81.2","1549","-13","-36.2","5.4","15.3","1.4","8.1","75.2","2261","12.3","-60.8","-12","17.3","1.4","15.7","93.6","2029","-12.8","-16.6","14.5","19.5","1.3","11.4","88.8","2091","1.2","-24.3","10.2","10.5","1.5",,,,,,,,,,,,,,,,,,,,,,,,,,,,,,,,,,,,,,,,,,,,,,,,,"50.4","92.5","2092","-6.8","-16.8","15.1","17.3","2.7","17.4","79.9","2144","7.2","-48.2","-4.9","10.3","5.1","32.2","81.2","1549","-13","-36.2","5.4","15.3"
"Eflin, Zach",621107,2024,30,"28","165.1",684,653,166,114,28,19.6,3.5,".247",".416",".297",".303",".277",".169",".352",".361",".318",".311",".007","-0.012","-0.006",30,7.5,36.1,"76.388751434","94.040596667",65.6,14.4,32.5,37.8,62.2,142,376,47.2,1156,77.3,7.4,148,1602,697,2447,85.6,122,847,52.8,1291,46,1125,21.6,50,42.3,34,23.7,523,66.5,43.4,227,26.4,138,22.6,118,7.6,40,"R","2447",27.2,"8.4","92.5","2204","-8.5","-19.2","12.8","15.5","1.1","0.2","80.8","2385","4.1","-33.8","8","9","1.5","6","85.6","1596","-15.2","-34.4","3","15.8","1.7","18.8","78.8","2496","11.2","-50.6","-6.5","13.3","1.5","28.9","91.7","2095","-15.7","-28.1","4.6","16.5","1.2","28.2","88.2","2215","1.4","-26.4","8.5","9","1.5",,,,,,,,,,,,,,,,,"9.4","79.7","2434","13.2","-40.6","2.7","13.8","1.4",,,,,,,,,,,,,,,,,,,,,,,,,"65.5","90.3","2161","-7.4","-26.2","7.4","13.1","2.5","28.5","79.1","2476","11.8","-47.2","-3.3","13.4","1.6","6","85.6","1596","-15.2","-34.4","3","15.8"
"Berríos, José",621244,2024,30,"32","192.1",786,714,168,112,21,19.5,6.9,".262",".447",".308",".336",".325",".185",".346",".386",".298",".332","-0.027","-0.041","-0.028",36.3,7.8,41.8,"79.087839143","94.188449928",64.6,13.3,29.5,37.7,62.3,165,438,50.9,1484,72.9,7.3,465,1617,832,2914,86.7,123,924,49.1,1430,46.1,1343,21.1,46.7,39.1,35.6,25.3,565,64.8,43.2,244,26,147,24.1,136,6.7,38,"R","2914",39.6,"18.6","94.1","2164","-9.6","-16","15","17.9","1.4",,,,,,,,,"16","84.8","1588","-14.5","-33.4","4.7","15.5","1.9",,,,,,,,,"33.4","93.4","2049","-15.8","-20.4","11.1","19.4","1.4","3.5","91.4","2257","-1.4","-21.3","11.4","11.7","1.3",,,,,,,,,,,,,,,,,,,,,,,,,"28.6","83.2","2336","15.1","-44.7","-4.9","16","1.7",,,,,,,,,,,,,,,,,"55.5","93.5","2101","-12.8","-19","12.4","18.4","1.6","28.6","83.2","2336","15.1","-44.7","-4.9","16","1.7","16","84.8","1588","-14.5","-33.4","4.7","15.5"
"Castillo, Luis",622491,2024,31,"30","175.1",719,663,158,95,36,24.3,6.5,".243",".422",".305",".313",".297",".179",".374",".386",".322",".329","-0.005","-0.010","-0.008",37,8.5,41.9,"78.938131564","94.546516728",71.2,17.9,31.1,43.3,56.7,197,455,51.3,1465,78.3,7.7,408,1811,639,2859,82.1,178,992,48.7,1393,45.5,1300,25.9,50.6,38.8,36,25.2,492,64.7,40.9,201,26.8,132,22.4,110,10,49,"R","2858",15.3,"45.3","95.6","2155","-12.5","-17.8","12.2","17.6","1.1","22.4","85.7","2296","0.9","-36.2","0.8","3.6","1.8","14.3","88.1","1894","-17.2","-35.4","-0.1","17.3","1.1",,,,,,,,,"18.1","95.6","2008","-18.3","-26","3.9","18.8","1.2",,,,,,,,,,,,,,,,,,,,,,,,,,,,,,,,,,,,,,,,,,,,,,,,,,,,,,,,,"63.4","95.6","2112","-14.1","-20.1","9.8","17.9","1.1","22.4","85.7","2296","0.9","-36.2","0.8","3.6","1.8","14.3","88.1","1894","-17.2","-35.4","-0.1","17.3"
"Severino, Luis",622663,2024,30,"31","182.0",761,684,166,118,23,21.2,7.9,".239",".381",".308",".307",".310",".142",".350",".349",".317",".312",".004",".002",".001",30.4,5.7,35.6,"75.272418577","93.515669191",70.8,15.7,29.7,37.7,62.3,159,422,49.3,1423,83.6,7.6,217,1975,697,2890,84.3,163,1038,50.7,1466,44,1271,22,50.6,35.9,36.6,27.5,527,63.5,46.3,244,25.2,133,20.3,107,8.2,43,"R","2889",40.9,"35.7","96.2","2220","-6.5","-13.9","15.7","17.1","1.4","7","86.8","2544","7.2","-35.4","1","8.2","1.8","7.5","86.1","1583","-14","-29.8","7.2","16.1","1.7",,,,,,,,,"24.6","95.6","2090","-14.5","-18.4","11.6","18.6","1.3","8.1","92.6","2297","1.3","-24","7.9","8.5","1.6",,,,,,,,,,,,,,,,,"17.2","85.1","2592","15","-35.2","2.7","15.8","1.5",,,,,,,,,,,,,,,,,,,,,,,,,"68.4","95.5","2182","-8.4","-16.7","13.3","16.6","1.9","24.1","85.6","2578","12.7","-35.2","2.2","13.6","1.8","7.5","86.1","1583","-14","-29.8","7.2","16.1"
"Manaea, Sean",640455,2024,32,"32","181.2",738,662,134,86,27,24.9,8.5,".224",".388",".275",".304",".300",".164",".318",".362",".279",".310","-0.022","-0.050","-0.029",37,7.5,37.8,"77.674456946","93.857812243",68.7,19,28.6,43.9,56.1,184,419,49,1467,81.9,8.1,350,1889,757,2996,81,200,1050,51,1529,44.4,1330,26.1,49,35.3,37.6,27,481,59.8,37.8,182,29.1,140,24.9,120,8.1,39,"L","2996",22.1,"31","92.2","2014","13.8","-21.5","10.9","17.8","1.7","6.3","85.1","2054","-3.4","-31.7","6.1","7.3","1.6","11.7","85.3","1502","14.4","-33.8","3.9","15.3","1.7",,,,,,,,,"25.1","92.4","2038","16.9","-22.5","9.6","19.6","1.6","7","88.5","2041","-0.1","-27.4","7.6","8","1.6",,,,,,,,,,,,,,,,,"18.9","77.7","2169","-13.1","-44.2","1.5","13.5","2.2",,,,,,,,,,,,,,,,,,,,,,,,,"63.1","91.9","2026","13.5","-22.5","10","17.4","2.2","25.3","79.5","2140","-10.7","-41","2.6","11.9","4.1","11.7","85.3","1502","14.4","-33.8","3.9","15.3"
"López, Pablo",641154,2024,28,"32","185.1",772,715,180,121,33,25.6,5.3,".237",".402",".306",".302",".286",".165",".387",".380",".345",".328",".015",".005",".004",35.9,8.2,37.5,"76.717040308","93.587928673",70.9,19.2,32.9,43.6,56.4,215,493,50.1,1497,77.3,7.5,599,1436,951,2986,80.8,203,1055,49.9,1489,43.3,1292,27,51.8,42.1,33.1,24.9,523,67.5,44,230,26.6,139,24.9,130,4.6,24,"R","2986",38.3,"40.4","95","2206","-5.6","-15.7","14.5","15.7","1.3",,,,,,,,,"20.1","88.5","2108","-16.8","-28.3","6.7","18.2","1.4","9.9","82.4","2647","6.6","-51","-10.6","12.7","1.9","7.7","94.5","2104","-13.8","-22.2","8.5","16.4","1.3",,,,,,,,,,,,,,,,,,,,,,,,,"21.9","84.5","2453","12.7","-38.8","-0.4","13.1","1.4",,,,,,,,,,,,,,,,,,,,,,,,,"48.1","94.9","2189","-6.9","-16.8","13.5","15.8","1.3","31.8","83.8","2514","10.8","-42.6","-3.5","13","1.9","20.1","88.5","2108","-16.8","-28.3","6.7","18.2"
"Cortes, Nestor",641482,2024,29,"31","174.1",710,661,162,94,44,22.8,5.5,".233",".407",".307",".298",".279",".174",".372",".360",".322",".308",".012",".014",".009",35,7.9,43.6,"79.122676225","94.470879177",73.1,20.1,27.4,35.4,64.6,137,387,49.6,1412,84.5,7,274,2098,477,2849,79.9,211,1050,50.4,1437,44.4,1265,24.2,50.4,36.2,37.8,25.9,505,58.9,31.9,161,32.1,162,24,121,12.1,61,"L","2849",47.1,"44.4","92.1","2309","4.9","-13.2","19.2","19.9","1.6","0.9","81.6","2434","-2.4","-46.6","-5.7","7.6","1.5","9.6","83.6","1406","13.8","-34.9","4.3","14.7","1.5",,,,,,,,,"1.2","90","2239","12.4","-20.2","13.7","18.6","1.4","28","87.5","2411","-4.6","-26.9","8.6","10.1","2",,,,,,,,,,,,,,,,,"15.8","78","2577","-15","-43.1","2.1","15.4","2.4",,,,,,,,,,,,,,,,,,,,,,,,,"73.6","90.3","2346","1.4","-18.6","15","16.1","3","16.7","78.2","2569","-14.2","-43.3","1.6","14.9","2.5","9.6","83.6","1406","13.8","-34.9","4.3","14.7"
"Ober, Bailey",641927,2024,28,"31","178.2",709,655,136,75,29,26.9,6.1,".209",".384",".282",".284",".264",".175",".354",".357",".291",".294","-0.001",".007","-0.002",34.8,8.3,34.3,"76.699154464","93.270078151",71.4,23,33.5,41.6,58.4,189,454,50.3,1355,77.1,7.1,792,1028,876,2696,77,220,958,49.7,1341,44.4,1197,29,52.4,42.6,34.3,23,469,67.4,34.3,161,35.2,165,20.3,95,10.2,48,"R","2696",35,"38.1","91.7","2303","-7.9","-15.7","16.8","18.7","1","19.4","86.2","2071","3.6","-30.1","6.5","7.7","1.5","29.4","83.4","2038","-17","-33.7","5.7","18.1","1.2","1.3","76.1","2094","8.3","-56.3","-9","12.5","1.4",,,,,,,,,,,,,,,,,,,,,,,,,,,,,,,,,"11.8","80.3","2018","12.3","-44.7","-2.2","12.9","1.5",,,,,,,,,,,,,,,,,,,,,,,,,"38.1","91.7","2303","-7.9","-15.7","16.8","18.7","1","32.5","83.7","2053","6.9","-36.4","2.7","9.8","3.8","29.4","83.4","2038","-17","-33.7","5.7","18.1"
"Peralta, Freddy",642547,2024,28,"32","173.2",725,639,143,92,24,27.6,9.4,".221",".386",".305",".307",".306",".165",".375",".378",".323",".321",".003",".001","-0.002",35.3,8.7,36.9,"75.95026724","93.640809751",70.4,22.6,28.1,48,52,230,479,55.5,1703,76,6.3,536,1652,878,3066,77.4,217,960,44.5,1363,42,1289,31.1,46.9,35.8,38.7,25.5,447,61.4,37.4,167,29.5,132,23.5,105,9.6,43,"R","3066",36.9,"53.8","94.3","2436","-6.8","-14.2","16.7","18.1","1.9","20.8","81.4","2349","7.5","-39","2.3","8.8","2","17.5","87.7","1731","-15.5","-31.3","4.3","16.2","1.5","7.3","78.3","2201","4.5","-49.4","-4.7","6.7","2.1","0.1","95.3","2554","-5","-13.6","16.7","17.4","1.6",,,,,,,,,,,,,,,,,,,,,,,,,"0.5","81.1","2329","14.6","-41.6","0.4","15","1.5",,,,,,,,,,,,,,,,,,,,,,,,,"53.9","94.3","2436","-6.8","-14.2","16.7","18.1","1.9","28.6","80.6","2310","6.8","-41.7","0.5","8.4","2.5","17.5","87.7","1731","-15.5","-31.3","4.3","16.2"
"King, Michael",650633,2024,29,"31","173.2",726,653,144,98,27,27.7,8.7,".223",".364",".284",".295",".298",".141",".349",".366",".318",".322","-0.002","-0.018","-0.011",35.2,6.2,30.3,"73.981359732","92.671656987",60.8,20.9,30.6,45.4,54.6,205,452,51.1,1478,69.8,7,713,1506,676,2895,79.1,180,861,48.9,1417,43.8,1268,29.3,45.4,41.3,34.3,24.4,455,66.1,41.5,189,23.7,108,25.9,118,8.8,40,"R","2895",29.2,"24.2","93.7","2286","-6","-16.2","15","16.3","1.3","5.6","85.7","2425","3.7","-35.7","1.6","4.7","1.9","24.6","86.7","2045","-17.6","-31.4","5","18.4","1.3",,,,,,,,,"27.8","92.9","2263","-16.3","-26.3","5.6","17.4","1.3",,,,,,,,,,,,,,,,,,,,,,,,,"17.8","82","2700","15","-37.5","3.4","15.6","1.9",,,,,,,,,,,,,,,,,,,,,,,,,"52","93.3","2274","-11.5","-21.6","10","16.9","1.4","23.4","82.9","2634","12.3","-37.1","2.9","13","2.6","24.6","86.7","2045","-17.6","-31.4","5","18.4"
"Sánchez, Cristopher",650911,2024,27,"31","181.2",754,706,182,135,34,20.3,5.8,".255",".371",".290",".298",".299",".116",".338",".349",".329",".326",".003","-0.013","-0.008",30.2,5.4,34.5,"75.18960646","93.870693047",66.9,17.1,36.4,37.4,62.6,192,513,50.4,1409,77.7,7,998,1330,469,2797,82.9,159,929,49.6,1388,43.8,1224,24.3,51.6,38.4,39.1,22.4,557,65.8,58.3,325,15.6,87,23.7,132,2.3,13,"L","2797",32.2,,,,,,,,,"16.8","84.4","2019","-1","-41.6","-3.3","3.8","1.6","35.7","85.1","2018","17.9","-37.2","0.6","18","1.3",,,,,,,,,"47.3","94.5","2111","17.8","-23.2","7.5","19.4","1.3","0.2","84.9","2012","-0.2","-35.2","3","3.3","1.6",,,,,,,,,,,,,,,,,,,,,,,,,,,,,,,,,,,,,,,,,,,,,,,,,"47.6","94.4","2111","17.7","-23.3","7.5","19.3","1.5","16.8","84.4","2019","-1","-41.6","-3.3","3.8","1.6","35.7","85.1","2018","17.9","-37.2","0.6","18"
"Canning, Griffin",656288,2024,28,"32","171.2",739,656,174,112,28,17.6,8.9,".257",".448",".341",".338",".328",".191",".378",".374",".325",".317",".008",".011",".003",32.4,8.6,41.9,"80.443886517","94.700505891",70.2,14.4,29.3,45.8,54.2,205,448,53.3,1530,76,6.4,765,1107,997,2869,85.6,135,940,46.7,1339,43.1,1236,24.5,48.4,40.4,35.6,24,537,58.2,41.3,222,30,161,22.5,121,6.1,33,"R","2869",45.2,"37.3","93.4","2118","-8.1","-15.2","16.2","18.2","1","24.1","87.7","2672","-0.1","-36.7","-1.2","3.1","1.2","26.7","88.6","1770","-16.4","-30.6","4.3","17.2","1","10.7","80.5","2377","12.4","-48.4","-6","14","1.2","1.3","92.9","1975","-13.8","-18.8","13","19","1.4",,,,,,,,,,,,,,,,,,,,,,,,,,,,,,,,,,,,,,,,,,,,,,,,,,,,,,,,,"38.6","93.4","2113","-8.3","-15.3","16.1","18.2","1.1","34.8","85.5","2582","3.7","-40.3","-2.7","6.5","3.9","26.7","88.6","1770","-16.4","-30.6","4.3","17.2"
"Cease, Dylan",656302,2024,28,"33","189.1",762,684,137,84,34,29.4,8.5,".209",".367",".266",".286",".278",".158",".333",".366",".294",".308","-0.009","-0.035","-0.020",32.4,8.5,38.6,"78.282702241","94.084709267",68.6,22.1,30.5,52.4,47.6,273,521,53.6,1709,79,7.6,28,1407,1753,3188,77.9,224,1015,46.4,1479,42.8,1365,32.4,48.2,41.2,37.5,21.3,469,59.8,40.3,189,30.7,144,22.4,105,6.6,31,"R","3188",53.4,"43.5","96.9","2557","-2.5","-10.8","18.4","18.7","1.3","43","87.7","2780","2.2","-33.6","1.9","3.7","1.4","0.9","69.7","1554","-4.3","-39.3","17.5","18.5","2.4","7.9","82.3","2723","3.1","-56.6","-15.8","16.3","1.7","0.1","98.1","2655","-10","-12.5","15.9","18.8","1.4","0.6","91.8","2658","3","-26.2","6.1","7.4","1.4",,,,,,,,,,,,,,,,,"4.1","82.6","2891","11.2","-51.6","-11.1","16","1.8",,,,,,,,,,,,,,,,,,,,,,,,,"44.1","96.8","2558","-2.4","-11","18.2","18.5","1.5","55","86.5","2780","3","-38.2","-1.6","6.4","2.9","0.9","69.7","1554","-4.3","-39.3","17.5","18.5"
"Flaherty, Jack",656427,2024,28,"28","162.0",649,605,135,88,18,29.9,5.9,".232",".389",".288",".296",".283",".157",".382",".398",".328",".345","-0.009","-0.001","-0.008",36.1,8,35.9,"77.445862362","93.776478992",65,21.1,30.6,51.8,48.2,221,427,54.3,1394,78.8,6.4,70,1193,1306,2646,78.9,161,764,45.7,1175,44.2,1136,32.1,46.2,41.9,34.9,23.2,413,61.2,40.2,166,26.9,111,27.1,112,5.8,24,"R","2569",28.3,"44.2","93.3","2258","-4.2","-15.9","15.4","16.1","1.7","29","84.7","2469","6.7","-35.9","2.1","7.4","1.4","2.7","85.7","1610","-12.1","-32.1","5","13.4","1.8","21.8","77.4","2440","13.3","-54.5","-8.6","15.9","1.6","2.3","90.3","2081","-10.9","-25.1","8.3","14.1","1.8",,,,,,,,,,,,,,,,,,,,,,,,,,,,,,,,,,,,,,,,,,,,,,,,,,,,,,,,,"46.4","93.2","2249","-4.5","-16.4","15.1","16","1.9","50.8","81.6","2456","9.5","-43.9","-2.5","11","4.4","2.7","85.7","1610","-12.1","-32.1","5","13.4"
"Houck, Tanner",656557,2024,28,"30","178.2",743,674,156,118,27,20.7,6.5,".256",".394",".276",".318",".319",".139",".306",".366",".298",".330","-0.025","-0.074","-0.042",30.2,5.8,41.8,"78.489312385","94.430703969",62.7,14.1,31.2,39.6,60.4,170,429,50.3,1377,61.1,6.8,682,922,1131,2735,85.9,120,852,49.7,1358,44.6,1219,22.6,46.8,41.6,38.4,20,524,64.9,55.5,291,17.4,91,23.7,124,3.4,18,"R","2735",22.2,"0.1","95.1","2274","-12.9","-23.5","6.7","15.6","1.5",,,,,,,,,,,,,,,,,,,,,,,,,"32.1","93.5","2191","-16","-30.9","0.4","16.1","1.3","1.5","87.1","2347","0.5","-35.2","0.8","2.9","1.4","24.9","88.4","1836","-13.5","-37.9","-3","14","1.2",,,,,,,,,"41.4","83.2","2534","16.7","-41.7","-2","17","1.2",,,,,,,,,,,,,,,,,,,,,,,,,"33.7","93.3","2198","-15.3","-31.1","0.5","15.6","2","41.4","83.2","2534","16.7","-41.7","-2","17","1.2","24.9","88.4","1836","-13.5","-37.9","-3","14"
"Keller, Mitch",656605,2024,28,"31","178.0",773,697,182,110,38,21.5,6.5,".246",".415",".331",".321",".311",".169",".388",".375",".338",".323",".015",".031",".010",38,7.2,39.3,"77.859026134","94.078079089",64.8,14.4,28.3,39.7,60.3,151,380,47.1,1344,76,8.2,28,1836,985,2851,85.6,141,977,52.9,1507,45.7,1302,21.5,47.6,35.9,33.7,30.4,540,61.4,39.8,215,26.3,142,28.3,153,5.6,30,"R","2849",34.7,"29.5","94.5","2404","-9.1","-16.1","14.5","17.2","1.5","9.5","87.5","2496","4.7","-34.6","0.9","5.4","1.8","1","89.6","2104","-15.9","-30.7","3.4","16.6","1.3","9.6","78.3","2652","13.4","-58","-13","18.7","1.6","22.6","93.3","2443","-14.8","-22.8","8.7","17.3","1.5","12.3","90.4","2490","3","-25.7","7.6","8.5","1.7",,,,,,,,,,,,,,,,,"15.5","83","2786","17.5","-40.1","-0.2","17.6","1.7",,,,,,,,,,,,,,,,,,,,,,,,,"64.4","93.3","2434","-8.8","-20.3","11.1","15.6","2.3","34.6","82.9","2669","12.8","-43.6","-3.4","14.6","4.2","1","89.6","2104","-15.9","-30.7","3.4","16.6"
"Webb, Logan",657277,2024,27,"33","204.2",841,783,202,152,35,20.5,5.9,".270",".421",".288",".325",".316",".151",".336",".387",".328",".346","-0.012","-0.066","-0.037",32.1,7,46.2,"77.927662825","95.233452829",61.1,11.9,32.9,35.6,64.4,198,556,52.7,1688,77.6,6.8,990,1530,680,3201,88.1,110,924,47.3,1513,44.8,1435,20.8,46.2,33.4,42.1,24.5,617,69.6,57.2,353,17.3,107,23.2,143,2.3,14,"R","3200",22.1,"5.5","92.6","2054","-8.6","-22.5","9.2","13.3","1.2",,,,,,,,,"30.9","87.4","1460","-9.9","-40.4","-4.8","11.3","1.3",,,,,,,,,"39.7","92.6","1940","-15.1","-30.9","1.1","15.4","1.2","2.6","91","2235","-1.2","-25.2","7.7","8","1.1",,,,,,,,,,,,,,,,,"21.3","83.8","2605","16.4","-39.9","-0.9","16.6","1.2",,,,,,,,,,,,,,,,,,,,,,,,,"47.8","92.5","1969","-13.6","-29.6","2.4","14.7","1.2","21.3","83.8","2605","16.4","-39.9","-0.9","16.6","1.2","30.9","87.4","1460","-9.9","-40.4","-4.8","11.3"
"Feltner, Ryan",663372,2024,27,"30","162.1",692,628,165,116,27,19.9,7.5,".254",".423",".320",".326",".318",".169",".365",".373",".334",".325",".009","-0.015","-0.006",33.1,6.5,36.8,"76.695048857","93.803345297",68,17.5,25.7,42.8,57.2,133,311,46.9,1210,80.9,7.7,379,1281,917,2578,82.5,163,930,53.1,1368,44.3,1141,23.9,48.1,40,36.4,23.6,495,62.6,44.4,220,25.7,127,24.8,123,5.1,25,"R","2577",42,"36","94.6","2354","-5.3","-16.9","13.4","14.5","1.4","20.5","88.6","2461","4.1","-29.5","4.9","6.8","1.5","14.7","85.2","1590","-5.5","-32.3","5","7.7","1.4","10.1","79.2","2662","9.4","-51.8","-8.4","12.9","1.3","13.7","94.2","2264","-12.7","-22.3","8.5","15.5","1.3",,,,,,,,,,,,,,,,,,,,,,,,,"5","82.7","2453","11.7","-38.1","1.7","12.4","1.6",,,,,,,,,,,,,,,,,,,,,,,,,"49.7","94.5","2329","-7.3","-18.4","12","14.8","1.4","35.6","85.1","2517","6.7","-37","0.7","9.3","4.9","14.7","85.2","1590","-5.5","-32.3","5","7.7"
"Irvin, Jake",663623,2024,27,"33","187.2",769,710,173,103,38,20.3,6.8,".248",".440",".314",".323",".303",".191",".365",".378",".312",".318","-0.004","-0.012","-0.009",33,9.2,39.1,"77.537675273","94.341422273",67.3,15.6,26.7,41.9,58.1,158,377,46.4,1412,73.7,8.6,105,1980,961,3046,84.4,171,1099,53.6,1634,43.6,1328,22.3,48.5,42.2,33.4,24.4,557,61.5,44.7,249,25.5,142,23.3,130,6.5,36,"R","3046",28.6,"37.7","93.9","2377","-10.1","-16.6","14.3","17.7","1.4","0.3","85.9","2579","6.3","-34","2.8","7.1","1.4","3.4","88.4","2225","-16","-30.4","4.6","16.8","1.7","31.3","81.1","2534","12","-44.4","-3","12.8","1.8","20.7","93.3","2299","-16.5","-24.7","6.7","17.9","1.7","6.6","89.9","2551","-0.5","-26.1","7.6","8","1.7",,,,,,,,,,,,,,,,,,,,,,,,,,,,,,,,,,,,,,,,,,,,,,,,,"65","93.3","2370","-11.2","-20.2","11.2","16.8","2.1","31.5","81.1","2534","12","-44.3","-2.9","12.7","1.9","3.4","88.4","2225","-16","-30.4","4.6","16.8"
"Singer, Brady",663903,2024,27,"32","179.2",762,693,175,116,34,22.3,7.1,".265",".437",".316",".336",".327",".172",".372",".401",".334",".351","-0.012","-0.032","-0.020",35.6,8,41.7,"77.275001577","94.431135896",65,13.6,26,51.5,48.5,208,404,52.3,1551,79.1,6.6,51,1566,1349,2967,86.4,125,921,47.7,1416,41.9,1242,25.1,44.7,39.2,41.1,19.7,528,58.5,48.3,255,20.8,110,27.1,143,3.8,20,"R","2966",27.8,"11","91.7","2364","-5.8","-18.8","13.6","15","1.2","40.3","83","2407","4.5","-40.5","-1","5.2","1.4","1.7","88","2072","-14.8","-29.5","5.6","16","1.4",,,,,,,,,"41.7","92.2","2276","-14.3","-22.6","9.5","17.3","1.1","0","82.8","2450","8.6","-30.9","9.7","13",,,,,,,,,,,,,,,,,,"5.2","82.1","2425","10.6","-37.9","2.5","11.3","1.3",,,,,,,,,,,,,,,,,,,,,,,,,"52.8","92.1","2295","-12.5","-21.8","10.4","16.8","1.1","45.5","82.9","2409","5.2","-40.2","-0.6","5.9","1.4","1.7","88","2072","-14.8","-29.5","5.6","16"
"Valdez, Framber",664285,2024,30,"28","176.1",703,634,140,102,24,24,7.8,".232",".349",".272",".291",".299",".117",".315",".344",".297",".315","-0.011","-0.026","-0.019",26,5.3,45,"80.000726364","94.620557662",61.4,14.4,28.7,54.4,45.6,204,375,50.3,1306,70.2,7.2,454,1219,925,2598,85.6,114,793,49.7,1292,43.6,1132,27.2,45,38.7,40.4,20.9,473,61.9,61.7,292,15,71,21.8,103,1.5,7,"L","2598",42.7,"0.7","94.8","2160","9.8","-24.6","6.3","12.3","1.5","4.3","85.1","2564","-3","-39.6","-1.7","5.4","2.1","17.5","89.9","1677","14.8","-33.2","1","15.1","2.1","31.3","79.7","2905","-11.1","-58.3","-14.6","18.5","1.6","46.2","94.1","2153","16.5","-24.8","6.3","17.9","2",,,,,,,,,,,,,,,,,,,,,,,,,,,,,,,,,,,,,,,,,,,,,,,,,,,,,,,,,"46.9","94.1","2153","16.4","-24.8","6.3","17.8","2","35.6","80.3","2863","-10.1","-56","-13.1","16.9","2.6","17.5","89.9","1677","14.8","-33.2","1","15.1"
"Ragans, Cole",666142,2024,26,"32","186.1",762,685,146,96,32,29.3,8.8,".213",".344",".277",".284",".289",".130",".346",".358",".315",".317",".000","-0.010","-0.007",31.8,6.2,35.4,"77.675891223","93.553010853",69.7,24.2,29.8,48.8,51.2,236,484,52.1,1623,82.5,6.8,740,1655,723,3118,75.8,252,1042,47.9,1495,43.2,1346,32,48.9,38,34.3,27.7,466,58.7,41.4,193,27.3,127,23.6,110,7.7,36,"L","3118",45.1,"41.7","95.4","2553","12.6","-12.9","17.3","21.5","1.8","12.8","86","2542","-0.9","-36.3","0.4","3","1.9","23.7","84.8","2161","16","-25.9","12.3","20.3","1.8","10.4","80.8","2471","-10.2","-55","-12.7","16.5","1.7","0.1","96.3","2567","14.1","-12.7","17","22.1","1.5","11.3","90.8","2503","1","-23.2","9.8","10.1","2.2",,,,,,,,,,,,,,,,,,,,,,,,,,,,,,,,,,,,,,,,,,,,,,,,,"53.1","94.4","2542","10.1","-15.1","15.7","19.1","2.9","23.2","83.6","2510","-5.1","-44.6","-5.5","9","3.4","23.7","84.8","2161","16","-25.9","12.3","20.3"
"Gore, MacKenzie",669022,2024,25,"32","166.1",731,649,171,117,36,24.8,8.9,".249",".383",".324",".317",".327",".135",".389",".379",".362",".344",".014",".015",".007",36.2,6.8,38.1,"76.776975684","93.73951438",73.2,19.9,27.4,52.3,47.7,213,407,49.7,1488,79.4,7,277,2082,635,2994,80.1,219,1103,50.3,1506,42.6,1274,28.6,50.4,35.7,37,27.3,473,58.1,39.5,187,25.4,120,29.6,140,5.5,26,"L","2994",47.2,"55.4","96","2309","5.9","-12.1","17.6","18.7","1.2","1.3","86.6","2157","-1.4","-36.2","0.7","3.2","1.3","9.3","85.9","2018","12.4","-27.7","9.4","15.7","1.3","19.4","82.8","2399","-0.5","-50.1","-10.3","10.5","1.9",,,,,,,,,"14.2","91.1","2026","-1.4","-24.1","8.6","8.9","1.4",,,,,,,,,,,,,,,,,"0.5","85.8","2256","-8.6","-34.7","2.4","9.6","1.5",,,,,,,,,,,,,,,,,,,,,,,,,"69.5","95","2251","4.4","-14.6","15.8","16.7","2.5","21.2","83.1","2381","-0.7","-48.9","-9.3","10.1","2.1","9.3","85.9","2018","12.4","-27.7","9.4","15.7"
"Burnes, Corbin",669203,2024,29,"32","194.1",784,731,165,121,21,23.1,6.1,".229",".371",".273",".286",".278",".142",".325",".343",".298",".303","-0.003","-0.024","-0.013",26.8,6.7,31.6,"76.693803832","93.206229159",67.1,15.6,33,51.5,48.5,273,530,53.6,1605,74,6.5,331,1581,1083,2996,84.4,146,933,46.4,1391,42.7,1278,28.6,48.8,40,38.9,21.2,553,63.9,48.8,270,22.4,124,19.9,110,8.9,49,"R","2995",43.7,"0.1","96.3","1805","-13","-20.7","8.7","15.7","1.4","12.8","87.6","2982","8.3","-36.7","-1.1","9","2","11.1","89.2","2037","-14.1","-27.5","6.9","15.9","1.2","21.5","80.3","2877","10","-55.6","-12.9","16.5","1.8","7.7","97","2520","-12.2","-18.7","10.3","16.1","1.2","45","95.3","2738","2.4","-17.5","12.5","13","1.4",,,,,,,,,,,,,,,,,"1.9","84.2","2970","17","-39.7","-0.9","17.3","1.6",,,,,,,,,,,,,,,,,,,,,,,,,"52.8","95.5","2704","0.3","-17.7","12.2","13.5","1.5","36.2","83.1","2919","9.8","-48.1","-8.1","13.8","4.3","11.1","89.2","2037","-14.1","-27.5","6.9","15.9"
"Gilbert, Logan",669302,2024,27,"33","208.2",803,756,148,82,39,27.4,4.6,".220",".373",".255",".276",".260",".152",".326",".358",".274",".309","-0.024","-0.020","-0.021",33,7.2,39.3,"78.976067127","94.386132799",70.3,20.2,30.1,58.9,41.1,267,453,49.5,1507,76,8.3,409,1300,1332,3042,79.8,218,1079,50.5,1535,40.8,1240,31.7,50.4,41.7,33.8,24.5,542,67.9,45.2,245,24.4,132,23.8,129,6.6,36,"R","3041",43.9,"30.7","96.6","2034","-7.1","-13.1","16.2","17.8","1.4","32","88.4","1910","1","-35.2","0","2.2","1.6",,,,,,,,,,,,,,,,,"1.5","95.6","1958","-15.1","-19.6","10.4","18.5","1.6","10.5","92.3","2247","2.9","-20","11.9","12.6","1.4","13.4","84.5","640","-5.9","-38","0.5","7.9","1.6",,,,,,,,,"11.8","83.2","2283","13.5","-43.6","-3.9","14.3","1.7",,,,,,,,,,,,,,,,,,,,,,,,,"42.7","95.5","2084","-4.9","-15","14.9","16.6","2.5","43.8","87","2010","4.4","-37.4","-1.1","5.5","3.1","13.4","84.5","640","-5.9","-38","0.5","7.9"
"Skubal, Tarik",669373,2024,27,"31","192.0",753,705,142,99,24,30.3,4.6,".204",".331",".246",".258",".251",".127",".322",".341",".296",".301","-0.003","-0.020","-0.012",33.1,6.7,33.9,"76.236530506","93.34039981",68.4,25,31.1,50.6,49.4,200,395,44.7,1270,79.8,8.9,770,1525,543,2866,75,268,1072,55.3,1568,43.2,1225,31.9,51.8,37,36.4,26.6,481,68.7,46.4,223,24.7,119,21.8,105,7.1,34,"L","2838",48.3,"33.2","96.9","2226","6.5","-12.9","16.3","17.6","1.6","14.9","88.7","2105","-2.3","-28.5","6.1","6.8","1.9","27","86.3","1689","14.9","-30.8","6","16.3","2","4.2","78.5","2322","-5.6","-52.2","-7.8","9.9","1.5","20.6","96.6","2116","14.5","-17.1","12.3","19.1","1.4",,,,,,,,,"0.1","86.8","930","15.5","-31.6","5.1","17.1","1.5",,,,,,,,,,,,,,,,,,,,,,,,,,,,,,,,,,,,,,,,,"53.7","96.8","2184","9.6","-14.5","14.7","18.2","1.5","19.1","86.5","2153","-3","-33.7","3","7.5","5","27.1","86.3","1686","14.9","-30.8","6","16.3"
"Blanco, Ronel",669854,2024,30,"30","167.1",676,599,114,63,26,24.6,10.1,".224",".398",".276",".311",".305",".174",".315",".369",".260",".309","-0.034","-0.044","-0.035",30.1,9.4,35.5,"78.14814367","93.702377385",68.5,17.7,30.3,52.5,47.5,228,434,52.1,1432,80.6,6.9,608,1055,1088,2751,82.3,160,904,47.9,1319,43.7,1203,29,48.6,41.7,35.5,22.8,439,60.5,39.9,175,31,136,20.7,91,8.4,37,"R","2751",46.5,"38.3","93.4","2228","-7.3","-12.9","18.5","20","1.1","30.2","86.4","2091","2.2","-28.8","7.7","8.3","1.4","22.1","85.2","1485","-13.4","-32.5","5.3","14.8","1.4","9.4","80.1","2258","9.5","-44.3","-1.5","10.2","1.6",,,,,,,,,,,,,,,,,,,,,,,,,,,,,,,,,,,,,,,,,,,,,,,,,,,,,,,,,,,,,,,,,"38.3","93.4","2228","-7.3","-12.9","18.5","20","1.1","39.5","84.9","2131","3.9","-32.5","5.5","8.7","3.3","22.1","85.2","1485","-13.4","-32.5","5.3","14.8"
"Kirby, George",669923,2024,26,"33","191.0",778,740,181,118,38,23,3,".232",".403",".287",".290",".263",".171",".356",".360",".320",".307",".013","-0.010","-0.003",30.5,8.1,36.3,"78.774593274","93.753520357",73.3,17.8,32,39.4,60.6,180,457,48.2,1429,83.5,8,302,1720,945,2967,82.2,201,1127,51.8,1538,44.7,1327,24.1,53.4,33.1,36.6,30.3,568,66.3,42.8,243,26.6,151,21.3,121,9.3,53,"R","2967",36.6,"34.5","96","2232","-9.4","-14","15.8","18.5","1.3",,,,,,,,,,,,,,,,,"8.1","83.3","2469","8.6","-53.9","-14.2","16.7","1.6","23.1","96","2220","-15.8","-18.2","11.5","19.7","1.2","0.4","92.3","2301","1","-23.6","8.5","8.8","1.4","10.2","86","946","-9.6","-35.6","1.4","10.6","1.3","0","73.9","155","-2.6","-43.3","7.5","7.9",,"23.7","87.2","2364","7.7","-38.4","-2.6","8.6","1.5",,,,,,,,,,,,,,,,,,,,,,,,,"58","96","2228","-11.9","-15.7","14.1","18.9","1.3","31.9","86.2","2388","7.9","-42.3","-5.5","10.7","2.5","10.2","86","946","-9.6","-35.6","1.4","10.6"
"Bibee, Tanner",676440,2024,25,"31","173.2",710,651,150,84,40,26.3,6.2,".235",".401",".299",".304",".291",".167",".374",".381",".319",".328","-0.005",".005","-0.005",37.4,7,36.9,"77.504108675","93.719329103",72.8,22.3,26.8,40.6,59.4,147,362,47.4,1351,82.4,7.6,512,1982,357,2851,77.7,244,1092,52.6,1500,44.5,1268,26.9,51,39.1,33.3,27.6,471,65.8,35.2,166,31.6,149,24.2,114,8.9,42,"R","2851",51.2,"43.4","94.6","2361","-4.2","-14.7","15.8","16.5","1.4",,,,,,,,,"18","82.5","1992","-13.7","-28.6","11.5","18","1.4","6.1","80.5","2680","13.7","-48.9","-6.6","15.5","1.9","0.4","94","2081","-13.8","-22","8.9","16.7","1.4","25.8","86.4","2738","8.3","-32.8","3.8","9.7","1.7",,,,,,,,,,,,,,,,,"6.5","82.9","2683","16.1","-40.1","-0.2","16.3","1.8",,,,,,,,,,,,,,,,,,,,,,,,,"69.5","91.6","2500","0.4","-21.4","11.3","14","4.8","12.5","81.8","2682","14.9","-44.4","-3.3","15.9","2.3","18","82.5","1992","-13.7","-28.6","11.5","18"
"Sears, JP",676664,2024,28,"32","180.2",758,685,172,102,39,18.1,6.5,".239",".454",".324",".328",".301",".215",".362",".367",".310",".297",".012","-0.015","-0.004",32.7,10.2,40.2,"78.173332182","94.379787855",68.4,17.2,27.6,34.2,65.8,130,380,48.2,1378,78.3,8.2,549,1339,968,2857,82.8,174,1012,51.8,1479,43.7,1249,21.8,48.7,39.1,35,25.9,557,64.8,37.9,211,32,178,19.2,107,11,61,"L","2856",21.4,"36.1","91.9","2087","11.6","-17.7","14.8","18.9","1.2","8.4","79.3","2385","-6.2","-35.4","8.2","10.6","1.3","19.2","84","1675","16.6","-36.3","2.5","16.9","1.3","0.6","79.2","2431","-5.4","-46.7","-3.5","6.5","1.3","10.7","90","1889","16.1","-27.6","6.2","17.5","1.1",,,,,,,,,,,,,,,,,,,,,,,,,"24.9","78.7","2427","-13.3","-39.9","4.4","14.4","1.3",,,,,,,,,,,,,,,,,,,,,,,,,"46.9","91.5","2042","12.6","-20","12.8","18.6","1.5","33.9","78.9","2417","-11.4","-38.9","5.2","13.3","1.3","19.2","84","1675","16.6","-36.3","2.5","16.9"
"Crawford, Kutter",676710,2024,28,"33","183.2",759,695,155,89,30,23.1,6.7,".222",".422",".304",".307",".283",".200",".361",".366",".296",".296",".001","-0.003","-0.003",33.4,9.9,36.3,"77.710617066","93.646279363",69.4,17.2,32.9,44.2,55.8,195,441,47.5,1341,72.2,7.3,242,1857,724,2823,82.8,177,1028,52.5,1482,45.7,1289,25.3,52,40.5,34.9,24.6,524,63.6,33.8,177,32.3,169,22.1,116,11.8,62,"R","2823",47.7,"33.7","92.6","2505","-7.6","-12.4","19.7","21.2","1.1",,,,,,,,,,,,,,,,,"7.2","77.3","2198","7.9","-59.8","-13.7","16","1.4",,,,,,,,,"32.1","87.5","2493","5.1","-26.9","8.6","10.2","1.2","8.6","82.4","1102","-7.1","-31.7","8.8","12.4","1.2",,,,,,,,,"18.5","80.8","2271","12.8","-40.3","1.7","13.4","1.2",,,,,,,,,,,,,,,,,,,,,,,,,"65.8","90.1","2499","-1.4","-19.5","14.3","15.8","3.1","25.6","79.8","2251","11.4","-45.8","-2.6","14.1","2.1","8.6","82.4","1102","-7.1","-31.7","8.8","12.4"
"Bello, Brayan",678394,2024,25,"30","162.1",702,622,157,107,31,21.8,9.1,".254",".405",".319",".330",".334",".151",".363",".380",".331",".337","-0.002","-0.011","-0.011",34.2,7.4,41.1,"76.384630975","94.524067665",65.1,16.8,29.6,43.5,56.5,185,425,52.9,1434,82.7,6.4,730,1220,760,2710,83.2,140,831,47.1,1276,41.8,1132,25.9,46.3,35.9,42,22.2,474,64.1,51.3,243,19.6,93,24.3,115,4.9,23,"R","2710",28.2,"4.7","95.7","2192","-8.9","-17.2","12.6","15.6","1.3","0.3","88.1","2276","-0.3","-38.3","-2.9","3.8","1.5","26.9","87.6","1810","-16.1","-32.5","3.2","16.6","1.5",,,,,,,,,"40.3","95.7","2046","-17.2","-26","4","17.9","1.3",,,,,,,,,,,,,,,,,,,,,,,,,"27.8","86.8","2364","7.9","-36.8","-0.6","8.5","1.3",,,,,,,,,,,,,,,,,,,,,,,,,"45","95.7","2061","-16.4","-25.1","4.9","17.6","1.3","28","86.8","2364","7.8","-36.9","-0.7","8.5","1.3","26.9","87.6","1810","-16.1","-32.5","3.2","16.6"
"Miller, Bryce",682243,2024,25,"31","180.1",704,654,131,84,25,24.3,6.4,".226",".414",".260",".301",".279",".188",".309",".370",".270",".306","-0.026","-0.076","-0.041",32.8,9.8,41.2,"80.650222167","94.328141625",69.8,17.3,27.1,43.4,56.6,158,364,48.9,1344,80.4,7.2,469,1695,585,2749,82.7,170,980,51.1,1405,42.9,1179,24.4,48.9,38.6,35.1,26.4,485,62.2,38.6,187,33,160,21.2,103,7.2,35,"R","2749",43.1,"42.1","95.2","2484","-6.3","-11.9","18.3","19.5","1","8.3","86.6","2541","3.2","-34.9","1.4","4.3","1.2",,,,,,,,,"4.5","85","2332","1.7","-44.6","-6.8","7.2","1.3","17.3","94.7","2406","-15.9","-19.6","11","19.4","1","2.3","92.1","2552","0.3","-18.6","13.5","13.7","1.6","17.1","84.4","912","-9.9","-38.2","0.4","11.1","1.5",,,,,,,,,"8.5","82.4","2258","14.8","-45.7","-5.3","15.9","1.7",,,,,,,,,,,,,,,,,,,,,,,,,"61.7","94.9","2465","-8.8","-14.3","16.1","19.3","1.2","21.3","84.6","2384","7.5","-41.3","-3","9.5","2.5","17.1","84.4","912","-9.9","-38.2","0.4","11.1"
"Imanaga, Shota",684007,2024,30,"29","173.1",694,662,149,98,23,25.1,4,".231",".398",".279",".288",".265",".167",".352",".365",".305",".313","-0.006","-0.013","-0.009",36,8.6,39.3,"77.586230864","93.931424733",75.4,20,34.7,47.6,52.4,207,435,48.4,1253,79.1,7.8,896,1413,281,2590,80,202,1008,51.6,1337,44.2,1145,28.3,55.7,43.1,35.6,21.3,489,68,37.2,182,32.9,161,21.3,104,8.6,42,"L","2590",39.5,"51.9","91.7","2442","10.2","-14.4","18.3","21","1.3",,,,,,,,,"3.8","81.6","1678","12","-31.5","9.5","15.5","1.5","3.3","72.5","2414","-8.9","-65.2","-12.6","15.6","2.3","2.2","89","1867","14.6","-24.9","9.7","17.7","1.5","0.5","89.8","2387","0.4","-19.9","13.8","13.9","1.4","30.8","82.9","1119","10.2","-33","6.7","12.4","1.1",,,,,,,,,"7.6","81.6","2512","-10.1","-38","3.3","11.2","1.4",,,,,,,,,,,,,,,,,,,,,,,,,"54.6","91.5","2418","10.3","-14.9","17.9","20.8","1.5","10.8","78.9","2482","-9.7","-46.2","-1.5","12.5","4.7","34.6","82.8","1181","10.4","-32.9","7","12.8"
"Brown, Hunter",686613,2024,25,"31","170.0",712,645,156,120,16,25.1,8.4,".223",".338",".296",".286",".295",".115",".355",".339",".333",".310",".019",".019",".010",28,4.5,30.3,"74.687517768","92.855098176",66.1,18.7,27.3,40,60,161,402,50.9,1471,70,7.6,362,1968,559,2889,81.3,175,937,49.1,1418,42.2,1218,25.1,46.3,34.2,38.9,26.9,468,60.3,48.5,227,22,103,22.4,105,7.1,33,"R","2889",57.4,"35","96","2298","-5.1","-12.3","17.5","18.4","1.5","6.9","89.9","2163","3.5","-29.1","4.9","6.4","2","12.5","88.4","1463","-14","-26.3","8.8","16.7","1.5","12.5","82.9","2486","4.7","-55.5","-15.2","16.1","2","17.9","95.6","2150","-13.7","-16.6","13.5","19.3","1.3","15.2","92.4","2322","3.3","-21.7","10.3","11.2","1.6",,,,,,,,,,,,,,,,,,,,,,,,,,,,,,,,,,,,,,,,,,,,,,,,,"68.1","95.1","2265","-5.5","-15.5","14.8","17","2.2","19.3","85.4","2368","4.3","-46.1","-8.1","12.7","4.2","12.5","88.4","1463","-14","-26.3","8.8","16.7"
"Pfaadt, Brandon",694297,2024,25,"32","181.2",760,707,183,122,31,24.3,5.5,".243",".402",".312",".303",".289",".159",".389",".377",".347",".329",".016",".019",".009",33,8.2,39.4,"78.684914866","94.224942476",67.2,17,29.5,46.6,53.4,183,393,47.6,1330,77.9,7.8,331,1550,911,2793,83,167,983,52.4,1463,44.4,1240,25.4,49.3,43,31.8,25.2,528,70.7,42.2,223,28.8,152,22.9,121,6.1,32,"R","2792",27.7,"33.3","93.8","2557","-5.6","-16.1","14.8","16","1.3",,,,,,,,,"11.3","87.5","2074","-15.5","-32","3.7","16.1","1.4","5.3","80.8","2599","12.8","-50.1","-8.2","15.6","1.6","22.2","93.7","2398","-15.1","-24.6","6.7","16.6","1.4",,,,,,,,,"0.6","89.6","1641","-4.1","-25.7","8","9.4","1.4",,,,,,,,,"27.3","84.8","2838","11.3","-31.5","6.5","13.4","1.3",,,,,,,,,,,,,,,,,,,,,,,,,"55.5","93.8","2493","-9.4","-19.5","11.6","16.3","1.4","32.6","84.2","2799","11.6","-34.5","4.1","13.7","2.1","11.9","87.6","2053","-14.9","-31.7","3.9","15.8"
"Kelly, Merrill",518876,2025,36,"32","184.0",748,696,157,96,35,22.3,6.4,".250",".431",".288",".316",".300",".181",".340",".380",".296",".328","-0.024","-0.047","-0.028",32.4,9.3,43.5,"79.116163359","94.908594218",67.2,14.7,32.9,41.6,58.4,202,486,52.2,1478,74.9,7.3,767,1594,472,2833,85.3,134,910,47.8,1355,46.7,1322,24.1,49.3,41.8,36,22.2,531,64.8,43.7,232,25.8,137,22.8,121,7.7,41,"R","2833",23.8,"23.2","91.9","2368","-9.5","-17.8","14.8","17.7","1.5","7","85.8","2365","2.1","-33.7","3.4","4.4","1.3","27.1","88.3","2159","-15.1","-35.1","0.1","15.3","1.3","9.7","81.7","2616","8.4","-51.1","-10","13.2","1.7","12.9","92.3","2223","-16.6","-26.2","6.1","17.8","1.3","20.2","90.6","2374","-2.9","-21.4","11.9","12.4","1.4",,,,,,,,,,,,,,,,,,,,,,,,,,,,,,,,,,,,,,,,,,,,,,,,,"56.3","91.5","2337","-8.8","-21","11.8","15.8","1.6","16.7","83.4","2511","5.8","-43.8","-4.4","9.5","2.7","27.1","88.3","2159","-15.1","-35.1","0.1","15.3"
"Gray, Sonny",543243,2025,35,"32","180.2",753,705,185,125,31,26.7,5,".250",".416",".314",".306",".290",".167",".407",".396",".365",".348",".012",".008",".008",34.8,9.8,40.7,"76.982367233","94.518739901",63.2,14.4,31.2,54.8,45.2,230,420,49.5,1345,78.7,6.7,229,1421,1068,2719,85.6,125,869,50.5,1374,44.6,1212,27.5,47.4,38.8,36.6,24.6,508,64.5,45.1,229,23.2,118,24.4,124,7.3,37,"R","2718",47.6,"21.7","91.7","2502","1.5","-21.8","10.5","10.7","0.9","1.7","84.4","2624","5","-39.2","-1","5.7","1.5","8.4","86.2","1860","-13.7","-30.1","6.9","15.6","1.6","18.4","80.2","2583","12.7","-56.8","-13.7","18.8","1.2","18","92.4","2401","-10.3","-23.7","8.4","13.6","1","12.6","87.8","2680","5.1","-33.1","2.2","6.5","1.4",,,,,,,,,,,,,,,,,"19.2","85.1","2661","14.9","-42","-4.1","15.6","1",,,,,,,,,,,,,,,,,,,,,,,,,"52.3","91","2510","-1.7","-25.2","7.8","10.7","2.3","39.3","82.8","2623","13.5","-48.8","-8.5","16.7","2.9","8.4","86.2","1860","-13.7","-30.1","6.9","15.6"
"Hendricks, Kyle",543294,2025,35,"31","164.2",695,638,167,102,37,16.4,6.2,".246",".408",".324",".308",".299",".162",".362",".341",".315",".300",".016",".039",".016",32.6,8.3,34.3,"73.673250302","93.310892792",64.2,14.8,31.7,25.4,74.6,103,406,49.8,1281,71.7,6.7,987,1372,212,2573,85.2,123,829,50.2,1292,46.5,1197,18.3,48,33.4,42.8,23.8,533,65.6,39.2,209,28.9,154,22.9,122,9,48,"R","2571",42.6,"15","86.5","2051","-5.9","-22.3","14.3","15.6","1.1",,,,,,,,,"38.4","79.5","2077","-10.9","-34.8","8.5","14.9","1","8.2","72.2","2823","15.7","-63.3","-10.1","19","1.4","38.4","86.2","1981","-13.9","-29.6","7.2","15.7","1",,,,,,,,,,,,,,,,,,,,,,,,,,,,,,,,,,,,,,,,,,,,,,,,,,,,,,,,,"53.4","86.3","2001","-11.6","-27.5","9.2","15.7","1","8.2","72.2","2823","15.7","-63.3","-10.1","19","1.4","38.4","79.5","2077","-10.9","-34.8","8.5","14.9"
"Boyd, Matthew",571510,2025,34,"31","179.2",718,656,154,107,25,21.4,5.8,".240",".398",".287",".301",".293",".158",".333",".353",".303",".311","-0.005","-0.029","-0.014",31.4,9,38,"77.347035336","93.962286673",70.5,17.7,28.8,38.8,61.2,140,361,45.6,1252,76.7,8.6,650,1377,719,2746,82.3,186,1053,54.4,1494,43,1182,23.1,51.5,36.6,36.3,27.1,513,67.8,39,200,30.4,156,21.1,108,9.6,49,"L","2746",25.1,"47.1","93.3","2318","13.2","-18.6","12.9","18.6","1.3","14.9","82","2485","-2.4","-40.4","0.3","3.6","1.7","23.7","78.7","1818","15.7","-38.5","5.7","16.9","1.5","11.3","73.5","2326","-11","-59.4","-8.5","14.2","2.3","3","91.5","2281","17.2","-23.7","9.1","19.5","1.6",,,,,,,,,,,,,,,,,,,,,,,,,,,,,,,,,,,,,,,,,,,,,,,,,,,,,,,,,"50.1","93.2","2316","13.5","-18.9","12.7","18.6","1.4","26.2","78.3","2416","-6.1","-48.6","-3.5","8.2","5","23.7","78.7","1818","15.7","-38.5","5.7","16.9"
"Kikuchi, Yusei",579328,2025,34,"33","178.1",772,689,180,120,35,22.5,9.6,".250",".428",".327",".327",".325",".178",".384",".385",".345",".333",".011","-0.009",".000",34.2,9.4,42.2,"80.679269806","95.007564466",67.9,17,26.9,41.6,58.4,166,399,47.9,1482,75,8.3,376,1115,1603,3094,83,186,1095,52.1,1612,44.4,1375,23.6,48.3,40.9,34.5,24.6,521,63,40.3,210,27.6,144,25.7,134,6.3,33,"L","3094",36.5,"34.9","94.8","2187","9.4","-15.2","15.4","18.2","1.3","36.2","87","2295","-2.9","-32.4","3.8","5.9","2.1","12.2","85.6","1542","13.6","-30.7","6.7","15.5","2.2","15.4","79.9","2527","-6.9","-48.7","-5.8","9.5","2.3","1.1","92.9","2179","14.9","-22.6","9.2","17.6","1.6",,,,,,,,,,,,,,,,,,,,,,,,,"0.2","80.8","2389","-13.9","-39.7","2.7","14.3","1.4",,,,,,,,,,,,,,,,,,,,,,,,,"36","94.8","2187","9.6","-15.4","15.2","18.2","1.4","51.8","84.9","2364","-4.1","-37.3","0.9","7","4.3","12.2","85.6","1542","13.6","-30.7","6.7","15.5"
"Gausman, Kevin",592332,2025,34,"32","193.0",775,716,155,98,34,24.4,6.5,".238",".407",".273",".301",".289",".169",".330",".370",".292",".322","-0.022","-0.049","-0.028",35,8.5,41.4,"78.114323042","94.522007833",70.9,18,31.7,45.8,54.2,216,472,49.1,1489,82.9,7.2,1134,1629,267,3030,82,197,1092,50.9,1541,44.4,1344,26.4,51.6,34.1,35.8,30.1,531,68.8,37.3,198,29.8,158,26,138,7,37,"R","3030",36.7,"53.7","94.5","2261","-11.1","-14.1","16.8","20.2","1.7","8.8","83.2","2321","1.7","-37.7","1.9","4.1","2.1",,,,,,,,,,,,,,,,,"0.1","93.7","2280","-18.6","-14","18.1","25.9","1.4",,,,,,,,,"37.4","84.9","1692","-15.5","-33.8","4.5","16.5","2",,,,,,,,,,,,,,,,,,,,,,,,,,,,,,,,,,,,,,,,,"53.8","94.5","2261","-11.1","-14.1","16.8","20.3","1.7","8.8","83.2","2321","1.7","-37.7","1.9","4.1","2.1","37.4","84.9","1692","-15.5","-33.8","4.5","16.5"
"Ray, Robbie",592662,2025,33,"32","182.1",755,671,148,85,39,24.6,9.7,".219",".385",".299",".300",".299",".166",".350",".353",".301",".302",".002","-0.002","-0.001",35.4,9.6,44.7,"81.357482769","94.734721694",71,19.4,27.7,49.3,50.7,211,428,50.3,1543,80.4,7.5,399,1595,1075,3069,80.6,210,1084,49.7,1526,44,1350,27.8,49.3,39,35.2,25.8,492,59.1,36.6,180,33.1,163,23.4,115,6.9,34,"L","3069",45.7,"51.9","93.6","2360","8.2","-13.2","18.2","20.1","1.5","22.6","87.9","2269","0.5","-26.1","9.2","9.5","1.6","13","84.8","1650","11.4","-26.3","11.7","16.5","1.6","12.1","81.2","2185","-1.6","-46.8","-5.4","5.9","2","0.1","94","2371","8.5","-14","16.9","19","1.5",,,,,,,,,,,,,,,,,,,,,,,,,"0.4","80","2206","-10.1","-47.7","-4.5","12","1.5",,,,,,,,,,,,,,,,,,,,,,,,,"52","93.6","2360","8.2","-13.2","18.2","20","1.5","35","85.5","2239","-0.3","-33.4","4","8.3","4","13","84.8","1650","11.4","-26.3","11.7","16.5"
"deGrom, Jacob",594798,2025,37,"30","172.2",669,624,122,76,19,27.7,5.5,".221",".391",".259",".286",".268",".170",".327",".369",".275",".314","-0.025","-0.037","-0.027",33.1,9.3,41.9,"79.671198045","94.499823864",71,19.5,32.4,53.7,46.3,227,423,49.9,1305,80.2,7.2,295,1203,1116,2614,80.5,181,929,50.1,1309,44.1,1153,30.2,51.7,36.5,32.7,30.9,444,63.7,38.1,169,33.1,147,22.3,99,6.5,29,"R","2614",31.3,"46","97.5","2519","-8.9","-12.5","16.5","18.8","1.2","37.6","90.4","2698","4.8","-31.1","2.4","5.8","1.8","11.3","89.8","1666","-13.9","-31.9","2.1","14.5","1.4","5.1","80.9","2781","10.5","-47.3","-5.3","11.9","2.3",,,,,,,,,,,,,,,,,,,,,,,,,,,,,,,,,,,,,,,,,,,,,,,,,,,,,,,,,,,,,,,,,"46","97.5","2519","-8.9","-12.5","16.5","18.8","1.2","42.7","89.2","2708","5.5","-33","1.5","6.5","3.9","11.3","89.8","1666","-13.9","-31.9","2.1","14.5"
"Pivetta, Nick",601713,2025,32,"31","181.2",721,660,129,86,19,26.4,6.9,".228",".424",".256",".309",".287",".196",".310",".391",".271",".322","-0.033","-0.094","-0.053",36.4,10.9,45,"79.736148771","94.701402267",65.1,19.1,28.4,38.4,61.6,147,383,47.4,1350,72.5,8,5,1665,1181,2851,80.9,187,977,52.6,1501,43.5,1239,24.6,47.7,38.5,37.7,23.8,478,63.4,34.1,163,33.3,159,23.4,112,9.2,44,"R","2851",56.1,"47.4","93.8","2325","-2.8","-11.5","19.8","20.1","1.2","0.5","86.9","2321","5.4","-32.9","3.3","6.9","1.7",,,,,,,,,"22.4","79","2797","7.1","-61.2","-16.7","18.3","1.4","2.3","93.3","2236","-10.1","-14.7","16.8","19.8","1.4","8.8","90.3","2349","4.3","-22.4","11.2","12.5","1.8","0.2","87.3","1456","-12.3","-22.9","13.1","18.1","1.6",,,,,,,,,"18.6","81.9","2443","13.2","-37.9","3.2","14.1","1.5",,,,,,,,,,,,,,,,,,,,,,,,,"58.4","93.3","2325","-2","-13.3","18.4","19","1.9","41.4","80.4","2633","9.8","-50.4","-7.6","16.3","2.4","0.2","87.3","1456","-12.3","-22.9","13.1","18.1"
"Bassitt, Chris",605135,2025,36,"32","170.1",736,667,174,118,31,22.6,7.1,".252",".400",".324",".316",".318",".149",".382",".371",".345",".335",".009",".015",".008",34.5,8.5,36.6,"75.618546494","93.913717565",66.9,18.4,25.3,37,63,128,346,48.4,1368,78,7.1,205,1919,705,2829,81.6,180,977,51.6,1461,44.8,1267,23.3,46.8,41.4,36.4,22.2,505,59.6,46.1,233,21.6,109,24.2,122,8.1,41,"R","2829",31.9,"9.3","91.5","2150","-5.2","-21.5","11.2","12.6","1.2","2.9","83.6","2369","5.9","-38.8","0.4","6.5","2.3","3.7","84.5","1829","-15.6","-35.9","2.6","16.2","1.3","16.2","71.3","2277","16.8","-66.3","-11.5","20.5","1.1","41.7","91.6","2102","-16.2","-28.3","4.6","17","1.2","16.8","88.5","2224","0.8","-26.3","8.5","8.9","1.8","3.6","83.4","1303","-14.7","-40.5","-0.8","15","1.4",,,,,,,,,"5.8","72.6","2335","19.2","-53.5","-0.8","19.4","1.2",,,,,,,,,,,,,,,,,,,,,,,,,"67.8","90.8","2139","-10.5","-26.9","6.5","14.4","2","24.9","73","2301","16.1","-60.1","-7.6","18.6","4.5","7.2","83.9","1570","-15.1","-38.2","0.9","15.6"
"Holmes, Clay",605280,2025,32,"33","165.2",708,622,150,110,25,18.2,9.3,".245",".394",".302",".322",".330",".150",".318",".346",".301",".309","-0.004","-0.042","-0.020",30.5,6.8,42.3,"78.369750081","94.822225709",61.3,11.8,29.4,42.2,57.8,177,419,51.6,1427,67.9,6.9,434,1509,821,2764,88.2,97,820,48.4,1337,42.9,1187,22.1,44.8,43.5,38.3,18.2,499,60.3,55.9,279,18.2,91,21.6,108,4.2,21,"R","2764",43.6,"5.4","93.2","2304","-6.7","-17.9","13.7","15.5","1.4","10.7","85.3","2598","2","-41.7","-4.2","5","1.4","15.7","88.1","1105","-12.1","-35.1","0.3","12.6","1.3",,,,,,,,,"40.8","93.7","2180","-15","-28.4","2.9","15.4","1.4","8.4","89.8","2446","1","-28.7","5.1","5.7","1.6",,,,,,,,,,,,,,,,,"19","81.9","2815","16.7","-47.3","-6.1","17.9","1.3",,,,,,,,,,,,,,,,,,,,,,,,,"54.6","93.1","2233","-11.7","-27.4","4.3","13.9","2.1","29.7","83.2","2737","11.4","-45.3","-5.4","13.3","2.2","15.7","88.1","1105","-12.1","-35.1","0.3","12.6"
"Springs, Jeffrey",605488,2025,32,"32","171.0",713,647,153,89,36,19.4,7.6,".249",".431",".309",".321",".309",".182",".349",".365",".296",".315","-0.013","-0.009","-0.012",38.2,8.1,37.3,"76.965319805","93.911262183",65.9,18.6,28.5,41.7,58.3,177,424,52.3,1490,77.4,7.3,720,1378,749,2847,81.4,166,894,47.7,1357,44.7,1274,26,46.3,35.1,39.4,25.5,518,60.3,31.9,165,29.5,153,29.2,151,9.5,49,"L","2847",43.2,"42.5","90.7","2171","11.4","-17.5","16","19.8","1.3","20.2","83.5","2227","-4","-36.7","2.5","5.2","1.5","25.3","79.1","1395","12.5","-37","6.8","14.6","1.3",,,,,,,,,,,,,,,,,"5.9","86.9","2203","0.3","-27.6","8.5","9","1.3",,,,,,,,,,,,,,,,,"6.1","76.2","2320","-14.9","-47.8","-0.3","15.4","2",,,,,,,,,,,,,,,,,,,,,,,,,"48.4","90.2","2175","10","-18.7","15.1","18.5","1.9","26.3","81.8","2248","-6.5","-39.3","1.8","7.6","3.8","25.3","79.1","1395","12.5","-37","6.8","14.6"
"Rodón, Carlos",607074,2025,32,"33","195.1",789,701,132,83,27,25.7,9.3,".206",".351",".266",".285",".290",".145",".303",".334",".263",".291","-0.018","-0.030","-0.019",32.3,7.6,38.9,"77.269631895","94.179910283",64.6,19.8,29.3,50.3,49.7,255,507,54,1733,78,6.2,519,1658,1035,3212,80.2,189,956,46,1479,43.3,1392,30.3,45.5,37.3,37.7,25,504,62,44,222,27.6,139,21.6,109,6.7,34,"L","3212",44.4,"41.8","94.1","2347","10.8","-13.5","17.6","20.8","1.5","28.4","85.9","2633","-5.5","-37.9","-0.8","6.5","1.8","16.2","85","1650","12.7","-34.2","3.7","13.4","1.4","3.8","80.3","2717","-7.3","-55.8","-13","15.2","1.9","9.7","91.9","2256","14.6","-26.1","6.3","16","1.6","0.2","92.4","2383","3.6","-24.5","7.5","9.5","1.5",,,,,,,,,,,,,,,,,,,,,,,,,,,,,,,,,,,,,,,,,,,,,,,,,"51.6","93.7","2330","11.5","-15.9","15.5","19.8","1.8","32.2","85.2","2643","-5.8","-40","-2.2","7.6","2.7","16.2","85","1650","12.7","-34.2","3.7","13.4"
"Martinez, Nick",607259,2025,34,"40","165.2",683,621,158,91,44,17,6.1,".257",".410",".317",".312",".308",".153",".354",".348",".307",".313","-0.003",".025",".005",37,7,34.5,"78.23181311","93.267375748",65.5,14.2,24.6,38.6,61.4,110,285,44.9,1158,72.5,8.9,510,1516,551,2578,85.8,132,930,55.1,1420,45.7,1179,19.9,47.1,43.5,33.7,22.7,519,61.3,39.3,204,27.7,144,24.9,129,8.1,42,"R","2577",57.8,"21","92.6","2316","-5.5","-14.2","17.8","18.7","1.1","10.4","85","2432","0.7","-35.9","1.9","2.7","1.3","19.8","78.5","2010","-11.2","-39.4","5","12.5","1.5","11","79.8","2586","2","-59.8","-16.5","16.7","1.2","16.9","92.5","2293","-13.1","-17.9","14.1","19.4","1.1","21","89.1","2365","1.9","-22.8","11.4","11.8","1.2",,,,,,,,,,,,,,,,,,,,,,,,,,,,,,,,,,,,,,,,,,,,,,,,,"58.8","91.3","2327","-5","-18.3","14.5","16.4","2.2","21.4","82.3","2512","1.4","-48.2","-7.6","9.9","3.1","19.8","78.5","2010","-11.2","-39.4","5","12.5"
"Freeland, Kyle",607536,2025,32,"31","162.2",709,657,193,132,34,17.5,5.4,".282",".473",".341",".342",".325",".191",".392",".393",".357",".344",".012","-0.012","-0.001",36.8,9.4,47.3,"81.013744552","95.077603477",69.2,11.5,29.9,47.3,52.7,160,338,45.5,1130,79.4,8.6,147,1368,967,2482,88.5,108,936,54.5,1352,43.4,1078,21,51.3,43.6,35.9,20.5,541,68.5,41.6,225,25.3,137,28.7,155,4.4,24,"L","2482",28.3,"33.4","91.6","2404","7.9","-17.5","15.1","17.1","1.6",,,,,,,,,"5.9","86.4","1515","12.3","-29.9","6.7","14.3","1.9","26.1","82.6","2397","-2","-46.4","-6.5","7.2","1.7","6.1","91.3","2287","14","-24.6","8.1","16.4","1.3","15.6","87.3","2371","0.5","-29.6","6.1","6.5","1.5",,,,,,,,,,,,,,,,,"12.9","83.6","2333","-9.6","-42.5","-3.2","10.5","1.4",,,,,,,,,,,,,,,,,,,,,,,,,"55.1","90.3","2381","6.5","-21.7","11.8","14","2.6","39","82.9","2376","-4.5","-45.1","-5.4","8.3","1.7","5.9","86.4","1515","12.3","-29.9","6.7","14.3"
"Fried, Max",608331,2025,31,"32","195.1",801,737,164,117,26,23.6,6.4,".233",".357",".272",".287",".291",".125",".319",".340",".298",".312","-0.010","-0.023","-0.015",29.6,6.9,37.2,"74.884362841","93.857707638",66.7,18.5,27.6,45.7,54.3,199,435,50.7,1575,75.2,7.8,340,1819,950,3109,81.5,189,1023,49.3,1534,42.2,1312,26.6,46.9,41,36.7,22.3,551,60.3,52.6,290,21.2,117,20.1,111,6,33,"L","3109",46,"12.2","95.9","2213","3.1","-14.7","15","15.5","1.5","1.7","85.5","2565","-4.6","-38","-0.6","6.3","2","10.9","85.2","1658","13.4","-34.1","3.6","14.1","2.4","17.3","75.2","2920","-10.5","-66.1","-16.9","20","2.1","17.7","94","2131","10","-26.5","4.3","11.1","2","28.6","93.6","2301","-1.5","-22.2","8.9","9.3","2.1",,,,,,,,,,,,,,,,,"11.6","81.5","2837","-17.3","-45.3","-3.7","18.2","2.3",,,,,,,,,,,,,,,,,,,,,,,,,"58.5","94.2","2231","2.9","-22","8.8","11.1","2.2","30.6","78.2","2869","-12.8","-56.6","-11","18.6","4.4","10.9","85.2","1658","13.4","-34.1","3.6","14.1"
"Wacha, Michael",608379,2025,33,"31","172.2",716,658,166,116,29,17.6,6.3,".257",".420",".299",".316",".308",".164",".333",".356",".310",".317","-0.005","-0.037","-0.017",36.7,7.4,34.6,"76.056574508","93.523519129",70.2,16,28.2,36.2,63.8,128,354,47.1,1256,84.9,8.2,677,1458,530,2666,84,158,989,52.9,1409,44.4,1182,21.3,50.4,40.2,35.7,24.1,540,63.3,37.8,204,27.2,147,25.2,136,9.8,53,"R","2665",50.9,"27","93.1","2163","-6.5","-13.6","18.1","19.3","1.4","12.2","84.9","1953","4.1","-33.6","4.2","6.3","1.4","25.4","79.8","1537","-13","-35.6","7.5","15.9","1.5","7.7","75.1","2268","11.5","-60.7","-11.8","16.7","1.4","12.7","93.2","2044","-12.3","-16.2","15.3","19.8","1.4","15","88.2","2118","1.9","-25.4","9.5","10","1.4",,,,,,,,,,,,,,,,,,,,,,,,,,,,,,,,,,,,,,,,,,,,,,,,,"54.7","91.7","2123","-5.5","-17.4","15.1","16.8","2.8","19.9","81.1","2075","7","-44.2","-2","10.3","5.3","25.4","79.8","1537","-13","-35.6","7.5","15.9"
"Berríos, José",621244,2025,31,"31","166.0",698,632,160,102,30,19.8,8,".255",".454",".325",".337",".323",".199",".370",".387",".323",".327","-0.002","-0.024","-0.012",32.6,11.3,42.5,"79.761456829","94.705282256",66,13.5,28.2,39.8,60.2,153,384,52.7,1362,78.2,7.3,434,1479,670,2584,86.5,109,806,47.3,1222,43.3,1119,22,46.1,40,37.4,22.5,497,64.3,42.3,210,27.4,136,22.1,110,8.2,41,"R","2583",38.7,"17.9","93","2131","-9.8","-16.6","15.2","18.2","1.4",,,,,,,,,"16.8","85.2","1555","-14.4","-33.5","4.4","15.3","1.5",,,,,,,,,"33.6","92.2","2028","-16.1","-21.5","10.8","19.4","1.4","5.8","89.5","2308","0.1","-24.1","10","10.2","1.3",,,,,,,,,,,,,,,,,,,,,,,,,"25.9","82.6","2362","14.9","-44.9","-4.5","15.7","1.4",,,,,,,,,,,,,,,,,"57.3","92.2","2088","-12.5","-20.3","12.1","18.1","1.8","25.9","82.6","2362","14.9","-44.9","-4.5","15.7","1.4","16.8","85.2","1555","-14.4","-33.5","4.4","15.3"
"Castillo, Luis",622491,2025,32,"32","180.2",745,689,168,108,34,21.7,6.2,".245",".418",".304",".312",".299",".173",".358",".369",".317",".320","-0.001","-0.016","-0.008",32.1,10.4,46.4,"79.249648523","95.089940152",73.9,19.2,28.9,38.7,61.3,166,429,49.6,1483,77.7,6.8,340,2039,609,2988,80.8,213,1112,50.4,1505,44.3,1323,24.6,51.6,38.3,37.2,24.5,530,64.7,41.1,218,28.7,152,22.8,121,7.4,39,"R","2988",15.1,"46.3","95","2211","-13","-18.1","12.4","18","1.1","20.4","84.5","2249","1","-38.5","-0.4","2.4","1.4","11.4","87.2","1970","-17.7","-36.6","-0.5","17.8","1.3",,,,,,,,,"22","94.8","2035","-18.5","-26.8","3.7","19","1.1",,,,,,,,,,,,,,,,,,,,,,,,,,,,,,,,,,,,,,,,,,,,,,,,,,,,,,,,,"68.2","94.9","2154","-14.8","-20.9","9.6","18.3","1.1","20.4","84.5","2249","1","-38.5","-0.4","2.4","1.4","11.4","87.2","1970","-17.7","-36.6","-0.5","17.8"
"Severino, Luis",622663,2025,31,"29","162.2",705,630,162,111,35,17.6,7.1,".266",".416",".313",".331",".335",".149",".340",".364",".316",".330","-0.009","-0.027","-0.018",35.3,6,41.9,"75.840911693","94.478741811",66.9,14.4,26.3,28.8,71.2,100,347,48.3,1320,80.9,7.1,147,1798,786,2731,85.6,136,944,51.7,1411,45.1,1231,18.3,47.3,36.9,37.3,25.8,515,58.9,41.9,216,23.7,122,27.2,140,7.2,37,"R","2731",39.5,"28","96.1","2284","-7.2","-13.5","16.3","17.9","1.6","4","87","2494","6.8","-33.1","3","8.2","1.5","5.4","86.2","1603","-13.7","-29.6","7.4","16","1.7",,,,,,,,,"20.2","95.6","2125","-14.1","-17.9","12.1","18.7","1.4","17.6","93.2","2287","0.7","-22.2","9.3","9.7","1.7",,,,,,,,,,,,,,,,,"24.8","84.5","2580","15.7","-36.2","2.4","16.4","1.9",,,,,,,,,,,,,,,,,,,,,,,,,"65.8","95.2","2236","-7.2","-17.2","13.2","16","2.1","28.8","84.9","2568","14.5","-35.7","2.5","15.2","2.1","5.4","86.2","1603","-13.7","-29.6","7.4","16"
"Littell, Zack",641793,2025,29,"32","186.2",759,712,174,104,33,17.1,4.2,".255",".458",".311",".323",".294",".204",".354",".370",".296",".313","-0.011","-0.013","-0.012",32.7,9.9,40.9,"80.190668797","94.458762186",69.7,14,30.8,37.5,62.5,148,395,46,1283,80.1,7.9,762,1108,918,2788,85.9,147,1049,54,1505,46.2,1288,20.4,51.8,40.9,38.8,20.3,587,63.4,40.7,239,27.8,163,23.3,137,8.2,48,"R","2788",39.4,"23.9","92.1","2011","-7.3","-16.2","16.1","17.8","1.2","27.5","87.3","2199","1.4","-28.5","7.2","7.7","1.2",,,,,,,,,,,,,,,,,"15.8","91.5","2028","-14.2","-20.2","12.4","18.9","1.2",,,,,,,,,"27.3","83.4","1105","-11.7","-40.4","-0.9","12.2","1.2",,,,,,,,,"5.4","79.5","2166","11.5","-47.2","-3.7","12.5","1.3",,,,,,,,,,,,,,,,,,,,,,,,,"39.7","91.9","2018","-10","-17.8","14.6","18.2","1.3","32.9","86","2194","3","-31.6","5.4","8.5","3.5","27.3","83.4","1105","-11.7","-40.4","-0.9","12.2"
"Peralta, Freddy",642547,2025,29,"33","176.2",723,643,124,80,23,28.2,9.1,".206",".361",".270",".289",".289",".155",".323",".353",".282",".302","-0.013","-0.034","-0.019",33.9,9.3,34.5,"76.986266955","93.5568435",69.3,21.5,28.5,47.1,52.9,228,484,55,1698,78.9,6.3,655,1651,780,3086,78.4,207,962,45,1388,41.8,1289,30.1,46.9,34.1,36.3,29.6,443,63.3,37.5,166,28.9,128,22.6,100,11.1,49,"R","3086",38.3,"53.5","94.8","2441","-4.6","-13.9","16.8","17.5","1.6","9.1","83.8","2454","5.1","-33.4","5.7","9","1.4","21.2","88.9","1929","-16.8","-31.2","3.7","17.3","1.3","15.1","78.8","2331","5.3","-50.4","-6.1","8.2","2.6",,,,,,,,,,,,,,,,,,,,,,,,,,,,,,,,,"1.1","80.2","2448","10.7","-43.1","-0.1","10.9","1.5",,,,,,,,,,,,,,,,,,,,,,,,,"53.5","94.8","2441","-4.6","-13.9","16.8","17.5","1.6","25.3","80.7","2380","5.5","-43.9","-1.5","8.6","3.5","21.2","88.9","1929","-16.8","-31.2","3.7","17.3"
"Alcantara, Sandy",645261,2025,29,"31","174.2",745,669,165,104,39,19.1,7.7,".262",".436",".311",".332",".326",".175",".346",".375",".308",".329","-0.015","-0.032","-0.021",33,8.6,45,"80.162512584","95.038047336",68,13.7,29,39.8,60.2,158,397,47.3,1368,77.2,7.9,672,1724,495,2891,86.3,142,1035,52.7,1523,43.3,1251,20.9,49.5,44.8,32.1,23.1,536,63,46.6,250,24.1,129,24.6,132,4.7,25,"R","2891",31.8,"17.1","97.7","2286","-14.1","-15.8","13.1","19.4","1.4","17.1","85.3","2444","2.8","-39.3","-1.7","4","2.1","23.2","90.4","2089","-17.5","-28.8","4.8","18.3","1.5",,,,,,,,,"25.8","97.1","2323","-17.3","-20.7","8.5","19.4","1.4","16.7","89.3","2355","1","-29.6","4.7","5.4","1.9",,,,,,,,,,,,,,,,,,,,,,,,,,,,,,,,,,,,,,,,,,,,,,,,,"59.6","95.1","2321","-11.3","-21.8","8.8","15.5","4.4","17.1","85.3","2444","2.8","-39.3","-1.7","4","2.1","23.2","90.4","2089","-17.5","-28.8","4.8","18.3"
"Sánchez, Cristopher",650911,2025,28,"32","202.0",807,754,171,124,35,26.3,5.5,".225",".345",".264",".272",".273",".120",".327",".340",".315",".313",".002","-0.024","-0.008",27,5.7,39.8,"77.436793852","94.392001148",66.1,21.9,31.6,49.5,50.5,219,442,48.2,1397,77.4,8.3,1084,1332,480,2896,78.1,217,991,51.8,1499,43.7,1266,30.4,49.5,40.6,37.4,22,545,65.4,58.5,319,16.9,92,22,120,2.6,14,"L","2895",29.6,,,,,,,,,"16.6","85.7","2089","-1.6","-37.9","-0.5","3.6","1.5","37.4","86.3","2043","16.9","-38.1","-1.1","17.1","1.4",,,,,,,,,"46","95.4","2137","18.3","-25.8","4.5","19","1.2",,,,,,,,,,,,,,,,,,,,,,,,,,,,,,,,,,,,,,,,,,,,,,,,,,,,,,,,,"46","95.4","2137","18.3","-25.8","4.5","19","1.2","16.6","85.7","2089","-1.6","-37.9","-0.5","3.6","1.5","37.4","86.3","2043","16.9","-38.1","-1.1","17.1"
"Cease, Dylan",656302,2025,29,"32","168.0",722,636,152,93,37,29.8,9.8,".214",".359",".313",".290",".297",".145",".406",".366",".357",".321",".025",".040",".023",36.6,8.6,37.5,"78.184355258","93.931109718",70.3,22.7,30.9,54.7,45.3,276,505,53.6,1632,75.7,6.6,37,1403,1604,3044,77.3,225,993,46.4,1412,42.2,1286,33.4,49.2,41,35.9,23.1,429,60.1,37.3,160,30.3,130,23.8,102,8.6,37,"R","3044",51.3,"42.1","97.1","2550","-3.7","-10.7","18.5","19","1.3","40.8","89.1","2766","1.2","-31.2","3.3","4.2","1.5","1.2","78.3","1689","-8","-28.1","17.2","19","3.1","8.3","82.3","2746","3.1","-56.4","-15.5","16","2.1","3.9","95.8","2477","-11.1","-15.8","14.1","18","1.3",,,,,,,,,,,,,,,,,,,,,,,,,"3.5","84.3","2915","11.6","-46.7","-7.8","14.3","1.6",,,,,,,,,,,,,,,,,,,,,,,,,"46.1","97","2544","-4.3","-11.1","18.1","18.9","1.4","52.7","87.7","2773","2.2","-36.3","-0.4","6.8","3.4","1.2","78.3","1689","-8","-28.1","17.2","19"
"Keller, Mitch",656605,2025,29,"32","176.1",749,686,171,108,40,20,6.8,".259",".430",".313",".326",".319",".171",".356",".375",".318",".331","-0.010","-0.025","-0.013",34.6,7.8,43.8,"79.4512197","94.723694728",68.3,13,25.8,43.8,56.2,151,345,46.6,1336,76,9.3,200,1512,1158,2870,87,136,1047,53.4,1534,41.2,1182,20.6,48.5,38.7,35.8,25.5,537,59.9,44.3,238,24.4,131,24.2,130,7.1,38,"R","2870",37.9,"34.8","94.1","2404","-8.5","-15.6","15.3","17.6","1.4","14","86.9","2531","4.6","-36.5","-0.5","5.2","1.7","7","89.2","2028","-14","-32.1","2.3","14.5","1.3","7.3","77.4","2612","12","-60.4","-14.1","18.6","1.4","17.8","92.9","2461","-13.9","-22.2","9.6","17.1","1.2","0.1","92.4","2427","1.3","-22.1","9.6","9.7","1.4",,,,,,,,,,,,,,,,,"19.1","82.3","2714","17.5","-40.7","-0.1","17.7","1.5",,,,,,,,,,,,,,,,,,,,,,,,,"52.7","93.7","2423","-10.3","-17.9","13.3","17.4","1.5","40.3","83","2632","12","-42.8","-2.8","13.6","4.1","7","89.2","2028","-14","-32.1","2.3","14.5"
"Peterson, David",656849,2025,29,"30","168.2",723,643,166,118,35,20.7,9,".270",".407",".311",".331",".344",".137",".350",".379",".335",".353","-0.012","-0.037","-0.020",34.4,6.4,46,"79.61366252","95.237705996",65.7,14.1,28.2,46.5,53.5,179,385,50.6,1365,71.8,6.7,412,1401,886,2699,85.9,124,877,49.4,1334,44.3,1196,24,46.8,41.6,35.6,22.8,500,63.8,55.4,277,16,80,26.6,133,2,10,"L","2699",40.4,"22.3","92.3","2132","4.6","-18.6","13.5","14.5","1.4","19.1","84.6","2314","-2.5","-38.2","0","3.2","1.5","15.3","84.6","1565","14.6","-33.9","4.6","15.6","1.7","13.7","78.7","2361","-6.5","-52.6","-8.1","10.6","1.7","29.6","91.3","2122","14.6","-25.3","7.8","16.7","1.5",,,,,,,,,,,,,,,,,,,,,,,,,,,,,,,,,,,,,,,,,,,,,,,,,,,,,,,,,"51.9","91.7","2127","10.3","-22.4","10.3","15.7","1.6","32.8","82.1","2334","-4.2","-44.2","-3.4","6.3","3.6","15.3","84.6","1565","14.6","-33.9","4.6","15.6"
"Webb, Logan",657277,2025,28,"34","207.0",856,795,210,144,49,26.2,5.4,".246",".385",".303",".295",".292",".138",".386",".374",".365",".342",".018",".001",".008",32.8,8.3,40.2,"78.364554789","94.732224965",63.2,13.7,29.8,47.2,52.8,234,496,50.8,1667,70.4,7,792,1617,873,3282,86.3,140,1021,49.2,1615,44.1,1449,24.7,46.2,36.3,39.6,24.2,579,68.5,54.2,314,16.9,98,25.6,148,3.3,19,"R","3282",22.1,"7.9","92.8","2118","-8.9","-21","10.7","14","1.1",,,,,,,,,"24.1","86.5","1502","-8.5","-42","-5.6","10.5","1.1",,,,,,,,,"33.6","92.6","1961","-15.7","-31.6","0.5","15.9","1.1","7.8","91","2227","-2","-25.2","7.7","8.2","1.1",,,,,,,,,,,,,,,,,"26.6","84.6","2544","14.6","-38.7","-0.5","14.8","1.2",,,,,,,,,,,,,,,,,,,,,,,,,"49.3","92.4","2028","-12.5","-28.9","3.2","14.4","1.3","26.6","84.6","2544","14.6","-38.7","-0.5","14.8","1.2","24.1","86.5","1502","-8.5","-42","-5.6","10.5"
"Ryan, Joe",657746,2025,29,"31","171.0",689,633,138,80,32,28.2,5.7,".209",".397",".290",".289",".269",".188",".369",".368",".312",".303",".009","-0.005",".001",33.1,11.5,41.9,"79.815298733","94.608611131",69.8,22,25.3,40.1,59.9,128,319,45.1,1261,83.1,8.7,310,1750,734,2795,78,235,1070,54.9,1534,44.6,1247,26.1,49.7,36,37.4,26.6,444,66,36.9,164,32.2,143,20.3,90,10.6,47,"R","2794",25.3,"50.3","93.7","2295","-12.6","-17.7","13.7","18.7","1.6","9.2","87.9","2333","0.1","-28.6","6.7","7.2","1.8",,,,,,,,,"3.9","79.1","2817","12.5","-53.7","-9.8","16","1.7","12.4","93.2","2141","-16.4","-23.1","8.5","18.6","1.6",,,,,,,,,"11.1","87.6","2014","-15.3","-34.7","1.1","15.6","1.8",,,,,,,,,"13.1","80.6","2783","15.7","-42.3","0.2","16","1.7",,,,,,,,,,,,,,,,,,,,,,,,,"62.6","93.6","2264","-13.4","-18.8","12.7","18.7","1.6","26.3","83","2630","9.7","-39.2","1","12.9","4.4","11.1","87.6","2014","-15.3","-34.7","1.1","15.6"
"Irvin, Jake",663623,2025,28,"33","180.0",787,717,195,116,38,15.8,7.9,".273",".505",".355",".360",".335",".233",".390",".397",".328",".329","-0.001","-0.013","-0.005",34.8,12,47.1,"79.313724864","95.158643027",63.2,11.7,26.6,37.1,62.9,131,353,45,1326,74.2,9.1,228,1722,994,2945,88.3,120,1024,55,1619,45.3,1335,18.2,46.8,43.2,36.8,20,595,64.9,43.5,259,27.9,166,23.2,138,5.4,32,"R","2944",27.1,"32","92.4","2332","-9.4","-17.4","14.7","17.6","1.6","4.1","83.6","2484","7.4","-38.8","0.2","8","2.3","7.7","85.6","2198","-15.6","-32.6","4.7","16.5","2.1","29.6","77.8","2486","14.8","-49.6","-4.2","15.8","2.3","22.1","91.9","2290","-16.5","-25.9","6.6","17.9","1.8","4.4","87.3","2471","3","-29.2","6.5","7.9","2.1",,,,,,,,,,,,,,,,,,,,,,,,,,,,,,,,,,,,,,,,,,,,,,,,,"58.5","91.8","2327","-11.2","-21.5","11","17","2.3","33.8","78.5","2486","13.9","-48.2","-3.7","14.8","3.1","7.7","85.6","2198","-15.6","-32.6","4.7","16.5"
"Singer, Brady",663903,2025,28,"32","169.2",716,631,150,89,36,22.8,8.4,".243",".409",".313",".320",".320",".166",".360",".370",".314",".324","-0.005","-0.005","-0.007",36.3,9.4,40.7,"79.955468025","94.544913495",63.2,15.2,25.6,45.5,54.5,167,367,50.2,1431,70,7.3,0,1725,1125,2850,84.8,136,897,49.8,1419,43.3,1235,24,44.4,38,37,25.1,479,60.8,39.7,190,28.4,136,25.5,122,6.5,31,"R","2850",25.1,"10.7","91.3","2443","-6.3","-18.3","14.4","15.9","1.2","28.4","82.6","2434","4.9","-41.1","-1.1","5.4","1.3",,,,,,,,,,,,,,,,,"40.6","92.2","2362","-15.9","-22.2","10.2","19","1.1","9.3","87.5","2344","1.7","-28.2","7.5","8","1.4",,,,,,,,,,,,,,,,,"11.1","81.6","2418","9","-39.2","1.8","9.7","1.3",,,,,,,,,,,,,,,,,,,,,,,,,"60.5","91.3","2373","-11.5","-22.4","10.5","16.8","2.2","39.5","82.3","2430","6","-40.5","-0.3","6.6","1.4",,,,,,,
"Valdez, Framber",664285,2025,31,"31","192.0",802,717,171,119,33,23.3,8.5,".241",".370",".295",".303",".311",".129",".342",".354",".319",".324","-0.003","-0.012","-0.008",28.1,6.7,46.3,"79.964667978","95.300987092",64,15.2,29.9,52.1,47.9,221,424,49.1,1419,74,6.9,517,1326,1048,2891,84.8,143,942,50.9,1472,44.3,1280,26.6,47.3,39.1,39.4,21.5,540,61.7,59.4,321,16.5,89,21.7,117,2.4,13,"L","2891",41.7,"0.2","95.5","2230","8.3","-15.2","14.7","16.9","1.4","3.1","84.4","2537","-3.8","-41.1","-2.7","5.5","1.6","17.9","89.8","1708","14.7","-33.4","0.8","14.9","1.9","33.1","79.4","2943","-13.2","-58.8","-14.8","19.9","1.5","45.7","94.2","2201","15.7","-25.1","6","17","1.7",,,,,,,,,,,,,,,,,,,,,,,,,,,,,,,,,,,,,,,,,,,,,,,,,,,,,,,,,"45.9","94.2","2201","15.6","-25.1","6","17","1.7","36.3","79.9","2908","-12.3","-57.3","-13.7","18.6","2.2","17.9","89.8","1708","14.7","-33.4","0.8","14.9"
"Kremer, Dean",665152,2025,29,"31","171.2",708,656,163,106,32,20.1,6.4,".238",".413",".305",".304",".289",".175",".354",".353",".315",".304",".010","-0.006",".001",32.8,8.7,35.8,"76.650646047","93.877241465",67.7,16.3,30.1,38.2,61.8,153,401,49.5,1333,75.4,7.4,567,1778,347,2753,83.7,150,921,50.5,1360,42.3,1139,22.9,49.4,38.6,36.5,24.9,518,65.7,40.2,208,28.4,147,23.7,123,7.7,40,"R","2692",43.4,"26.6","93.3","2284","-7.6","-13.5","18.1","19.7","1.2","0.1","83.9","2471","2.4","-37.7","1","2.7","1.5",,,,,,,,,"12.8","78.3","2772","6.1","-56.2","-11.5","13.3","1.6","19.3","92.8","2155","-14.8","-19.5","12.3","19.4","1.5","20.2","86.9","2401","4.8","-30.2","5.9","7.9","1.3","21.1","81.9","1131","-10.6","-31","9.8","14.7","1.3",,,,,,,,,,,,,,,,,,,,,,,,,,,,,,,,,,,,,,,,,"66","91.2","2282","-5.9","-20.4","12.7","16","3.5","12.9","78.4","2770","6.1","-56.1","-11.4","13.2","1.7","21.1","81.9","1131","-10.6","-31","9.8","14.7"
"Luzardo, Jesús",666200,2025,27,"32","183.2",758,696,167,118,33,28.5,7.5,".228",".355",".290",".285",".289",".127",".369",".362",".346",".331",".012",".001",".005",34.2,6.7,37.1,"77.489938987","93.779297426",64.8,20.5,30.4,53.3,46.7,242,454,49.5,1491,72.3,8,521,1327,1165,3013,79.5,202,986,50.5,1522,43.2,1301,30.8,47.8,40,35.1,24.9,482,67.4,42.7,206,25.3,122,25.3,122,6.6,32,"L","3013",32.5,"33.3","96.5","2239","12","-15.5","14.1","18.6","1.3","6.5","86.6","2390","0.4","-35.2","1.3","2.9","1.5","17.3","87.9","1930","16.5","-28.3","7.2","18.1","1.3",,,,,,,,,"10.8","95.8","2231","16.9","-21.6","8.4","19","1.6",,,,,,,,,,,,,,,,,,,,,,,,,"32.1","86.1","2287","-8.7","-37.3","-0.3","9.6","1.7",,,,,,,,,,,,,,,,,,,,,,,,,"44","96.3","2237","13.2","-17","12.7","18.7","1.4","38.7","86.2","2304","-7.2","-37","0","8.4","1.7","17.3","87.9","1930","16.5","-28.3","7.2","18.1"
"Soriano, José",667755,2025,26,"31","169.0",724,634,158,117,28,21,10.8,".242",".367",".309",".312",".330",".125",".340",".344",".326",".319",".007","-0.014","-0.003",26.8,7.2,48.2,"79.974239247","95.946385146",63.3,14.7,27,54.4,45.6,209,384,51.1,1423,70.2,7.7,266,1607,911,2784,85.3,127,862,48.9,1361,43.4,1209,27,44.8,36.7,42.4,20.9,488,57.9,66,322,12.1,59,20.3,99,1.6,8,"R","2784",36.4,"8.6","97.9","2225","-8.5","-15.3","13.3","15.9","1.2","6","89.2","2426","2","-34.5","-0.2","3","1.8","0.4","86.9","1221","-5.8","-37.1","-0.6","7.9","1.4","26.7","85.2","2489","12.5","-47.8","-9.9","16.1","1.3","49.1","97.2","1923","-13.3","-25.8","3.1","13.8","1.2",,,,,,,,,"9.2","92.3","1479","-10.3","-32.5","-0.5","10.6","1.4",,,,,,,,,,,,,,,,,,,,,,,,,,,,,,,,,,,,,,,,,"57.7","97.3","1968","-12.5","-24.2","4.6","14.1","1.3","32.7","86","2478","10.6","-45.4","-8.1","13.7","2.2","9.6","92.1","1469","-10.2","-32.6","-0.5","10.5"
"Gallen, Zac",668678,2025,29,"33","192.0",813,737,176,104,37,21.5,8.1,".242",".434",".315",".320",".307",".192",".367",".374",".311",".316","-0.003","-0.008","-0.005",34.3,9.7,43,"79.464557057","94.701400977",63.3,11.4,28.7,47.5,52.5,227,478,53.2,1668,69.9,6.3,501,1491,1142,3135,88.6,106,929,46.8,1467,44.6,1398,23.7,44.9,42.1,33.1,24.8,568,66.2,44.4,252,30.3,172,22,125,3.3,19,"R","3134",42.1,"45","93.5","2322","-4.3","-14.2","17.2","17.8","1.3","13","88.7","2362","4.7","-28.3","6.4","8.6","1.6","16","86.3","1518","-12.3","-32.7","4.1","13.1","1.7","23.5","81.1","2441","4.9","-53.2","-11.5","12.6","1.5","2.5","93.2","2139","-10.6","-17.8","13.8","17.5","1.4","0.1","92.4","2251","2.1","-20.3","11.8","12","1.4",,,,,,,,,,,,,,,,,,,,,,,,,,,,,,,,,,,,,,,,,,,,,,,,,"47.6","93.5","2312","-4.6","-14.4","17","17.8","1.3","36.4","83.8","2413","4.8","-44.3","-5.1","11.2","4.4","16","86.3","1518","-12.3","-32.7","4.1","13.1"
"Williams, Gavin",668909,2025,25,"31","167.2",704,615,130,83,23,24.6,11.8,".231",".405",".299",".321",".325",".174",".339",".374",".293",".320","-0.020","-0.041","-0.022",35.3,9,44.3,"80.176453348","94.830091267",65.6,18,26.1,51.7,48.3,199,385,50.4,1473,75.2,7.2,2,1696,1227,2925,82,171,952,49.6,1452,41.9,1226,27.7,45.7,38,39.6,22.5,445,57.7,46.1,205,26.7,119,22.2,99,4.9,22,"R","2925",34.5,"37.4","96.6","2308","-10.9","-14.2","15.2","18.8","1.4",,,,,,,,,"0.1","87.6","1986","-5.4","-30.7","5","14.1","1.6","22","82","2454","10","-54.4","-13.3","16.8","1.5","6.6","95.9","2060","-15.1","-20.1","9.7","18.1","1.3","14","91.8","2288","-2.3","-25.4","7.1","7.7","1.7",,,,,,,,,,,,,,,,,"19.9","86.5","2269","10","-37.8","-1.2","10.5","1.7",,,,,,,,,,,,,,,,,,,,,,,,,"58","95.3","2275","-9.3","-17.6","12.6","16.1","2.7","41.9","84.2","2367","10","-46.5","-7.6","13.8","3","0.1","87.6","1986","-5.4","-30.7","5","14.1"
"Baz, Shane",669358,2025,26,"31","166.1",711,633,158,95,36,24.8,9,".229",".386",".330",".306",".308",".156",".398",".361",".343",".315",".021",".047",".024",32.3,9.5,39.4,"77.845062957","94.260697",67.3,17.1,29.3,47.8,52.2,182,381,47.8,1299,72,9.1,311,1594,813,2718,82.9,163,955,52.2,1419,43.8,1191,25.8,49.2,39.4,37,23.6,462,62.3,47,217,22.7,105,21.6,100,8.7,40,"R","2718",36.7,"43.9","97","2456","-9.9","-12.6","16.7","19.5","1.6","3","86.7","2331","3.5","-35.6","0.6","4.1","1.5","11.4","89.3","2114","-16.7","-25.4","8.9","19","1.7","26.9","85","2699","7.6","-50.5","-12.5","14.8","1.9",,,,,,,,,"14.7","90.2","2344","2.5","-25.6","7.7","8.4","2.1",,,,,,,,,,,,,,,,,,,,,,,,,,,,,,,,,,,,,,,,,,,,,,,,,"58.6","95.3","2428","-6.8","-15.9","14.4","16.7","3.8","29.9","85.2","2662","7.1","-49","-11.2","13.7","2","11.4","89.3","2114","-16.7","-25.4","8.9","19"
"Skubal, Tarik",669373,2025,28,"31","195.1",748,706,141,95,26,32.2,4.4,".206",".344",".245",".258",".246",".138",".335",".356",".302",".312","-0.006","-0.025","-0.013",35.6,8.1,33,"73.770997639","93.244404688",70.9,24.9,35.2,51.4,48.6,232,451,45,1283,84,8.4,898,1516,435,2849,75.1,276,1110,55,1566,43.3,1235,32.5,54.8,36.2,34.8,29,469,71.5,41.6,195,27.3,128,23.5,110,7.7,36,"L","2849",49.4,"29.3","97.6","2354","3.5","-11.8","17","17.5","1.4","12.5","90","2233","-3.2","-28.8","4.8","6.1","1.8","31.4","88","1837","15","-28.9","6.5","16.6","1.8","2.8","81.2","2505","-4.9","-46.9","-5.4","7.7","1.8","23.9","97.3","2250","13.1","-15.4","13.6","19","1.4",,,,,,,,,"0.1","89.3","941","14.2","-28.6","5.9","15.4","1.5",,,,,,,,,,,,,,,,,,,,,,,,,,,,,,,,,,,,,,,,,"53.2","97.4","2308","7.8","-13.4","15.5","18.2","1.4","15.3","88.4","2282","-3.5","-32.1","2.9","6.4","4.1","31.5","88","1834","15","-28.9","6.5","16.6"
"Pallante, Andre",669467,2025,26,"31","162.2",715,640,173,116,32,15.5,8.7,".258",".402",".334",".321",".328",".144",".359",".341",".324",".312",".012",".029",".013",28.7,6.6,39.9,"77.928687634","94.458794676",68.5,13.1,25.4,44.8,55.2,162,362,52.4,1426,77.4,8.3,0,1562,1158,2720,86.8,116,887,47.6,1294,39.3,1070,22.3,45.9,42.7,35.3,22,536,62.4,59.9,321,18.1,97,19.2,103,3,16,"R","2720",57.9,"44.1","94.5","2307","-0.3","-20.6","9.9","10.3","1.3","28.5","87.4","2405","4.7","-36.4","-0.8","5.5","1.8",,,,,,,,,"14","78.2","2804","3.7","-61.2","-16.1","16.7","1.7","13.3","95","2193","-10","-16.1","14.3","17.7","1.2",,,,,,,,,,,,,,,,,,,,,,,,,"0.1","83","2554","11.4","-45","-5.1","12.7","1.5",,,,,,,,,,,,,,,,,,,,,,,,,"57.4","94.6","2280","-2.6","-19.6","10.9","12","1.3","42.6","84.4","2537","4.4","-44.6","-5.9","9.2","5.2",,,,,,,
"Abbott, Andrew",671096,2025,26,"29","166.1",684,631,148,99,29,21.8,6.3,".233",".385",".288",".294",".286",".152",".337",".347",".305",".306",".002","-0.011","-0.006",34.8,8,33.7,"77.083824","93.25435499",69,18.3,30.3,37.5,62.5,149,397,49,1312,80.2,6.8,526,1378,773,2677,81.7,172,942,51,1365,45.7,1224,24,50,32.9,36.6,30.5,489,63.5,32.9,161,32.9,161,23.5,115,10.6,52,"L","2677",47.5,"47.2","92.8","2275","9.1","-15.7","16.2","18.7","1.2",,,,,,,,,"19.6","84.8","1984","15.2","-27.8","10.2","18.4","1.3","11.5","80.6","2791","-8.7","-45.9","-3.9","9.8","1.3",,,,,,,,,"4.3","88.6","2524","-0.5","-26.2","8.4","9.1","1.6",,,,,,,,,,,,,,,,,"17.4","82.7","2791","-11.9","-37.7","2.5","12.7","1.2",,,,,,,,,,,,,,,,,,,,,,,,,"51.5","92.4","2296","8.3","-16.5","15.5","17.9","1.8","28.9","81.8","2791","-10.6","-41","0","11.6","1.7","19.6","84.8","1984","15.2","-27.8","10.2","18.4"
"Bibee, Tanner",676440,2025,26,"31","182.1",762,692,170,114,24,21.3,7.1,".226",".385",".313",".297",".292",".159",".363",".340",".319",".296",".020",".027",".016",29.5,8.1,36.6,"77.497463523","93.884607443",65.6,16.5,25.5,44.1,55.9,160,363,48,1425,73.9,8.1,450,1892,627,2970,83.5,167,1013,52,1544,42.7,1267,23.8,46.3,39,34.9,26.1,536,64.3,45.3,243,26.5,142,19.8,106,8.4,45,"R","2969",54.2,"27.9","94.4","2243","-5.6","-16.1","14.7","15.8","1.3",,,,,,,,,"15.2","81.8","1962","-12","-29.5","11.4","16.8","1.5","5.1","79.7","2667","10.3","-51.8","-8.5","13.7","1.6","15.2","94.1","2227","-14.1","-21.5","9.5","17.2","1.3","20.7","86.2","2707","7.9","-33.6","3.2","9.2","1.8",,,,,,,,,,,,,,,,,"16","83","2675","16","-41.9","-1.9","16.5","1.7",,,,,,,,,,,,,,,,,,,,,,,,,"63.7","91.7","2390","-3.2","-23.1","9.7","14","4.5","21.1","82.2","2673","14.6","-44.3","-3.5","15.8","2.3","15.2","81.8","1962","-12","-29.5","11.4","16.8"
"Crochet, Garrett",676979,2025,26,"32","205.1",814,762,165,111,28,31.3,5.7,".210",".347",".270",".266",".258",".137",".364",".358",".325",".316",".007",".006",".004",32.2,7.3,37.3,"75.538655219","93.9771349",69.1,20.6,32.6,49.9,50.1,244,489,47.6,1499,77.5,8.6,135,2511,504,3151,79.3,235,1142,52.4,1652,44.5,1402,29.4,51.8,43,33.8,23.2,509,63.8,49.3,251,23,117,20.8,106,6.9,35,"L","3150",35,"35.9","96.4","2459","8","-13.6","16","18","1.3",,,,,,,,,"4.3","87.7","1711","12","-29.3","6.4","14.1","1.8",,,,,,,,,"16","96","2403","16.2","-21.6","8.2","18.3","1.4","27.7","90.9","2598","-3.7","-26.8","6.2","7.8","1.9","0","93.1","1098","18","-20.9","11","21.1",,,,,,,,,,"16","82.8","2378","-13.8","-43.1","-3","14.3","1.5",,,,,,,,,,,,,,,,,,,,,,,,,"79.7","94.4","2496","5.6","-19.8","11","14.5","3.3","16","82.8","2378","-13.8","-43.1","-3","14.3","1.5","4.3","87.7","1707","12","-29.2","6.4","14.2"
"Bello, Brayan",678394,2025,26,"29","166.2",700,620,147,107,23,17.7,8.4,".258",".409",".297",".327",".333",".151",".314",".355",".293",".320","-0.021","-0.054","-0.030",30.8,7.1,39.3,"77.392833825","94.176171155",65.2,10.6,27.5,41.3,58.7,157,380,51.3,1384,76.6,7.1,410,1774,513,2697,89.4,91,856,48.7,1313,43.9,1184,20.1,45.8,39.9,36.9,23.2,504,63,50,252,24,121,21.2,107,4.8,24,"R","2641",32.8,"14.8","95.1","2161","-7.7","-16.7","13.6","15.8","1.1",,,,,,,,,"15","88.7","1844","-16","-30.2","4.6","16.9","1.1",,,,,,,,,"35.4","95.3","2121","-16.9","-24.5","5.7","18","1.2","16","88.2","2479","0.9","-32.4","2.6","3.1","1.1",,,,,,,,,,,,,,,,,"18.8","85.7","2475","9.9","-40.5","-3.2","10.8","1.1",,,,,,,,,,,,,,,,,,,,,,,,,"66.2","93.5","2217","-10.5","-24.7","6.7","13.9","3.6","18.8","85.7","2475","9.9","-40.5","-3.2","10.8","1.1","15","88.7","1844","-16","-30.2","4.6","16.9"
"Parker, Mitchell",680730,2025,25,"33","164.2",725,653,178,106,43,14.2,8,".297",".507",".342",".370",".355",".210",".366",".402",".318",".349","-0.024","-0.041","-0.028",37.5,9.7,50,"82.502658484","95.835160597",70.3,12.4,29.2,39.9,60.1,146,366,46.4,1255,79.1,8.7,284,1501,920,2705,87.6,126,1020,53.6,1450,45.6,1234,19.6,51.2,37.9,36.1,26.1,560,61.9,37.7,211,27.9,156,27.5,154,7,39,"L","2705",60.9,"55.5","93","2168","5.8","-13.8","18","19.1","1.3","12.1","85","2266","-4.6","-35.2","2.6","6.2","1.3",,,,,,,,,"22","81.1","2280","-0.7","-48.3","-7","7.3","1.4",,,,,,,,,,,,,,,,,"10.5","85.4","958","6.9","-28.4","9","12.2","1.4",,,,,,,,,,,,,,,,,,,,,,,,,,,,,,,,,,,,,,,,,"55.5","93","2168","5.8","-13.8","18","19.1","1.3","34","82.5","2275","-2.1","-43.7","-3.6","6.9","2.5","10.5","85.4","958","6.9","-28.4","9","12.2"
"Brown, Hunter",686613,2025,26,"31","185.1",729,661,133,93,20,28.3,7.8,".217",".339",".262",".277",".286",".122",".321",".345",".291",".315","-0.016","-0.021","-0.015",31.4,5.9,32.2,"73.816626184","93.243178596",62.1,19.4,29.4,43.6,56.4,202,463,53.1,1573,69.7,6.8,356,1824,782,2962,80.6,167,863,46.9,1389,44.7,1323,27.8,44.8,37,37.5,25.5,459,55.8,48.1,221,23.3,107,22.2,102,6.3,29,"R","2962",56.1,"37.5","96.6","2276","-6.8","-12.2","17.3","18.7","1.4","8.5","91.4","2210","3.7","-27.1","5.7","7.1","1.5","12","88.2","1501","-14.4","-27.3","7.9","16.5","1.5","17.9","83.5","2574","5.1","-55.7","-15.9","16.8","1.7","22.7","95.7","2179","-13.9","-16.9","13.2","19.3","1.4","1.4","93.4","2371","3","-20.8","10.6","11.1","1.7",,,,,,,,,,,,,,,,,,,,,,,,,,,,,,,,,,,,,,,,,,,,,,,,,"61.6","96.2","2242","-9.2","-14.1","15.6","18.7","1.6","26.4","86.1","2457","4.6","-46.5","-9","13.7","4.4","12","88.2","1501","-14.4","-27.3","7.9","16.5"
"Pepiot, Ryan",686752,2025,27,"31","167.2",679,607,134,78,27,24.6,9,".225",".401",".306",".310",".303",".175",".362",".370",".302",".312","-0.004",".003","-0.004",36.6,9.7,42.5,"79.1526625","94.907501",69.8,20.1,28.6,41.5,58.8,153,369,47.8,1291,78.9,8.4,676,1454,568,2699,79.9,198,983,52.2,1408,42.8,1155,26,50.1,40.7,33.3,25.8,445,61.1,38.7,172,29.7,132,24.3,108,7.2,32,"R","2698",41.3,"45","95.2","2413","-7.9","-11.2","19.1","20.7","1.2","17.8","89","2590","6.8","-25.4","8.8","11.5","1.5","25.1","86.8","2506","-14.4","-34.1","2.1","14.7","1.5","3.3","80.8","2947","16.2","-53.5","-11.1","19.8","1.4","2.6","94.7","2390","-12.5","-14.9","15.7","20.2","1.3","6.3","91.6","2514","2.5","-18.4","13.9","14.3","1.4",,,,,,,,,,,,,,,,,,,,,,,,,,,,,,,,,,,,,,,,,,,,,,,,,"53.9","94.7","2423","-6.9","-12.2","18.3","20","1.8","21.1","87.8","2645","8.3","-29.8","5.7","12.8","3.6","25.1","86.8","2506","-14.4","-34.1","2.1","14.7"
"Woo, Bryan",693433,2025,25,"30","186.2",731,685,137,85,25,27.1,4.9,".215",".373",".259",".274",".258",".159",".328",".351",".280",".302","-0.015","-0.020","-0.015",32.5,9.1,41.8,"77.567134979","94.556632572",71.9,20.1,30.1,44.5,55.5,162,364,44.6,1211,85.5,8.7,193,1977,544,2714,79.9,217,1081,55.4,1503,43.3,1175,26.2,53.2,32.9,38.7,28.4,493,66.5,41.4,204,26.8,132,22.9,113,8.9,44,"R","2714",24.8,"47.3","95.7","2296","-9.7","-15.1","14.9","18","1.1","11","88.4","2247","3.1","-29.9","5","6.1","1.5","7.1","89.6","1827","-16.2","-29.6","4.6","17.1","1.5",,,,,,,,,"25.5","95.4","2303","-16.6","-24.1","6","17.8","1.2",,,,,,,,,,,,,,,,,,,,,,,,,"9","84.9","2486","11.2","-34.3","3.9","12.3","1.8",,,,,,,,,,,,,,,,,,,,,,,,,"72.8","95.6","2298","-12.1","-18.2","11.8","17.9","1.2","20","86.8","2354","6.7","-31.9","4.5","8.9","2.5","7.1","89.6","1827","-16.2","-29.6","4.6","17.1"
"Pfaadt, Brandon",694297,2025,26,"33","176.2",767,710,198,118,51,19.2,4.8,".284",".494",".339",".352",".329",".210",".397",".414",".348",".356","-0.005","-0.025","-0.013",39.1,10.9,45.8,"79.642424366","95.370126614",67.8,14,30.3,40.7,59.3,178,437,49.5,1444,76.3,8.5,457,1634,827,2920,86,140,1001,50.5,1476,43.8,1279,22.1,49.2,44.6,35.1,20.4,570,64.3,42.3,241,23.9,136,28.4,162,5.4,31,"R","2918",26.9,"23.4","93.6","2569","-6","-15.6","15.5","16.8","1.2",,,,,,,,,"15.7","87.3","2114","-16.1","-31.7","4.2","16.7","1.5","9.8","82","2673","10.6","-49.1","-8.3","13.7","1.8","23.5","93.1","2425","-15.2","-24.8","6.9","16.8","1.2","9.2","89.8","2757","2.3","-27","6.7","7.4","1.3",,,,,,,,,,,,,,,,,"18.6","84.7","2843","10.5","-33","5.2","12.1","1.4",,,,,,,,,,,,,,,,,,,,,,,,,"56","92.8","2540","-8.5","-21.3","10.5","15.3","2","28.3","83.8","2784","10.5","-38.5","0.5","12.7","2.1","15.7","87.3","2114","-16.1","-31.7","4.2","16.7"
"Skenes, Paul",694973,2025,23,"32","187.2",733,684,136,86,37,29.5,5.7,".202",".321",".247",".255",".255",".119",".315",".328",".290",".296","-0.003","-0.014","-0.008",29.4,5.8,40.1,"75.47852","93.884708556",68.2,23.2,30.5,45.9,54.1,207,451,49.3,1477,72.9,7.1,731,1479,787,2997,76.8,241,1037,50.7,1520,45,1350,30.1,49.6,40.9,37.7,21.3,469,60.8,44.6,209,24.9,117,22.8,107,7.7,36,"R","2997",23.4,"38.9","98.2","2255","-14","-16.9","11.6","18.3","1","5.6","85.3","2316","3.3","-30.2","7.6","8.9","1.2","10.9","88.7","1808","-16.6","-29.6","5.4","17.6","1.4","4.8","83.9","2438","6.1","-41.3","-2.6","6.9","1.6","10.4","97.6","2268","-17.5","-22.4","6.4","18.8","1.1",,,,,,,,,"13.5","93.7","1676","-13.4","-31.2","0","13.8","1.1",,,,,,,,,"15.8","84.5","2333","11.4","-32.8","5.7","13","1.4",,,,,,,,,,,,,,,,,,,,,,,,,"49.3","98.1","2258","-14.7","-18.1","10.5","18.4","1","26.3","84.5","2349","8.7","-33.8","4.6","11","1.4","24.4","91.5","1734","-14.8","-30.5","2.4","15.5"
"Warren, Will",701542,2025,26,"33","162.1",711,631,158,100,32,24.1,9.1,".252",".426",".321",".330",".325",".175",".383",".397",".337",".345","-0.002","-0.008","-0.009",36,10.9,45.3,"80.374098233","95.303643801",61.9,17.6,24.8,40.9,59.1,147,359,51.6,1447,71.4,7.1,275,1753,774,2802,82.4,148,839,48.4,1355,41.9,1174,24.6,42.8,35.5,39.4,25.1,470,63.7,42.8,201,25.5,120,26.2,123,5.5,26,"R","2802",27.3,"41.6","93.3","2573","-7.9","-16.1","15.4","17.5","1.3",,,,,,,,,"9.8","87","1723","-14.6","-35.7","0.6","14.7","1.5","7","80.2","2867","12.6","-54","-11.1","17","1.6","21","93.2","2430","-16.2","-27.6","4.2","16.8","1.4",,,,,,,,,,,,,,,,,,,,,,,,,"20.6","82.7","3024","19.5","-40.2","0.2","19.7","1.5",,,,,,,,,,,,,,,,,,,,,,,,,"62.6","93.3","2525","-10.7","-19.9","11.7","17.3","1.3","27.6","82.1","2984","17.8","-43.7","-2.7","19","2","9.8","87","1723","-14.6","-35.7","0.6","14.7"
"Yamamoto, Yoshinobu",808967,2025,26,"30","173.2",684,619,113,79,20,29.4,8.6,".198",".304",".244",".258",".271",".106",".294",".318",".270",".293","-0.015","-0.021","-0.014",28.3,5.7,39.7,"76.238509183","94.220626442",64,18.9,29.6,50.2,49.8,209,416,50.3,1404,77.4,6.7,710,1510,569,2789,81.1,168,887,49.7,1385,45.8,1278,28.9,46.7,37.1,35.6,27.3,421,61.8,53.7,226,22.1,93,19.7,83,4.5,19,"R","2789",42.9,"35.2","95.4","2200","-6.9","-14.1","16","17.5","1.2","2.8","86.3","2781","5.9","-35.9","0.7","6.6","1.7",,,,,,,,,"17.6","76.8","2761","12","-63.1","-16.1","20.2","1.8","7.8","94.8","2240","-13.6","-18.4","12","18.2","1.2","11.2","91.1","2435","3.5","-24.9","7.8","9","1.5","25.5","90.9","1429","-11.3","-31","2","11.8","1.5",,,,,,,,,"0","84.2","2981","14.9","-47.6","-8.7","17.3",,,,,,,,,,,,,,,,,,,,,,,,,,"54.1","94.4","2254","-5.7","-16.9","13.7","15.9","2.3","20.4","78.1","2764","11.2","-59.4","-13.8","18.3","4","25.5","90.9","1429","-11.3","-31","2","11.8"
"Sale, Chris",519242,2026,37,"20","117.0",471,432,93,73,12,30.4,5.5,".221",".327",".259",".272",".282",".106",".331",".352",".320",".331","-0.006","-0.028","-0.013",34.2,5.5,32.9,"76.512532138","93.241669586",65.2,20.3,35.8,49.6,50.4,166,335,50.2,937,68.3,6.4,213,923,730,1866,79.7,123,606,49.8,929,45,840,30.7,50.4,38,39.4,22.6,292,64.5,44.5,130,24.7,72,24.7,72,6.2,18,"L","1866",10.7,"41.4","96.1","2336","14.7","-19.9","9.8","17.7","1.9","39.1","79.5","2502","-12.5","-47.8","-4.3","13.3","2.3","11.4","88.3","1845","16.3","-35.4","-0.3","16.4","2.2",,,,,,,,,"8","95.5","2190","18.1","-27.8","2.2","18.4","1.8",,,,,,,,,,,,,,,,,,,,,,,,,,,,,,,,,,,,,,,,,,,,,,,,,,,,,,,,,"49.5","96","2313","15.2","-21.2","8.5","17.8","1.9","39.1","79.5","2502","-12.5","-47.8","-4.3","13.3","2.3","11.4","88.3","1845","16.3","-35.4","-0.3","16.4"
"Eovaldi, Nathan",543135,2026,36,"21","127.1",555,512,128,81,21,24.7,5.8,".250",".421",".322",".316",".303",".170",".400",".391",".340",".341",".000",".018",".006",30.2,8.7,41.5,"77.256841852","94.425005305",69.5,19.3,36.6,49.7,50.3,192,386,52.5,1054,70.8,6.5,737,804,466,2007,80.7,128,662,47.5,953,42.9,860,30.5,52.2,46.6,37.3,16.1,378,65,49.2,186,24.9,94,20.6,78,5.3,20,"R","2007",37.2,"13.7","94.5","2180","-11.8","-17.3","13.5","18","1.3","0.8","86.4","2095","4.2","-31.4","5","6.9","1.4",,,,,,,,,"22.4","76.4","1892","8.3","-55.3","-8.3","12","1.5","7.1","93.5","2128","-16.1","-21.4","10","19","1.1","19.3","90.3","2242","1.9","-23.3","10.2","10.6","1.4","36.7","88.5","1548","-12.9","-34.1","0.9","13.1","1.4",,,,,,,,,,,,,,,,,,,,,,,,,,,,,,,,,,,,,,,,,"40.1","92.3","2200","-6","-20.9","11.3","14.6","2.5","23.2","76.7","1899","8.1","-54.5","-7.8","11.8","2.5","36.7","88.5","1548","-12.9","-34.1","0.9","13.1"
"Gray, Sonny",543243,2026,36,"21","119.2",484,445,106,67,26,21.9,6.6,".249",".373",".297",".298",".304",".124",".346",".348",".310",".325","-0.011",".009","-0.001",34.2,6.5,38,"79.004389524","93.862628839",63.7,9.3,33.3,46.8,53.2,144,308,53.2,925,75.2,7.2,92,1003,643,1738,90.7,48,518,46.8,813,40.9,711,23.2,47.5,48.5,32.7,18.7,342,63.6,48.2,165,22.5,77,25.4,87,3.8,13,"R","1738",47.2,"17.9","91.7","2468","0.7","-20.9","11.2","11.5","1",,,,,,,,,"5.3","86.1","1717","-13.4","-32.7","4","14.2","1.3","16.7","79.7","2590","12.8","-57.9","-14.3","19.3","1.3","20.5","92.1","2343","-11.4","-25.1","7.1","13.6","1.3","19.3","88.3","2622","4.2","-31.4","3.4","6","1.2",,,,,,,,,,,,,,,,,"20.3","84.9","2674","13.4","-42.5","-4.6","14.4","1.1",,,,,,,,,,,,,,,,,,,,,,,,,"57.7","90.7","2475","-2.4","-25.9","7.1","10.4","2.2","37","82.5","2636","13.1","-49.4","-9","16.6","3.1","5.3","86.1","1717","-13.4","-32.7","4","14.2"
"Gausman, Kevin",592332,2026,35,"23","127.1",566,519,132,91,22,23.1,6.5,".245",".395",".308",".303",".297",".150",".374",".367",".338",".328",".009",".006",".005",33.5,7.3,38.8,"76.093785825","94.390922629",69.8,17.4,34.5,43.2,56.8,182,421,54.7,1222,84.9,6.2,864,1149,223,2236,82.6,123,708,45.3,1014,41.5,927,27,50.5,36.3,37.8,25.9,397,63.1,40.3,160,25.2,100,25.2,100,9.3,37,"R","2236",37.3,"51.4","94","2280","-10.9","-14.2","16.9","20.2","1.7","10","84.2","2266","0.9","-34.9","3.6","4.2","1.8",,,,,,,,,,,,,,,,,,,,,,,,,,,,,,,,,"38.6","84.1","1574","-13.6","-34.2","4.5","14.9","1.6",,,,,,,,,,,,,,,,,,,,,,,,,,,,,,,,,,,,,,,,,"51.4","94","2280","-10.9","-14.2","16.9","20.2","1.7","10","84.2","2266","0.9","-34.9","3.6","4.2","1.8","38.6","84.1","1574","-13.6","-34.2","4.5","14.9"
"Ray, Robbie",592662,2026,34,"22","122.2",537,466,108,71,20,20.3,11.5,".242",".413",".311",".329",".332",".171",".338",".363",".298",".315","-0.010","-0.031","-0.018",31.8,8.3,37.8,"78.457519438","94.015978624",71.8,15.9,28.9,41,59,145,354,56.9,1224,78.5,6.3,384,1009,760,2153,84.1,106,667,43.1,929,38.5,828,24.6,47.4,34.5,32.1,33.4,365,59.8,36.7,134,34.2,125,22.2,81,6.8,25,"L","2153",44.3,"34","93.2","2333","9.2","-14.2","17.4","19.8","1.3","24.2","85.9","2217","-1.4","-30.6","6.3","6.8","2.2","17.8","86","1620","10.8","-26.1","10.7","15.4","1.6","11.1","79.6","2182","-4","-50","-6.9","8.5","2.2","12.9","92.5","2217","14.4","-20.2","11.7","18.6","1.3",,,,,,,,,,,,,,,,,,,,,,,,,,,,,,,,,,,,,,,,,,,,,,,,,,,,,,,,,"46.9","93","2301","10.6","-15.9","15.8","19.4","1.4","35.3","83.9","2206","-2.2","-36.7","2.2","7.3","3.9","17.8","86","1620","10.8","-26.1","10.7","15.4"
"Rodriguez, Eduardo",593958,2026,33,"23","136.1",562,514,124,81,27,16.4,8,".268",".452",".302",".338",".327",".184",".326",".374",".294",".326","-0.027","-0.071","-0.036",34.8,8.7,36.2,"77.197231579","93.661690598",67.6,12.4,30,35.3,64.7,123,348,53.7,1159,69.2,5.6,580,1302,277,2160,87.6,84,677,46.3,1001,44.4,960,20.2,47.5,36,37.4,26.6,425,61,41.9,178,28.2,120,24,102,5.9,25,"L","2159",43.3,"38.7","92","2291","6.5","-16.5","15.8","17.2","1.3",,,,,,,,,"26.9","85.8","1870","15.7","-31.2","6","16.9","1.5","12.8","79.6","2306","-4.9","-49","-5.9","7.9","2","8.8","91.5","2235","12.1","-19.7","13","17.8","1.3","12.7","88.6","2282","-2","-26.4","8.3","8.7","1.4",,,,,,,,,,,,,,,,,,,,,,,,,,,,,,,,,,,,,,,,,,,,,,,,,"60.3","91.2","2281","5.5","-19","13.8","15.5","2","12.8","79.6","2306","-4.9","-49","-5.9","7.9","2","26.9","85.8","1870","15.7","-31.2","6","16.9"
"Nola, Aaron",605400,2026,33,"23","120.0",522,474,132,78,23,23.2,7.9,".247",".431",".364",".320",".308",".184",".449",".387",".370",".331",".031",".086",".044",34.8,10,41.5,"76.98402427","94.493750394",63.1,15.5,32.2,45.2,54.8,168,372,55.7,1155,72.3,6.3,326,1041,705,2072,84.5,90,579,44.3,917,43.1,894,27.1,45.9,42.3,35.4,22.3,359,64.6,40.1,144,28.7,103,24,86,7.2,26,"R","2072",19.6,"23.9","92.3","2346","-13","-17.5","14.6","19.7","1.3","1","83.2","2312","3.5","-39.8","-0.5","4","1.3","15.7","85.5","1553","-14.5","-34.4","2.8","14.9","1.2","33","78.2","2620","14.7","-55.4","-10.4","18.1","1.1","18.9","91.6","2258","-17.5","-24.4","8.2","19.4","1.5","7.4","86.2","2286","0.5","-28.8","7.7","8","1.3",,,,,,,,,,,,,,,,,,,,,,,,,,,,,,,,,,,,,,,,,,,,,,,,,"50.2","91.1","2304","-12.7","-21.8","11.2","17.9","2.7","34","78.4","2611","14.4","-54.9","-10.1","17.7","1.4","15.7","85.5","1553","-14.5","-34.4","2.8","14.9"
"Rea, Colin",607067,2026,35,"23","117.2",509,456,119,81,19,17.7,8.1,".272",".475",".332",".353",".340",".202",".365",".394",".323",".338","-0.011","-0.050","-0.021",36.7,10.5,41,"79.872565707","94.352926567",64.9,10.8,30.6,37.5,62.5,116,309,52.2,1011,79.1,7.2,358,1083,496,1937,89.2,65,601,47.8,926,43.9,851,19.9,47,34,37.7,28.3,371,65,43.4,161,28.3,105,23.5,87,4.9,18,"R","1937",29.6,"42.4","93.7","2173","-8.6","-17.7","13.3","16","1","11","86.1","2128","3.4","-37.4","-0.5","3.9","1.2","18.5","87.7","1398","-12.2","-37.1","-1.6","12.6","1.1","5.4","79.9","2186","10.2","-50.4","-7.7","12.9","1.3","8.3","92.4","2122","-13.6","-23.1","9","16.6","1.2","5.2","87","2179","4.2","-29.8","6.2","7.8","1.3",,,,,,,,,,,,,,,,,"9.1","82.9","2430","15.4","-37.6","2.2","15.8","1.2",,,,,,,,,,,,,,,,,,,,,,,,,"55.9","92.9","2166","-8.2","-19.6","12","15.3","2.4","25.6","83.7","2248","9.1","-40.2","-1.1","10","2.9","18.5","87.7","1398","-12.2","-37.1","-1.6","12.6"
"Martinez, Nick",607259,2026,35,"22","129.0",519,491,122,81,24,14.1,3.9,".280",".444",".295",".329",".312",".165",".323",".366",".290",".329","-0.032","-0.047","-0.034",35.2,7.3,32.9,"75.548859762","93.269601217",67.6,10.3,32.3,34.1,65.9,94,276,47.5,855,83.7,7.5,496,1139,163,1800,89.7,66,639,52.5,945,46.5,837,17.5,50.8,45.6,31.9,22.5,423,63.6,36.4,154,29.3,124,25.3,107,9,38,"R","1798",55.1,"11.7","92.8","2262","-5.7","-15","16.8","17.9","1.2","3.5","85.6","2416","1.6","-33.8","3.5","4","1.4","27.6","78.3","1855","-12.2","-41.3","3.3","12.9","1.2","5.6","80","2511","0.9","-57.7","-14.6","14.9","1.2","30.8","92.5","2290","-15.3","-19.6","12.6","19.9","1","20.9","89.2","2329","1.3","-23.1","11.1","11.4","1",,,,,,,,,,,,,,,,,,,,,,,,,,,,,,,,,,,,,,,,,,,,,,,,,"63.3","91.4","2298","-8","-19.9","12.9","16.7","2.1","9.1","82.2","2475","1.2","-48.4","-7.6","10.7","3","27.6","78.3","1855","-12.2","-41.3","3.3","12.9"
"Lugo, Seth",607625,2026,36,"23","128.2",548,489,134,83,31,18.1,8.2,".277",".468",".344",".352",".344",".191",".384",".395",".339",".345","-0.003","-0.018","-0.008",36.2,8.8,43.5,"79.552184872","94.706436992",65.4,13.9,24.6,32.9,67.1,80,243,47.8,988,73.1,8.5,185,1070,811,2066,86.1,98,705,52.2,1078,42.4,877,18.8,45.9,36.7,39.9,23.4,398,65.5,41.2,164,30.9,123,23.1,92,4.8,19,"R","2066",29.1,"15.5","91.6","2277","-8.6","-17.1","15.5","17.8","1.8","8.9","84.2","2659","5.1","-37.1","1.2","5.8","2","9","84.7","1718","-15.3","-34.7","3.3","15.9","1.7","18.4","75.9","3098","15.8","-59.9","-11.6","20.1","3.7","20","91.4","2347","-16.2","-24.7","8","18.2","1.6","16.3","89.8","2351","-0.5","-21.8","11.9","12.1","1.9",,,,,,,,,,,,,,,,,"10.3","79.1","2889","16.8","-43.9","0.1","17.1","2.3","1.7","77.3","2907","16.5","-52.2","-5.9","17.6","1.9",,,,,,,,,,,,,,,,,"51.8","91","2327","-9","-21.5","11.5","16.2","2","39.3","78.7","2935","13.7","-50.2","-5.4","16","4.8","9","84.7","1718","-15.3","-34.7","3.3","15.9"
"Wacha, Michael",608379,2026,34,"23","144.0",585,535,125,74,30,19.1,7,".251",".414",".303",".315",".309",".164",".341",".357",".294",".316","-0.017","-0.014","-0.012",33.3,6.6,37,"77.77955512","93.683624652",66.9,14.7,29.6,35.8,64.2,115,321,50.1,1083,74.4,8.1,527,1229,407,2163,85.3,106,722,49.9,1080,42.9,927,21.2,48.2,37.9,39.8,22.2,427,63.9,39.1,167,29,124,23.9,102,8,34,"R","2163",53.2,"27","93","2153","-5.5","-13.5","18.1","19","1.3","8.5","84.9","2022","3.1","-34","3.8","5.8","1.5","24.4","80.6","1534","-13","-34.9","7.4","15.9","1.2","10.3","76","2293","12","-59.6","-11.9","17","1.3","15","93.2","2062","-11.9","-15.9","15.7","19.8","1.4","14.8","89.3","2149","1.6","-23.9","10.2","10.6","1.4",,,,,,,,,,,,,,,,,,,,,,,,,,,,,,,,,,,,,,,,,,,,,,,,,"56.8","92.1","2128","-5.3","-16.8","15.4","17","2.3","18.8","80","2171","8","-48","-4.8","11.9","4.9","24.4","80.6","1534","-13","-34.9","7.4","15.9"
"Peralta, Freddy",642547,2026,30,"23","117.1",531,473,129,77,31,21.8,9.2,".239",".372",".354",".307",".317",".133",".417",".347",".359",".317",".034",".095",".047",33.8,5.5,39.1,"76.532274469","93.669744454",69.6,18,29.9,41.3,58.7,152,368,56.9,1231,82,6.9,458,1151,555,2164,82,117,649,43.1,933,37.9,820,26.5,47,38.8,34.9,26.3,361,58,41.8,151,26,94,23.8,86,8.3,30,"R","2164",33,"53.2","94.2","2423","-7","-14.4","16.5","18.1","1.7","5.5","83.1","2347","2.8","-36.1","3.5","5.5","1.6","21.2","87.3","1947","-17.4","-33.2","2.9","17.8","1.2","14.6","78.9","2296","5","-47.9","-3.9","6.7","2.3",,,,,,,,,,,,,,,,,,,,,,,,,,,,,,,,,"5.6","81.8","2500","11.2","-35.8","5.2","12.6","1.7",,,,,,,,,,,,,,,,,,,,,,,,,"53.2","94.2","2423","-7","-14.4","16.5","18.1","1.7","25.6","80.4","2351","5.9","-42.7","-0.3","7.7","2.9","21.2","87.3","1947","-17.4","-33.2","2.9","17.8"
"Alcantara, Sandy",645261,2026,30,"24","156.2",649,597,147,104,24,18.5,6.3,".253",".373",".300",".300",".307",".120",".335",".336",".306",".315","-0.007",".006",".000",31.8,5.6,35.8,"77.466330805","93.60709839",69.8,15.3,31.8,37.1,62.9,136,367,48.9,1153,78.7,7.4,491,1413,455,2359,84.7,129,842,51.1,1206,44.2,1043,21.9,51.3,37,37.2,25.8,481,64.4,44.5,214,23.7,114,23.5,113,8.3,40,"R","2359",33.4,"19.6","97.5","2253","-12.8","-15.5","13.5","18.7","1.3","6.6","85.1","2365","5","-35.3","2.8","6.5","1.5","20.8","90.9","2091","-17","-30.6","2.6","17.3","1.2","3.5","83.3","2420","4","-42.5","-3.1","5.3","1.8","25.8","97.3","2294","-17.1","-20.7","8.3","19.2","1.3","14.5","90","2210","1.1","-27.9","5.8","6.2","1.4",,,,,,,,,,,,,,,,,"9.2","84.3","2373","12.2","-37.9","0.9","12.6","1.5",,,,,,,,,,,,,,,,,,,,,,,,,"59.9","95.6","2260","-11.3","-20.7","9.4","15.9","3.8","19.3","84.4","2379","8.3","-37.8","0.8","9.2","1.8","20.8","90.9","2091","-17","-30.6","2.6","17.3"
"King, Michael",650633,2026,31,"23","130.1",538,471,102,73,14,21.2,10,".244",".409",".293",".328",".333",".165",".315",".367",".285",".322","-0.027","-0.069","-0.035",34.4,8.6,33.3,"76.33047892","93.295925597",64.1,18.2,29.8,39.3,60.7,133,338,53.1,1133,74,6,609,999,526,2134,81.8,117,642,46.9,1001,43.4,926,25.5,45.9,37.5,39.7,22.8,360,62.3,44.2,159,26.1,94,21.1,76,8.6,31,"R","2134",24.7,"19.1","94","2336","-7.8","-16.1","15","17.1","1.1","4.6","84.9","2490","3.8","-36.9","1.2","4.9","1.6","28.5","86.3","1867","-16.9","-32.4","4.4","17.6","1.1",,,,,,,,,"27.7","92.9","2240","-17","-27","4.8","17.9","1.3",,,,,,,,,,,,,,,,,,,,,,,,,"20","82","2812","13.1","-38","2.9","13.7","1.6",,,,,,,,,,,,,,,,,,,,,,,,,"46.8","93.4","2279","-13.2","-22.6","9","17.6","1.4","24.6","82.5","2751","11.3","-37.8","2.6","12","2","28.5","86.3","1867","-16.9","-32.4","4.4","17.6"
"Sánchez, Cristopher",650911,2026,29,"24","149.2",626,584,147,108,26,27.8,5.6,".236",".362",".294",".285",".285",".126",".378",".365",".358",".335",".016",".001",".009",32,7.8,42.7,"78.261394195","94.516282561",65.7,20,37.1,52.4,47.6,240,458,53.6,1233,73.8,6.3,869,988,443,2300,80,140,701,46.4,1067,41.9,963,32.8,50.4,41.7,37.6,20.6,412,64.9,58,239,17,70,21.8,90,3.2,13,"L","2300",31.1,,,,,,,,,"19.3","86.3","2071","-1.4","-40.6","-3.7","4.3","1.5","37.8","87.1","2033","16.7","-36.9","-0.7","16.9","1.4",,,,,,,,,"43","95.2","2129","18.1","-26","4.3","18.7","1.1",,,,,,,,,,,,,,,,,,,,,,,,,,,,,,,,,,,,,,,,,,,,,,,,,,,,,,,,,"43","95.2","2129","18.1","-26","4.3","18.7","1.1","19.3","86.3","2071","-1.4","-40.6","-3.7","4.3","1.5","37.8","87.1","2033","16.7","-36.9","-0.7","16.9"
"Cease, Dylan",656302,2026,30,"21","126.1",505,448,80,59,14,36.4,10.3,".188",".280",".244",".256",".277",".093",".319",".342",".302",".320","-0.009","-0.023","-0.012",32.3,4.5,33.1,"73.649528182","93.303683346",64.5,25,33.1,49,51,200,408,57.6,1233,69.3,6.4,245,967,927,2139,75,146,584,42.4,906,39.7,850,34.9,46.4,42.5,35.3,22.2,266,63.6,44.4,118,21.8,58,23.7,63,10.2,27,"R","2139",53,"36.6","97.4","2470","-3.3","-10.5","18.4","18.8","1.5","29.6","89.1","2709","1.4","-31","3.4","4.2","1.4","11.5","82.5","1761","-8.6","-24.6","15.7","18","3.4","9.4","82.4","2695","2.6","-54.1","-13.7","14","1.8","8.6","96.1","2393","-11.3","-15.8","13.8","18","1.5",,,,,,,,,,,,,,,,,,,,,,,,,"4.3","83.7","2841","11.5","-48.3","-8.9","14.8","1.7",,,,,,,,,,,,,,,,,,,,,,,,,"45.2","97.1","2456","-4.8","-11.5","17.6","18.7","1.6","43.3","87.1","2719","2.6","-37.7","-1.5","7.4","3.6","11.5","82.5","1761","-8.6","-24.6","15.7","18"
"Griffin, Foster",656492,2026,30,"23","133.1",545,501,116,75,19,22.4,5.9,".250",".411",".301",".312",".305",".161",".355",".370",".304",".329","-0.018","-0.012","-0.011",35.8,9.2,37.6,"75.735082063","94.112584589",66,16.2,32.8,39.1,60.9,143,366,52.1,1116,76.6,6.4,351,1266,525,2142,83.8,110,677,47.9,1026,41.9,897,24.3,48.7,42.3,36.8,20.9,383,61.8,45.4,174,25.8,99,22.7,87,6,23,"L","2142",44.9,"16.4","91.5","2094","4.5","-16.5","16.1","16.9","1.3",,,,,,,,,"10.4","82.2","1873","14.3","-32.7","7.8","16.4","1.2","10","77.8","2355","-8.7","-59.3","-13.9","16.4","1.4","10.4","91.3","2041","14.5","-22.5","10.3","17.9","1.1","32.4","88.3","2259","-4.8","-27.4","7.4","9.1","1.4","6","81.3","1315","0.4","-41.1","0.8","3.5","1",,,,,,,,,"14.5","79.9","2532","-17","-44.2","-1.2","17.2","1.3",,,,,,,,,,,,,,,,,,,,,,,,,"59.1","89.7","2175","1.2","-23.5","10.3","12.8","2.2","24.5","79","2459","-13.6","-50.4","-6.4","16.9","1.7","16.4","81.9","1670","9.2","-35.8","5.2","11.7"
"Rasmussen, Drew",656876,2026,30,"21","117.1",485,456,91,65,13,26.8,4.5,".226",".348",".247",".272",".271",".122",".307",".343",".278",".316","-0.026","-0.037","-0.025",31.2,6.7,33,"76.815617284","93.552956749",67.3,14.6,33.6,47.1,52.9,153,325,50.7,968,79.9,8.3,232,1550,129,1911,85.4,93,635,49.3,943,42.8,817,25.6,50.2,45,33,22,327,66.6,45.3,148,22.9,75,24.2,79,7.6,25,"R","1911",52.6,"28.8","96","2515","-4.3","-12.2","17.6","18.3","1",,,,,,,,,"12.1","90","1206","-12.2","-31.4","2.6","13.1","1","4","80.3","2614","4.7","-55.4","-12.6","13.7","1.7","22.6","95.4","2416","-16.2","-17.7","12.5","20.6","1","29.7","90.1","2645","4.5","-29.8","3.9","6.7","1.7",,,,,,,,,,,,,,,,,"2.7","84.6","2500","12.5","-38.9","-0.5","12.8","1.3",,,,,,,,,,,,,,,,,,,,,,,,,"81.1","93.7","2535","-4.4","-20.2","11.2","14.7","3.4","6.8","82","2568","7.9","-48.7","-7.7","13.3","2.5","12.1","90","1206","-12.2","-31.4","2.6","13.1"
"Webb, Logan",657277,2026,29,"20","125.0",510,470,108,80,13,19.8,6.1,".254",".375",".279",".303",".309",".121",".312",".345",".292",".325","-0.024","-0.035","-0.024",30.7,5.4,39.1,"76.955618859","93.980736458",65.2,13.6,33.6,33.6,66.4,115,342,54.1,1019,71.3,5.4,473,1056,356,1885,86.4,77,565,45.9,866,44.5,839,21.2,48.1,40.2,35.3,24.5,371,62.7,52.3,194,19.9,74,23.2,86,4.6,17,"R","1885",20.9,"12.7","92.3","2085","-7.7","-22","9.9","12.7","1.1",,,,,,,,,"25.1","86","1481","-10","-42.1","-5.3","11.6","1.2",,,,,,,,,"30.1","92.1","1943","-15.5","-32","0.3","15.7","1.1","13.3","89.8","2314","-0.9","-26.8","6.9","7.1","1.3",,,,,,,,,,,,,,,,,"18.9","84.1","2603","14.4","-37.6","1","14.7","1.2",,,,,,,,,,,,,,,,,,,,,,,,,"56","91.6","2063","-10.3","-28.5","4","13","1.6","18.9","84.1","2603","14.4","-37.6","1","14.7","1.2","25.1","86","1481","-10","-42.1","-5.3","11.6"
"Ryan, Joe",657746,2026,30,"23","125.2",523,486,116,70,28,26.4,5.2,".224",".390",".299",".290",".272",".166",".379",".365",".329",".312",".015",".015",".009",34.8,10.5,42.2,"79.0089436","94.448329229",67.1,18.4,32.3,40.9,59.1,134,328,48.6,1015,79.1,7.8,262,1154,673,2089,81.6,133,721,51.4,1074,43.3,904,25.5,50.2,45.9,30,24.1,353,67.9,36.5,129,29.2,103,23.8,84,10.5,37,"R","2089",23.6,"45.6","93.4","2285","-13.3","-18.1","13.4","19","1.5","6.2","86.1","2321","1.3","-32.6","4.2","5","1.6",,,,,,,,,"11.6","79","2764","13.1","-53.3","-9.2","16.1","1.7","9.6","93.1","2176","-17.3","-22.9","8.7","19.5","1.5",,,,,,,,,"12.5","87.9","2136","-16.7","-32.4","3.1","17.2","1.7",,,,,,,,,"14.5","80.5","2765","14.4","-41.3","1.2","14.7","1.7",,,,,,,,,,,,,,,,,,,,,,,,,"55.2","93.4","2267","-14","-18.9","12.6","19.1","1.5","32.2","81","2680","11.4","-44","-2","13.3","3.3","12.5","87.9","2136","-16.7","-32.4","3.1","17.2"
"Martin, Davis",663436,2026,29,"22","122.0",513,466,123,84,29,20.9,7.2,".271",".417",".318",".330",".333",".146",".365",".383",".341",".351","-0.007","-0.026","-0.012",35.4,6.7,44.1,"79.054161648","94.84761304",66.8,13.8,32.5,41.6,58.4,138,332,52.5,1021,73.5,7.6,268,1133,544,1977,86.2,85,618,47.5,925,40.2,782,23.8,48.8,39.8,38.7,21.5,362,57.1,42.8,155,21.8,79,29,105,6.4,23,"R","1945",35.9,"26.8","93.9","2411","-5.4","-16.9","14.1","15.2","1.5","13.7","87.1","2604","4.8","-34.7","1.2","5.6","1.3","13.8","90.1","2118","-13.5","-32.5","1.1","13.8","1.4","14.2","81.7","2879","13.9","-48.9","-7.8","16.2","1.4","18.5","92.8","2398","-14.2","-23.8","8","16.5","1.1","13","89.7","2575","1.8","-26.6","7.3","7.9","1.2",,,,,,,,,,,,,,,,,,,,,,,,,,,,,,,,,,,,,,,,,,,,,,,,,"58.3","92.6","2444","-6.6","-21.3","10.6","14","2.3","28","84.3","2743","9.5","-41.9","-3.4","11","3.3","13.8","90.1","2118","-13.5","-32.5","1.1","13.8"
"Valdez, Framber",664285,2026,32,"23","127.1",558,498,129,96,19,18.5,8.1,".255",".389",".318",".319",".330",".134",".344",".347",".324",".320",".004","-0.011","-0.001",28.9,6.1,43,"79.021046888","94.662376138",63.8,10,31.6,40.1,59.9,135,337,52.7,1068,71.2,7.6,379,961,685,2025,90,61,611,47.3,957,43.1,873,20.7,46.8,44.2,30.9,24.9,398,60.8,54.5,217,20.4,81,21.4,85,3.8,15,"L","2025",42.4,"2.6","94.8","2193","5.9","-17","13.2","14.6","1.2","4.7","85.9","2425","-2.7","-36.9","0","3.7","1.8","18.7","89","1649","13.7","-32.1","2.3","14.3","1.6","29.1","78.4","2860","-12.8","-59.2","-14.4","19.4","1.4","44.8","93.9","2169","15","-25.3","5.8","16.3","1.4",,,,,,,,,,,,,,,,,,,,,,,,,,,,,,,,,,,,,,,,,,,,,,,,,,,,,,,,,"47.5","93.9","2171","14.5","-24.8","6.2","16.2","1.4","33.8","79.5","2799","-11.4","-56.1","-12.4","17.2","3.2","18.7","89","1649","13.7","-32.1","2.3","14.3"
"Luzardo, Jesús",666200,2026,28,"23","136.2",566,509,116,81,22,29,7.6,".209",".308",".288",".268",".283",".099",".362",".330",".333",".309",".019",".038",".020",32.3,6,31.7,"76.110664012","92.931256268",61,16.8,33.4,54.8,45.2,217,396,53.1,1184,69.2,5.8,421,966,842,2229,83.2,107,637,46.9,1045,41.9,934,31.4,46.3,40.6,38.6,20.9,350,61.3,52,182,21.4,75,21.7,76,4.9,17,"L","2229",30,"24.6","97","2236","11.8","-15.4","13.9","18.3","1.4",,,,,,,,,"18.9","86.1","1671","15.4","-35.1","2","15.8","1.5",,,,,,,,,"18.8","95.9","2229","17.9","-23.8","6.1","19","1.7",,,,,,,,,,,,,,,,,,,,,,,,,"37.8","86.2","2428","-8.4","-38","-0.9","9.4","2",,,,,,,,,,,,,,,,,,,,,,,,,"43.3","96.5","2233","14.4","-19","10.5","18.6","1.6","37.8","86.2","2428","-8.4","-38","-0.9","9.4","2","18.9","86.1","1671","15.4","-35.1","2","15.8"
"Soriano, José",667755,2026,27,"22","123.0",531,463,101,77,12,24.5,11.3,".243",".383",".289",".321",".336",".141",".324",".376",".302",".339","-0.025","-0.061","-0.032",31.5,7.8,38.3,"77.919274217","94.122598193",64.6,17.9,32.4,52.8,47.2,206,390,56.3,1202,69.2,6.1,406,1067,663,2136,82.1,108,603,43.7,934,44,940,31.6,46.5,39.2,42.1,18.7,337,58.6,52.5,177,21.7,73,22,74,3.9,13,"R","2136",34.2,"23.1","97.2","2184","-9.7","-15.7","13.4","16.7","1.4","4.7","90.2","2339","1","-30.5","3.2","3.7","1.6",,,,,,,,,"26.4","85.4","2360","12.1","-44.3","-6.6","13.9","1.4","26.8","96.3","1926","-15","-26","3.5","15.6","1.3",,,,,,,,,"19","92.3","1617","-13.7","-31.3","0.8","14","1.4",,,,,,,,,,,,,,,,,,,,,,,,,,,,,,,,,,,,,,,,,"50","96.7","2046","-12.5","-21.2","8.1","16.1","1.4","31","86.1","2356","10.5","-42.2","-5.1","12.4","2.4","19","92.3","1617","-13.7","-31.3","0.8","14"
"Williams, Gavin",668909,2026,26,"23","139.0",551,507,106,63,21,32.3,7.1,".230",".408",".285",".304",".289",".178",".386",".417",".322",".354","-0.021","-0.029","-0.019",34.4,11.5,48.9,"79.75521939","95.221570884",66.1,19.9,33.8,53,47,195,368,50.9,1088,72.2,8.8,0,1074,1063,2168,80.1,138,693,49.1,1049,40.5,866,31.4,49.7,41.4,32.6,26,331,63.7,45.6,151,25.4,84,23.3,77,5.7,19,"R","2137",32.2,"25.1","97.3","2298","-11","-14.6","14.4","18.2","1.6",,,,,,,,,,,,,,,,,"21.3","82.8","2447","10.4","-54.1","-13.7","17.4","1.5","17.7","96.8","2048","-15.7","-20.1","9.2","18.2","1.6","7.4","92.3","2228","-1.7","-25.7","6.5","7","1.5",,,,,,,,,,,,,,,,,"28.4","87.5","2284","10.6","-36.2","-0.4","11","1.6",,,,,,,,,,,,,,,,,,,,,,,,,"50.3","96.4","2199","-11.3","-18.2","11.4","16.6","2.5","49.7","85.5","2354","10.6","-43.8","-6.1","13.7","3.1",,,,,,,
"Gore, MacKenzie",669022,2026,27,"24","128.2",547,489,113,68,26,25.6,8.6,".234",".379",".308",".303",".307",".145",".371",".364",".321",".325","-0.003",".016",".005",33.9,9,42.4,"77.332517657","94.735343286",69.6,16.8,31.4,43.3,56.7,154,356,52.3,1133,81.1,7.8,247,1286,634,2167,83.2,121,720,47.7,1034,41.7,904,25.6,49.7,40.7,36.4,22.9,354,59.4,38.7,137,26,92,27.7,98,7.6,27,"L","2167",47.8,"45.8","95.4","2245","6.6","-13.9","16.3","17.7","1.1","9.8","85.7","2086","-4.4","-34.8","2.6","6.8","1.5","11.4","86.5","1964","13.4","-26.5","10.2","16.9","1.3","19.4","81.8","2269","-3.3","-52.4","-11.4","12.1","1.6","5.5","95.3","2125","13.6","-16.4","13.8","19.4","1.2","8","89.9","1929","-1.5","-26.1","7.6","7.9","1.3",,,,,,,,,,,,,,,,,,,,,,,,,,,,,,,,,,,,,,,,,,,,,,,,,"59.3","94.6","2191","6.2","-15.8","14.9","16.6","2.4","29.3","83.1","2207","-3.7","-46.5","-6.7","10.3","2.6","11.4","86.5","1964","13.4","-26.5","10.2","16.9"
"Gilbert, Logan",669302,2026,29,"22","132.2",549,506,107,55,33,26.4,5.8,".234",".401",".284",".299",".286",".166",".355",".378",".294",".327","-0.023","-0.012","-0.015",36,10.4,42.2,"79.792439061","94.592023795",69.4,20.7,32.9,49,51,176,359,50.5,1092,78.1,7.4,449,1006,707,2162,79.3,154,743,49.5,1070,41.8,904,29.9,51,42.5,36.5,21,367,69,39.2,144,29.7,109,22.9,84,8.2,30,"R","2162",43.3,"39.5","96.1","2206","-6.3","-12.5","17.1","18.4","1.4","24.8","86.6","2106","1.1","-38.4","-2","3.2","1.6","7.2","85.5","1497","-15.2","-35.3","2.2","15.7","1.6","0.1","76.5","2342","19.8","-49.6","-2.5","20","1.4","0.5","93","2023","-14.1","-26.3","5.4","15.3","1.5","6.6","91.1","2335","3.8","-21.7","11.1","12","1.6","13.6","81.8","707","-4","-43.5","-2.4","6.9","2",,,,,,,,,"7.7","81","2368","15.2","-45.6","-3.5","15.8","1.8",,,,,,,,,,,,,,,,,,,,,,,,,"46.5","95.4","2222","-5","-14","16.2","17.5","2.5","32.7","85.3","2170","4.5","-40.1","-2.4","6.2","3.2","20.8","83.1","979","-7.9","-40.6","-0.8","9.9"
"Baz, Shane",669358,2026,27,"22","128.1",579,517,134,83,39,20.7,7.9,".254",".399",".313",".314",".317",".145",".359",".362",".328",".329",".005",".001","-0.001",36.1,6.6,42.2,"80.332085517","94.555827389",67.6,11.9,30.2,45.2,54.8,150,332,49.9,1101,71.3,7.2,187,1299,720,2207,88.1,89,748,50.1,1106,40.8,900,22.1,48.9,35.9,37.6,26.6,410,62,39.8,163,25.9,106,28.5,117,5.9,24,"R","2206",37.4,"34.1","96","2401","-9.1","-13.2","16.6","19","1.6",,,,,,,,,"8.5","88.1","1887","-13.7","-26.1","9.3","16.7","1.7","32.6","85.4","2636","5.3","-48","-10.5","12","1.6","8.3","95.3","2271","-14.5","-17.8","12.4","19.2","1.4","16.5","89.6","2320","3.3","-27.1","6.7","7.7","1.6",,,,,,,,,,,,,,,,,,,,,,,,,,,,,,,,,,,,,,,,,,,,,,,,,"58.9","94.1","2360","-6.4","-17.8","13.2","15.9","3.5","32.6","85.4","2636","5.3","-48","-10.5","12","1.6","8.5","88.1","1887","-13.7","-26.1","9.3","16.7"
"Pallante, Andre",669467,2026,27,"22","124.0",517,473,114,80,23,17.4,7.2,".243",".370",".295",".299",".306",".127",".318",".324",".297",".299","-0.002","-0.013","-0.004",29.9,5.5,34.1,"76.282763211","93.572492797",64.2,12.1,26.7,43.7,56.3,121,277,51.4,1038,74.3,7.5,55,1008,955,2018,87.9,76,629,48.6,980,40.4,815,21.7,44.9,37.5,38,24.5,384,63.4,56,215,17.7,68,21.4,82,4.9,19,"R","2018",57.1,"31.7","95.2","2218","-0.6","-18.2","11.9","12.2","1.2","29.6","87.7","2312","4.8","-34.6","0.7","5.4","1.8",,,,,,,,,"17.7","78.4","2764","5.1","-61.2","-16.3","17.2","2","18.2","95.4","2103","-11.4","-16","14","18.2","1.3",,,,,,,,,"2.7","88.4","974","-8.3","-28.7","6.4","12","1.9",,,,,,,,,,,,,,,,,,,,,,,,,,,,,,,,,,,,,,,,,"50","95.3","2176","-4.6","-17.4","12.7","14.4","1.2","47.3","84.2","2481","4.9","-44.6","-5.6","9.8","5.4","2.7","88.4","974","-8.3","-28.7","6.4","12"
"Kirby, George",669923,2026,28,"21","127.0",523,493,136,93,26,21,5,".257",".401",".324",".305",".298",".144",".389",".362",".354",".330",".019",".027",".019",32,7.6,41.9,"79.597858325","94.2815479",70.1,13.6,34,40.2,59.8,129,321,49.4,943,81.1,7.8,145,1016,747,1908,86.4,92,676,50.6,965,43.1,823,22.2,52.3,33.1,41.4,25.5,384,65.6,45.8,176,26.6,102,21.4,82,6.3,24,"R","1908",33.5,"29.1","96.6","2255","-9.2","-16","13.4","16.4","1.1",,,,,,,,,"7.4","88.7","1547","-14.2","-30.2","4.6","15.1","1.3","9.6","83.9","2366","9.3","-52.5","-13.4","16.4","1.2","20.9","96.9","2305","-16.5","-21.1","8.2","18.6","1.2","3.2","93.2","2335","-1","-21.2","10.2","10.4","1.4","0.2","86.4","895","-8.7","-30.6","5.8","10.9","1.5",,,,,,,,,"29.6","87.2","2370","11.3","-39.4","-3.2","12.1","1.4",,,,,,,,,,,,,,,,,,,,,,,,,"53.2","96.5","2279","-11.6","-18.3","11.1","16.9","1.5","39.2","86.4","2369","10.8","-42.6","-5.7","13.2","2.1","7.6","88.6","1533","-14","-30.2","4.7","15"
"Abbott, Andrew",671096,2026,27,"24","128.2",555,487,118,85,15,17.8,11,".257",".418",".314",".333",".339",".161",".333",".361",".300",".322","-0.015","-0.036","-0.019",31.8,7.6,38.3,"79.479076702","94.07967008",66.3,12.4,28.9,43.4,56.6,148,341,53.3,1178,68.9,6.7,414,1048,750,2223,87.6,85,686,46.7,1034,41.1,909,22.8,46.4,32.6,41.2,26.2,393,59.1,42.7,168,25.7,101,22.4,88,9.2,36,"L","2212",51,"45.3","92.5","2342","6.8","-15.4","16.7","18.1","1",,,,,,,,,"18.7","85.9","1992","14.6","-28","9.1","17.3","1.2","13.4","79.7","2807","-9","-49.8","-6.8","11.6","1.1",,,,,,,,,"2","88.7","2611","-4.1","-27.1","7.4","8.6","1.3",,,,,,,,,,,,,,,,,"20.5","82.1","2855","-14","-41.7","-1","14.4","1.3",,,,,,,,,,,,,,,,,,,,,,,,,"47.4","92.3","2354","6.3","-15.9","16.3","17.7","1.3","33.9","81.2","2836","-12","-44.9","-3.3","13.3","1.8","18.7","85.9","1992","14.6","-28","9.1","17.3"
"Bradley, Taj",671737,2026,25,"22","126.2",533,475,104,65,22,26.5,9.9,".228",".382",".298",".307",".309",".154",".358",".372",".310",".325","-0.009","-0.009","-0.009",37.4,9.5,45.4,"81.071541071","94.959232507",67.2,15.9,28.8,48.4,51.6,155,320,51.8,1111,77.3,8,439,1513,192,2144,84.1,110,694,48.2,1033,41.7,893,26.1,47.3,38.6,33.2,28.2,337,59.5,35,118,30,101,26.4,89,8.6,29,"R","2144",56.1,"46.4","97","2311","-5.5","-10.7","18.5","19.4","1.5",,,,,,,,,,,,,,,,,"9","82.2","2408","4","-54.2","-13.5","14.3","1.8",,,,,,,,,"24.2","89.8","2184","4.7","-29.5","4.4","7","1.5","20.5","91.4","1738","-10.7","-26.3","6.2","12.6","1.6",,,,,,,,,,,,,,,,,,,,,,,,,,,,,,,,,,,,,,,,,"70.6","94.5","2267","-2","-17.1","13.6","15.1","4.2","9","82.2","2408","4","-54.2","-13.5","14.3","1.8","20.5","91.4","1738","-10.7","-26.3","6.2","12.6"
"Detmers, Reid",672282,2026,26,"23","129.0",530,478,103,63,21,28.3,7.4,".221",".376",".285",".291",".283",".155",".360",".368",".307",".318","-0.006","-0.002","-0.006",33,8.7,38.7,"80.124568263","94.37061045",66.3,18.1,32,50.7,49.3,174,343,50.4,1073,70.7,7.8,211,992,926,2130,81.7,127,701,49.6,1057,42,895,28.8,49,35.7,39.6,24.7,336,65.5,35.7,120,31,104,24.4,82,8.9,30,"L","2129",41.3,"45.2","94.1","2149","9.4","-14.1","17","19.5","1.2","32.3","86.1","2450","-3.6","-40.7","-3.7","5.7","1.5","9.9","83.6","1639","12.3","-28.6","10.7","16.7","1.8","11.2","72.3","2518","-11.7","-67.9","-14.7","18.9","1.4","1.4","93.5","2095","14.9","-17.7","13.7","20.3","1.4",,,,,,,,,,,,,,,,,,,,,,,,,,,,,,,,,,,,,,,,,,,,,,,,,,,,,,,,,"46.6","94","2147","9.5","-14.2","16.9","19.6","1.2","43.5","82.5","2467","-5.7","-47.7","-6.5","9.1","6.9","9.9","83.6","1639","12.3","-28.6","10.7","16.7"
"Cantillo, Joey",676282,2026,26,"24","118.2",516,454,118,78,23,25,10.9,".233",".375",".336",".309",".319",".143",".404",".362",".361",".324",".027",".044",".027",31.9,8.2,39.2,"76.982129565","93.862324627",62.3,20.9,29.1,48.9,51.1,155,317,52.9,1089,71.4,6.8,525,830,703,2058,79.1,126,604,47.1,969,41,844,30.5,44.8,41,34.3,24.6,329,55.4,45.3,149,28,92,20.4,67,6.4,21,"L","2058",51.1,"34.5","92.1","1871","6.6","-15.6","16.7","18","1.5","5.4","82.8","2325","-3.9","-45.8","-6","7.4","1.4","25.5","80.7","1446","9.4","-29","13","16.4","1.4","28.8","80","2672","-9.9","-60.5","-17.1","19.8","1.6",,,,,,,,,"5.8","87.2","2021","-3","-29.1","6.7","7.9","1.2",,,,,,,,,,,,,,,,,,,,,,,,,,,,,,,,,,,,,,,,,,,,,,,,,"40.3","91.4","1892","5.2","-17.6","15.2","16.6","2.4","34.2","80.4","2617","-8.9","-58.2","-15.4","17.9","1.9","25.5","80.7","1446","9.4","-29","13","16.4"
"Bibee, Tanner",676440,2026,27,"24","138.0",559,511,118,77,17,19.7,6.8,".256",".431",".301",".323",".312",".175",".341",".372",".291",".325","-0.025","-0.028","-0.022",34.9,8.9,39.6,"78.96892199","94.084869127",66.7,18.3,27,38.9,61.1,112,288,49.7,1068,74.9,7.8,307,1510,334,2151,81.7,132,722,50.3,1083,43.8,942,24.2,47,37.3,36.6,26,407,65.7,38.6,157,27.8,113,24.8,101,8.8,36,"R","2151",54.8,"22.2","94","2155","-5","-14.9","16.1","17","1.1",,,,,,,,,"14.3","81","1874","-11.9","-28.2","13.6","18.3","1.5","10.8","77.9","2573","14.7","-53.5","-7.9","16.9","1.8","23.2","93.3","2139","-14.6","-22.1","9.3","17.5","1.3","24.8","86","2663","6.9","-34.4","2.7","8.2","1.5",,,,,,,,,,,,,,,,,"4.7","82.6","2632","16.8","-40.3","0","17.1","1.6",,,,,,,,,,,,,,,,,,,,,,,,,"70.2","91","2329","-4","-24.2","9.1","14.1","4.4","15.5","79.3","2591","15.3","-49.5","-5.5","17","2.9","14.3","81","1874","-11.9","-28.2","13.6","18.3"
"Cavalli, Cade",676917,2026,27,"24","122.2",552,496,128,92,21,25.5,7.1,".248",".387",".317",".313",".318",".139",".387",".381",".357",".347",".010",".004",".004",34.2,7.5,40.6,"78.197107697","94.354881944",64.7,14.6,31.5,46.5,53.5,161,346,50.9,1097,75.1,8.6,168,1143,843,2155,85.4,100,684,49.1,1058,40.1,865,25.3,47.8,38.1,34.2,27.8,360,62,50.8,183,23.6,85,22.2,80,3.3,12,"R","2154",36.2,"33.8","96.8","2300","-6","-14.5","14.6","15.9","1.4",,,,,,,,,"7.8","88.9","1951","-17.3","-30.1","4.6","18.1","1.5","26.9","85.8","2238","7.7","-48.1","-10.9","13.5","2","14","96.1","2149","-14.7","-21.8","7.7","16.8","1.4","5.3","93.5","2286","1.3","-22.6","8.3","8.7","2",,,,,,,,,,,,,,,,,"12.2","86","2286","14.5","-45.1","-7.9","16.7","1.6",,,,,,,,,,,,,,,,,,,,,,,,,"53.1","96.3","2258","-7.6","-17.3","12.2","15.4","1.8","39.1","85.9","2253","9.8","-47.2","-10","14.5","1.9","7.8","88.9","1951","-17.3","-30.1","4.6","18.1"
"Ashcraft, Braxton",677952,2026,26,"23","132.1",546,499,121,79,21,26.6,5.9,".229",".366",".305",".288",".285",".137",".384",".359",".335",".322",".013",".041",".017",32.6,6.7,40.9,"79.278654134","94.417488492",67.1,14.5,37.3,47.8,52.2,177,370,49.2,993,68.1,6.8,98,923,998,2019,85.5,100,688,50.8,1026,43.5,878,26.2,52.4,35.9,41.2,22.9,362,67.2,45.3,164,26,94,21.3,77,7.5,27,"R","2019",38,"31.8","97.2","2352","-9.4","-13.5","15.4","18.1","1.1","23.2","91.7","2590","1","-27.8","4.5","5","1.5",,,,,,,,,"26.3","84.9","2726","6.6","-48.1","-10.3","12.5","1.3","13.9","96.9","2317","-16","-22.1","7.1","17.6","1.2",,,,,,,,,"4.9","91.8","1905","-14.8","-26.6","5.8","16","1.4",,,,,,,,,,,,,,,,,,,,,,,,,,,,,,,,,,,,,,,,,"45.7","97.1","2341","-11.4","-16.1","12.9","18","1.1","49.4","88.1","2662","4","-38.6","-3.4","9","4","4.9","91.8","1905","-14.8","-26.6","5.8","16"
"Weathers, Ryan",677960,2026,26,"22","121.0",503,462,114,80,15,26.2,6.8,".256",".427",".307",".322",".312",".172",".384",".408",".342",".359","-0.009","-0.029","-0.015",33.2,8.7,42.2,"78.42934297","94.836063636",63.5,16.7,29.7,47.3,52.7,151,319,53.5,1074,77.7,6,501,856,650,2008,83.3,99,592,46.5,933,42.3,848,27.4,45.4,39.5,40.7,19.8,334,59.8,47.9,160,21.6,72,25.7,86,4.8,16,"L","2007",33,"23.9","95.8","2382","10.9","-14.6","15.4","18.9","1.4","11.8","87","2654","-3.7","-34.7","1.3","4.7","1.7","25","85.7","1940","12.4","-36.6","0.8","12.8","1.5",,,,,,,,,"18.7","94.1","2281","17.8","-22.4","8.7","19.9","1.5",,,,,,,,,,,,,,,,,,,,,,,,,"20.6","81.2","2628","-13.4","-41.2","0.5","13.8","1.7",,,,,,,,,,,,,,,,,,,,,,,,,"42.7","95.1","2338","13.9","-18","12.4","19.3","1.7","32.4","83.3","2638","-9.9","-38.8","0.8","10.5","3.5","25","85.7","1940","12.4","-36.6","0.8","12.8"
"Bradish, Kyle",680694,2026,29,"22","121.0",513,452,111,73,22,22.8,10.5,".234",".377",".317",".310",".319",".144",".365",".355",".326",".316",".012",".017",".007",31.5,8.4,37.9,"76.548343735","93.941788253",63.1,9,30.5,49.7,50.3,172,346,56.4,1135,64.5,5.5,0,1041,970,2011,91,50,553,43.6,876,36.9,743,24.7,44.7,33.5,40,26.5,340,55.6,48.5,165,22.6,77,21.5,73,7.4,25,"R","2011",53,"17.7","94","2401","2","-17.6","13.2","13.6","1.4","26","87.3","2617","13.1","-36.2","-0.1","13.4","1.7",,,,,,,,,"22.3","84.7","2662","6.9","-51.5","-13.2","15","1.6","34.1","94.7","2172","-11.1","-17.8","12.8","17.2","1.6",,,,,,,,,,,,,,,,,,,,,,,,,,,,,,,,,,,,,,,,,,,,,,,,,,,,,,,,,"51.8","94.4","2250","-6.7","-17.8","12.9","16","1.6","48.2","86.1","2638","10.2","-43.3","-6.2","14.2","2.2",,,,,,,
"Burke, Sean",680732,2026,26,"23","128.2",525,473,105,66,22,27.4,7.4,".227",".367",".293",".294",".297",".140",".362",".364",".317",".326","-0.005",".003","-0.001",35.1,7.8,36.6,"78.872720854","93.70796753",65.4,17,32.3,42.9,57.1,146,340,50.4,1053,69.9,7.5,47,1265,778,2090,83,115,678,49.6,1037,42.6,891,25.6,48.7,39,38.4,22.5,333,64.2,35.7,119,29.7,99,25.5,85,9,30,"R","2090",40.7,"37.5","94.9","2583","-4.5","-11.8","18.7","19.4","1.8","16.7","86.7","2517","5.5","-32.5","3.7","7.1","1.7","2.2","86","1839","-13.4","-26.9","10","16.9","1.5","20.6","79.6","2451","4.8","-57.2","-13.8","14.9","1.9","14.7","94.7","2398","-13","-15.9","14.7","19.7","1.5","8.3","90.1","2638","3.6","-23.9","9.5","10.5","1.5",,,,,,,,,,,,,,,,,,,,,,,,,,,,,,,,,,,,,,,,,,,,,,,,,"60.5","94.2","2546","-5.5","-14.4","16.5","18.3","2.5","37.2","82.8","2480","5.1","-46.2","-6","11.4","4.3","2.2","86","1839","-13.4","-26.9","10","16.9"
"Wrobleski, Justin",680736,2026,25,"19","117.0",472,443,101,67,18,19.3,5.1,".268",".443",".285",".327",".311",".175",".326",".381",".286",".337","-0.040","-0.066","-0.042",36.8,9.1,43.3,"79.3016456","94.5098098",66.1,15.5,32.4,29.3,70.7,75,256,46,790,84,8.4,99,991,627,1717,84.5,95,613,54,927,42.1,722,19.6,50.6,37.7,36,26.3,353,66.3,39.9,141,32.3,114,23.5,83,4.2,15,"L","1717",35.9,"48.6","94.3","2447","6.3","-14.5","16.1","17.4","1.7","28.7","86.3","2446","-3.5","-36.6","0","4.3","1.7","5.8","85.6","1499","14","-32","5.4","15.2","2.8","4.9","74.7","2214","-6.5","-55.1","-6","9.1","2.4","8.2","93.6","2197","14","-21.2","10","17.3","1.6","0.9","90.7","2484","-1.1","-25.2","8","8.3","1.6",,,,,,,,,,,,,,,,,"3","84.6","2619","-14.7","-42","-3.7","15.7","1.8",,,,,,,,,,,,,,,,,,,,,,,,,"57.7","94.2","2412","7.3","-15.7","15.1","17.2","1.8","36.5","84.6","2429","-4.8","-39.5","-1.1","5.9","4.7","5.8","85.6","1499","14","-32","5.4","15.2"
"Imanaga, Shota",684007,2026,32,"23","132.2",533,499,116,72,18,23.5,5.4,".236",".406",".304",".299",".282",".170",".372",".365",".309",".315","-0.004",".017",".005",33,9.3,35.4,"77.423293262","93.67894933",69.5,18.9,36.1,45.1,54.9,179,397,53.1,1101,79.8,6.2,677,990,407,2074,81.1,128,676,46.9,973,43.5,903,28.6,51.7,43.6,31.6,24.7,376,58.7,37.8,142,31.1,117,21,79,10.1,38,"L","2074",38.8,"40.9","91.7","2500","11.1","-14.9","17.8","21.1","1","2.2","86.5","2481","-3.4","-29.4","6.9","8","1.3",,,,,,,,,"2.8","74.4","2515","-8.8","-63","-13.2","16.1","1.6","6.8","90.1","2461","16.4","-24","9.7","19.2","1.2",,,,,,,,,"32.6","83","1126","11.5","-33.6","6","13.3","1.1",,,,,,,,,"14.7","81.1","2537","-14","-42.2","-0.5","14.2","1.4",,,,,,,,,,,,,,,,,,,,,,,,,"47.7","91.4","2495","11.9","-16.2","16.6","20.8","1.2","19.6","80.8","2527","-12.1","-43.7","-1.5","13.8","3.6","32.6","83","1126","11.5","-33.6","6","13.3"
"McLean, Nolan",690997,2026,24,"23","130.2",548,482,104,68,22,28.5,8.8,".223",".349",".293",".296",".310",".127",".356",".361",".317",".329","-0.007",".000","-0.003",35,7,36,"76.210183988","93.737987477",60.9,16.2,28,43.7,56.3,138,316,52,1130,65.7,6.6,140,1369,662,2171,83.8,103,634,48,1041,41.7,905,25.4,43.8,38.7,31.4,29.9,331,60.2,46.2,153,23,76,25.1,83,5.7,19,"R","2171",31,"20.8","96.1","2330","-11.7","-15.9","13.9","18.3","1.2","1.3","86.8","2958","10","-31.1","5.4","11.6","1.7","6.4","88.1","1228","-12.5","-38.1","-2.5","13.2","1.7","14.7","81.9","3358","17.4","-55.1","-13.3","22","1.9","32.5","95.1","2204","-17.7","-25.3","5.2","18.6","1.4","9.8","92","2549","0.9","-25.7","6.5","6.9","1.6",,,,,,,,,,,,,,,,,"14.5","84.9","3008","18.4","-39.8","-1.4","18.7","1.7",,,,,,,,,,,,,,,,,,,,,,,,,"63.1","94.9","2299","-12.8","-22.2","8.3","16.7","2","30.5","83.5","3175","17.6","-46.9","-6.9","20","2.5","6.4","88.1","1228","-12.5","-38.1","-2.5","13.2"
"Woo, Bryan",693433,2026,26,"22","127.1",523,486,115,80,19,24.3,5.2,".241",".387",".285",".295",".289",".146",".348",".363",".317",".326","-0.004","-0.019","-0.010",35.5,6.9,42.7,"78.880198066","94.38130964",71.7,17.6,34,41.4,58.6,135,326,49.2,960,79.4,7.2,123,1278,550,1951,82.4,125,711,50.8,991,44.4,867,25.1,53.2,38.3,33.9,27.8,363,68.1,38.6,140,28.9,105,23.4,85,9.1,33,"R","1951",24.1,"46.7","95.9","2283","-10.7","-15.2","14.7","18.3","1","15.3","86.9","2217","2.5","-34.4","1.6","3.5","1.6","6.3","89.4","1955","-15.8","-31.3","2.8","16.2","1.3","1.5","82.6","2301","5.7","-45.8","-6","8.4","1.5","18.8","95.7","2277","-16.4","-24.5","5.4","17.4","1.2",,,,,,,,,,,,,,,,,,,,,,,,,"11.4","84.4","2484","10.5","-34.8","3.6","11.8","1.7",,,,,,,,,,,,,,,,,,,,,,,,,"65.5","95.8","2281","-12.3","-17.9","12","18","1.1","28.2","85.7","2329","5.9","-35.2","2","7.1","2.2","6.3","89.4","1955","-15.8","-31.3","2.8","16.2"
"Schlittler, Cam",693645,2026,25,"24","139.2",555,512,102,65,22,30.8,5.6,".212",".342",".256",".268",".265",".130",".335",".355",".297",".318","-0.013","-0.016","-0.012",33.8,8.1,39.3,"76.959956941","93.897125706",71.6,20.7,34.6,42.8,57.2,163,381,50.3,1102,80.4,7.7,0,1976,216,2193,79.1,162,781,49.7,1091,41.5,910,28,53,33.8,39,27.2,346,63.1,43.1,149,27.5,95,22,76,7.5,26,"R","2192",43.5,"44.3","97.9","2514","-5.4","-11.6","16.9","17.9","1.3","1.3","89.6","2512","6.7","-29.7","4.5","8.8","1.5",,,,,,,,,"8.6","85.9","2535","5.4","-47.7","-10.5","12","2","19.8","97.7","2344","-13.7","-17.8","10.9","17.7","1.3","26.1","94.6","2569","5.6","-19.9","10.5","12.1","1.6",,,,,,,,,,,,,,,,,,,,,,,,,,,,,,,,,,,,,,,,,,,,,,,,,"90.1","96.9","2492","-4","-15.4","13.7","16.2","2.2","9.9","86.3","2532","5.5","-45.4","-8.6","11.6","2.3",,,,,,,
"Elder, Bryce",693821,2026,27,"22","126.2",529,479,110,75,14,19.7,7.9,".245",".389",".299",".306",".308",".144",".334",".345",".291",".312","-0.015","-0.003","-0.007",32.4,6.1,40.5,"79.999446898","94.322763209",67.6,12.3,27.9,42.8,57.2,118,276,52.6,990,74.2,6.8,178,1238,467,1883,87.7,74,604,47.4,893,41.6,783,21.8,46.7,40.5,33.7,25.8,380,62,43.7,166,26.3,100,22.9,87,7.1,27,"R","1883",48.4,"22.2","92.5","2228","-4.2","-16.3","15.4","16.1","1.2","24.8","83.1","2451","3.3","-42.7","-3.4","5.3","1.4","9.5","85.7","1423","-11.8","-33.2","4.1","13","1.1",,,,,,,,,"28","91.1","2086","-13.7","-24.8","8.1","16.1","1.3","15.5","88.6","2206","1.7","-23.9","10.6","10.9","1.2",,,,,,,,,,,,,,,,,,,,,,,,,,,,,,,,,,,,,,,,,,,,,,,,,"65.7","91","2162","-6.8","-21.7","11.2","14.9","2.1","24.8","83.1","2451","3.3","-42.7","-3.4","5.3","1.4","9.5","85.7","1423","-11.8","-33.2","4.1","13"
"Roupp, Landen",694738,2026,27,"22","118.1",499,439,101,66,24,24,10.4,".231",".334",".301",".294",".317",".103",".344",".333",".315",".316","-0.001",".021",".007",33.4,4.3,29.7,"75.807650382","92.575338339",61.1,13.8,30,41.6,58.4,153,368,58.2,1227,69,4.7,433,1128,546,2107,86.2,74,538,41.8,880,45.7,963,25.1,43,42.7,36.5,20.7,323,58.3,52.6,170,19.8,64,22.9,74,4.6,15,"R","2107",23.6,"5","92.9","2148","-10.9","-20.5","11.1","15.7","1",,,,,,,,,"20.6","87.1","1869","-15.3","-38.5","-2.5","15.7","1.1","25.9","76.6","3070","19.1","-55.5","-8.4","21","1","35","93.3","2060","-17.3","-28.3","3","17.6","1.1","13.5","89","2344","3","-28.6","5.7","7.1","1.7",,,,,,,,,,,,,,,,,,,,,,,,,,,,,,,,,,,,,,,,,,,,,,,,,"53.5","92.2","2141","-11.6","-27.7","4.4","14.8","2.5","25.9","76.6","3070","19.1","-55.5","-8.4","21","1","20.6","87.1","1869","-15.3","-38.5","-2.5","15.7"
"Misiorowski, Jacob",694819,2026,24,"21","127.0",480,440,64,48,5,40.6,6,".164",".239",".205",".215",".230",".075",".291",".310",".260",".293","-0.019","-0.007","-0.010",34.4,2.8,34.4,"76.252790248","92.947402975",66.3,28,35.1,59.4,40.6,189,318,47.9,906,69.1,7.9,28,1460,403,1891,72,183,653,52.1,985,42.6,806,38.3,51.3,30.4,35.6,34,247,68.8,46.6,115,23.9,59,21.9,54,7.7,19,"R","1891",29.9,"63.7","100.6","2624","-10.9","-11.6","15.5","19","2.1","10.8","92","2513","3.5","-29.4","2.8","6.7","2.3","1.5","92.5","2037","-15.7","-26.8","5","16.6","1.5","10.5","88.1","2231","5.9","-43.5","-8.2","10.4","1.7",,,,,,,,,"13.5","96","2581","1.5","-22.5","7.1","7.6","1.4",,,,,,,,,,,,,,,,,,,,,,,,,,,,,,,,,,,,,,,,,,,,,,,,,"77.2","99.8","2617","-8.7","-13.5","14","17","2.8","21.3","90.1","2375","4.7","-36.3","-2.6","8.5","3","1.5","92.5","2037","-15.7","-26.8","5","16.6"
"Skenes, Paul",694973,2026,24,"24","129.2",532,482,109,66,28,30.5,6.8,".208",".330",".292",".270",".274",".122",".382",".346",".336",".312",".018",".043",".022",34.8,7.1,39.1,"76.978524813","93.985909",72,21,33.1,43.9,55.9,172,392,53.6,1183,77.9,6.3,545,1138,525,2208,79,155,738,46.4,1025,43.5,960,28.9,51.2,37.8,33.5,28.6,325,60.3,42.2,137,23.7,77,24.9,81,9.2,30,"R","2208",25.6,"41","96.9","2176","-12.6","-16.2","12.9","18.1","1","7.4","86.7","2316","3.7","-34.9","1.3","4.4","1.4","13.9","88.7","1842","-15.4","-28.3","6.5","16.8","1.1","0.5","81.8","2422","10.9","-48.9","-7.9","13.6","1.5","10.5","96.7","2160","-17","-21.9","7.5","18.7","0.9",,,,,,,,,"10.7","93.4","1645","-13.3","-29.7","1.7","13.7","1",,,,,,,,,"15.9","84.3","2343","10.2","-33","5.6","12.4","1.4",,,,,,,,,,,,,,,,,,,,,,,,,"51.5","96.8","2172","-13.5","-17.4","11.8","18.2","1","23.8","85","2336","8.2","-33.9","4","9.9","1.9","24.7","90.7","1756","-14.5","-28.9","4.4","15.5"
"Burns, Chase",695505,2026,23,"21","118.2",477,430,87,55,17,28.7,9,".207",".343",".275",".278",".281",".136",".339",".346",".295",".305","-0.005","-0.001","-0.003",33.9,8.4,36.9,"79.193893803","93.646587958",68,19.4,34,51.2,48.8,190,371,56,1090,73.1,6.7,104,1101,740,1945,80.6,113,581,44,855,39.3,764,31.8,48.9,37.3,35.6,27.1,295,58.5,37.6,111,29.2,86,23.4,69,9.8,29,"R","1945",52.7,"56.6","97.7","2622","-3.5","-10.1","18.7","19.1","1.4","38","90.2","2762","3.1","-33.1","0.4","4","1.8","5.3","90","1861","-15.2","-23.7","10.1","18.4","1.5","0.1","81.9","2717","0.8","-46.2","-5.5","5.5",,,,,,,,,,,,,,,,,,,,,,,,,,,,,,,,,,,,,,,,,,,,,,,,,,,,,,,,,,,,,,,,,,"56.6","97.7","2622","-3.5","-10.1","18.7","19.1","1.4","38","90.2","2762","3.1","-33.1","0.4","4","1.8","5.3","90","1861","-15.2","-23.7","10.1","18.4"
"McGreevy, Michael",700241,2026,25,"22","120.1",487,453,114,72,24,16.6,6.2,".289",".498",".310",".360",".333",".210",".346",".411",".303",".351","-0.037","-0.079","-0.050",33.8,10.4,43.6,"79.666929731","95.057104286",63.4,8.6,28.8,38,62,113,297,53.3,1030,73,6.5,383,1041,507,1931,91.4,49,571,46.7,901,42,811,18.7,45,35.6,41.2,23.1,376,57.5,44.9,169,26.9,101,25,94,3.2,12,"R","1931",33.2,"25.2","91.8","2237","-8.4","-19.8","12.6","15.2","1.3","4.5","83.6","2408","3.6","-40.8","-1.9","4.8","1.4","19.8","86.8","1730","-13.5","-34.4","2.1","13.9","1.2","11.8","78.3","2515","12.9","-56.8","-11.9","17.6","1.6","16.7","90.7","2187","-12.1","-28.3","4.9","13.4","1.3","12","87.3","2315","1.4","-29.5","6.3","6.8","1.5",,,,,,,,,,,,,,,,,"10","81.6","2453","14.1","-42.8","-1.6","14.3","1.3",,,,,,,,,,,,,,,,,,,,,,,,,"53.9","90.4","2239","-7.4","-24.6","8.8","12.8","2.4","26.3","80.5","2473","11.7","-48.7","-6.3","14.2","2.7","19.8","86.8","1730","-13.5","-34.4","2.1","13.9"
"Cameron, Noah",702070,2026,26,"22","123.2",527,476,119,76,27,22,7.6,".257",".425",".311",".323",".317",".169",".366",".382",".326",".337","-0.007","-0.022","-0.012",39.7,8.7,38.3,"78.233871111","94.210988273",68.3,16.1,29.1,46,54,144,313,52.5,1075,74.3,7.2,432,1037,576,2046,83.9,107,663,47.5,971,42.2,863,25.7,47.7,44,32.6,23.4,368,60.5,39.7,146,25.3,93,28.8,106,6.3,23,"L","2045",52.2,"26.3","92.5","2323","6.2","-15","17","18.2","1.4","10.8","85.1","2500","-2.8","-35.1","2.6","4.7","1.6","21.1","81","1640","12.7","-32","9.8","16.1","2.2","17.4","81.9","2302","-3.8","-50","-9.3","10.4","2.1","4","91.5","2263","12.5","-20.8","11.8","17.4","1.3","20.5","89.7","2352","-2.5","-24.8","9","9.5","1.6",,,,,,,,,,,,,,,,,,,,,,,,,,,,,,,,,,,,,,,,,,,,,,,,,"50.7","91.3","2330","3.2","-19.4","13.3","14.6","2.1","28.2","83.2","2378","-3.4","-44.3","-4.8","8.2","2.6","21.1","81","1640","12.7","-32","9.8","16.1"
"Messick, Parker",800048,2026,25,"22","129.2",542,497,104,66,21,25.1,7,".223",".337",".268",".273",".280",".114",".324",".332",".286",".307","-0.014",".009","-0.005",32.4,5.2,33,"76.102081167","93.396125655",67,18.4,31.6,39.5,60.5,138,349,52.5,1105,77.8,6.8,498,1291,316,2105,81.6,123,670,47.5,1000,41.8,879,25.6,48.4,38.4,33.2,28.3,367,60.9,45,165,21.3,78,22.1,81,11.7,43,"L","2105",42.1,"38.1","94.2","2165","5.3","-14.2","16.6","17.6","1.6","4.8","86.7","2348","-5.9","-31.8","4.2","7.9","1.6","23.7","85.8","1847","14.9","-35.4","1.8","15.1","1.4","10.2","79.2","2285","-14","-49.9","-6","15.4","1.5","16.6","92.6","2053","13.1","-21.6","10.2","16.7","1.4","6.6","90.5","2155","-2.5","-23.5","9.7","10.4","1.4",,,,,,,,,,,,,,,,,,,,,,,,,,,,,,,,,,,,,,,,,,,,,,,,,"61.3","93.4","2134","6.6","-17.2","14.2","16.6","2","15","81.6","2305","-11.4","-44.1","-2.7","13","4","23.7","85.8","1847","14.9","-35.4","1.8","15.1"
"Yamamoto, Yoshinobu",808967,2026,27,"20","133.2",509,475,89,58,15,23.8,5.7,".223",".354",".245",".275",".272",".131",".289",".331",".250",".299","-0.036","-0.036","-0.030",30.9,6.5,35.1,"76.125137273","93.651317094",67,16.1,33.2,45.2,54.8,150,332,51.1,999,75.4,6.9,531,1049,376,1956,83.9,103,641,48.9,957,45.1,882,26,49.7,44.1,32.3,23.6,356,61.3,47.5,169,24.4,87,22.2,79,5.9,21,"R","1956",40.3,"26.4","96","2249","-8.4","-13.4","16.2","18.3","1.2","6.4","87.1","2754","5.1","-33.5","2.4","6.3","1.7",,,,,,,,,"12.8","77.1","2823","12.6","-62.5","-15.9","20.4","1.7","12.8","95.4","2306","-14.6","-18.6","11.5","18.6","1.2","14.4","91.6","2459","3","-24.2","8.2","9.2","1.5","27.1","91.5","1452","-11.9","-30.6","1.9","12.4","1.3",,,,,,,,,,,,,,,,,,,,,,,,,,,,,,,,,,,,,,,,,"53.6","94.7","2319","-6.8","-17.5","12.9","15.9","2.5","19.2","80.4","2800","10.1","-52.8","-9.8","15.7","5.3","27.1","91.5","1452","-11.9","-30.6","1.9","12.4"