"last_name, first_name",player_id,year,player_age,p_game,p_formatted_ip,pa,ab,hit,single,double,k_percent,bb_percent,xba,xslg,woba,xwoba,xobp,xiso,wobacon,xwobacon,bacon,xbacon,xbadiff,xslgdiff,wobadiff,sweet_spot_percent,barrel_batted_rate,hard_hit_percent,avg_best_speed,avg_hyper_speed,z_swing_percent,z_swing_miss_percent,oz_swing_percent,oz_swing_miss_percent,oz_contact_percent,out_zone_swing_miss,out_zone_swing,out_zone_percent,out_zone,meatball_swing_percent,meatball_percent,pitch_count_offspeed,pitch_count_fastball,pitch_count_breaking,pitch_count,iz_contact_percent,in_zone_swing_miss,in_zone_swing,in_zone_percent,in_zone,edge_percent,edge,whiff_percent,swing_percent,pull_percent,straightaway_percent,opposite_percent,batted_ball,f_strike_percent,groundballs_percent,groundballs,flyballs_percent,flyballs,linedrives_percent,linedrives,popups_percent,popups,pitch_hand,n,arm_angle,n_ff_formatted,ff_avg_speed,ff_avg_spin,ff_avg_break_x,ff_avg_break_z,ff_avg_break_z_induced,ff_avg_break,ff_range_speed,n_sl_formatted,sl_avg_speed,sl_avg_spin,sl_avg_break_x,sl_avg_break_z,sl_avg_break_z_induced,sl_avg_break,sl_range_speed,n_ch_formatted,ch_avg_speed,ch_avg_spin,ch_avg_break_x,ch_avg_break_z,ch_avg_break_z_induced,ch_avg_break,ch_range_speed,n_cu_formatted,cu_avg_speed,cu_avg_spin,cu_avg_break_x,cu_avg_break_z,cu_avg_break_z_induced,cu_avg_break,cu_range_speed,n_si_formatted,si_avg_speed,si_avg_spin,si_avg_break_x,si_avg_break_z,si_avg_break_z_induced,si_avg_break,si_range_speed,n_fc_formatted,fc_avg_speed,fc_avg_spin,fc_avg_break_x,fc_avg_break_z,fc_avg_break_z_induced,fc_avg_break,fc_range_speed,n_fs_formatted,fs_avg_speed,fs_avg_spin,fs_avg_break_x,fs_avg_break_z,fs_avg_break_z_induced,fs_avg_break,fs_range_speed,n_kn_formatted,kn_avg_speed,kn_avg_spin,kn_avg_break_x,kn_avg_break_z,kn_avg_break_z_induced,kn_avg_break,kn_range_speed,n_st_formatted,st_avg_speed,st_avg_spin,st_avg_break_x,st_avg_break_z,st_avg_break_z_induced,st_avg_break,st_range_speed,n_sv_formatted,sv_avg_speed,sv_avg_spin,sv_avg_break_x,sv_avg_break_z,sv_avg_break_z_induced,sv_avg_break,sv_range_speed,n_fo_formatted,fo_avg_speed,fo_avg_spin,fo_avg_break_x,fo_avg_break_z,fo_avg_break_z_induced,fo_avg_break,fo_range_speed,n_sc_formatted,sc_avg_speed,sc_avg_spin,sc_avg_break_x,sc_avg_break_z,sc_avg_break_z_induced,sc_avg_break,sc_range_speed,n_fastball_formatted,fastball_avg_speed,fastball_avg_spin,fastball_avg_break_x,fastball_avg_break_z,fastball_avg_break_z_induced,fastball_avg_break,fastball_range_speed,n_breaking_formatted,breaking_avg_speed,breaking_avg_spin,breaking_avg_break_x,breaking_avg_break_z,breaking_avg_break_z_induced,breaking_avg_break,breaking_range_speed,n_offspeed_formatted,offspeed_avg_speed,offspeed_avg_spin,offspeed_avg_break_x,offspeed_avg_break_z,offspeed_avg_break_z_induced,offspeed_avg_break,has_tj_history
"Abbott, Andrew",671096,2025,26,29,166.1,684,631,148,99,29,21.8,6.3,0.233,0.385,0.288,0.294,0.286,0.152,0.337,0.347,0.305,0.306,0.002,-0.011,-0.006,34.8,8.0,33.7,77.083824,93.25435499,69.0,18.3,30.3,37.5,62.5,149,397,49.0,1312,80.2,6.8,526,1378,773,2677,81.7,172,942,51.0,1365,45.7,1224,24.0,50.0,32.9,36.6,30.5,489,63.5,32.9,161,32.9,161,23.5,115,10.6,52,L,2677,47.5,47.2,92.8,2275.0,9.1,-15.7,16.2,18.7,1.2,,,,,,,,,19.6,84.8,1984.0,15.2,-27.8,10.2,18.4,1.3,11.5,80.6,2791.0,-8.7,-45.9,-3.9,9.8,1.3,,,,,,,,,4.3,88.6,2524.0,-0.5,-26.2,8.4,9.1,1.6,,,,,,,,,,,,,,,,,17.4,82.7,2791.0,-11.9,-37.7,2.5,12.7,1.2,,,,,,,,,,,,,,,,,,,,,,,,,51.5,92.4,2296,8.3,-16.5,15.5,17.9,1.8,28.9,81.8,2791,-10.6,-41.0,0.0,11.6,1.7,19.6,84.8,1984.0,15.2,-27.8,10.2,18.4,False
"Alcantara, Sandy",645261,2021,25,33,205.2,837,768,171,107,40,24.0,6.0,0.228,0.374,0.279,0.289,0.284,0.146,0.334,0.35,0.3,0.308,-0.005,-0.009,-0.01,29.9,6.1,39.4,75.365831333,93.983632175,71.5,19.6,33.8,45.3,54.7,229,506,48.3,1496,80.5,7.9,728,2285,82,3095,80.4,224,1144,51.7,1599,43.6,1348,27.5,53.3,39.4,38.2,22.4,576,64.0,54.0,311,20.5,118,21.2,122,4.3,25,R,3095,35.1,21.6,98.1,2239.0,-10.6,-14.8,13.8,17.5,1.4,2.6,84.0,2391.0,3.5,-42.5,-3.6,6.0,2.2,23.5,91.8,2005.0,-16.1,-29.2,3.3,16.5,1.4,3.5,83.3,2420.0,4.0,-42.5,-3.1,5.3,1.8,28.2,97.6,2324.0,-17.3,-21.5,7.3,18.9,1.4,24.0,90.4,2361.0,-1.3,-30.1,3.4,4.6,1.7,,,,,,,,,,,,,,,,,9.2,84.3,2373.0,12.2,-37.9,0.9,12.6,1.5,,,,,,,,,,,,,,,,,,,,,,,,,73.8,95.4,2311,-10.1,-22.4,7.9,13.8,4.2,2.6,84.0,2391,3.5,-42.5,-3.6,6.0,2.2,23.5,91.8,2005.0,-16.1,-29.2,3.3,16.5,True
"Anderson, Tyler",542881,2021,31,31,167.0,703,648,170,107,30,19.1,5.4,0.254,0.428,0.319,0.315,0.296,0.174,0.374,0.369,0.326,0.32,0.008,0.024,0.004,35.7,8.5,33.0,75.112696758,93.471536654,73.0,19.5,33.5,31.7,68.3,132,416,47.7,1241,81.2,7.1,641,1920,41,2602,80.5,194,993,52.3,1361,44.9,1168,23.1,54.2,40.2,37.7,22.1,530,68.7,37.7,200,28.5,151,25.3,134,8.5,45,L,2602,43.2,37.3,90.6,2291.0,9.1,-15.2,18.2,20.5,1.6,0.9,80.0,2458.0,-3.2,-38.5,4.0,5.7,1.3,24.6,80.9,1835.0,12.9,-28.2,13.6,19.0,1.5,0.7,73.7,2426.0,-5.9,-56.1,-5.5,9.6,2.0,10.3,88.9,2260.0,18.3,-27.8,7.0,20.2,1.3,26.2,85.2,2489.0,-2.1,-27.5,10.0,10.4,1.9,,,,,,,,,,,,,,,,,,,,,,,,,,,,,,,,,,,,,,,,,,,,,,,,,73.8,88.4,2357,6.4,-21.3,13.7,16.9,3.2,1.6,77.4,2445,-4.3,-45.8,0.1,7.3,2.9,24.6,80.9,1835.0,12.9,-28.2,13.6,19.0,False
"Ashcraft, Braxton",677952,2026,26,23,132.1,546,499,121,79,21,26.6,5.9,0.229,0.366,0.305,0.288,0.285,0.137,0.384,0.359,0.335,0.322,0.013,0.041,0.017,32.6,6.7,40.9,79.278654134,94.417488492,67.1,14.5,37.3,47.8,52.2,177,370,49.2,993,68.1,6.8,98,923,998,2019,85.5,100,688,50.8,1026,43.5,878,26.2,52.4,35.9,41.2,22.9,362,67.2,45.3,164,26.0,94,21.3,77,7.5,27,R,2019,38.0,31.8,97.2,2352.0,-9.4,-13.5,15.4,18.1,1.1,23.2,91.7,2590.0,1.0,-27.8,4.5,5.0,1.5,,,,,,,,,26.3,84.9,2726.0,6.6,-48.1,-10.3,12.5,1.3,13.9,96.9,2317.0,-16.0,-22.1,7.1,17.6,1.2,,,,,,,,,4.9,91.8,1905.0,-14.8,-26.6,5.8,16.0,1.4,,,,,,,,,,,,,,,,,,,,,,,,,,,,,,,,,,,,,,,,,45.7,97.1,2341,-11.4,-16.1,12.9,18.0,1.1,49.4,88.1,2662,4.0,-38.6,-3.4,9.0,4.0,4.9,91.8,1905.0,-14.8,-26.6,5.8,16.0,False
"Bassitt, Chris",605135,2020,31,11,63.0,261,240,56,35,15,21.1,6.5,0.241,0.39,0.287,0.301,0.296,0.149,0.33,0.349,0.301,0.312,-0.008,-0.019,-0.014,28.9,5.9,37.4,77.390751957,93.869726848,65.2,19.0,26.0,33.9,66.1,40,118,48.0,454,71.0,9.8,97,732,117,946,81.0,61,321,52.0,492,41.9,396,23.0,46.4,36.9,37.4,25.7,187,57.1,44.9,84,26.2,49,21.4,40,7.5,14,R,946,43.7,16.7,93.3,2160.0,-7.8,-16.6,14.8,16.8,1.4,1.2,78.2,2192.0,9.3,-45.1,-0.4,9.7,1.6,10.3,83.6,1950.0,-17.3,-29.6,9.5,19.9,1.3,9.4,70.0,2185.0,12.2,-71.0,-14.4,19.0,1.5,38.2,92.6,2112.0,-15.7,-20.1,11.7,19.7,1.3,22.5,87.8,2183.0,1.6,-27.2,8.0,8.6,1.8,3.3,82.6,1406.0,-13.6,-36.1,4.2,15.0,1.9,,,,,,,,,1.8,73.2,2268.0,15.4,-54.5,-2.6,15.8,1.5,,,,,,,,,,,,,,,,,,,,,,,,,77.4,91.4,2143,-9.0,-21.4,11.3,15.8,3.0,12.4,71.3,2198,12.4,-66.2,-11.4,17.7,2.8,10.3,83.6,1950.0,-17.3,-29.6,9.5,19.9,True
"Bauer, Trevor",545333,2020,29,11,73.0,278,258,41,25,4,36.0,6.1,0.162,0.285,0.227,0.224,0.222,0.123,0.313,0.309,0.259,0.264,-0.003,0.017,0.003,25.9,6.3,38.0,77.766438101,93.703112739,66.1,21.7,29.0,47.8,52.2,86,180,53.2,620,78.8,7.3,4,793,368,1165,78.3,78,360,46.8,545,42.0,489,30.4,46.4,35.4,36.7,27.8,158,59.0,36.1,57,29.1,46,17.7,28,17.1,27,R,1165,41.1,47.4,93.5,2779.0,-9.6,-11.7,19.7,22.1,1.7,,,,,,,,,0.3,85.0,1731.0,-9.8,-24.6,13.3,17.2,1.6,15.7,79.7,2933.0,8.8,-63.6,-19.7,21.7,1.7,0.3,94.1,2780.0,-15.9,-16.3,15.0,22.0,1.5,20.3,84.9,2911.0,5.7,-38.7,-1.1,6.4,1.8,,,,,,,,,,,,,,,,,15.9,80.6,2949.0,17.7,-45.4,-3.0,18.2,1.6,,,,,,,,,,,,,,,,,,,,,,,,,68.1,90.9,2819,-5.1,-19.8,13.5,17.4,4.7,31.6,80.2,2941,13.3,-54.4,-11.3,19.9,1.7,0.3,85.0,1731.0,-9.8,-24.6,13.3,17.2,False
"Baz, Shane",669358,2025,26,31,166.1,711,633,158,95,36,24.8,9.0,0.229,0.386,0.33,0.306,0.308,0.156,0.398,0.361,0.343,0.315,0.021,0.047,0.024,32.3,9.5,39.4,77.845062957,94.260697,67.3,17.1,29.3,47.8,52.2,182,381,47.8,1299,72.0,9.1,311,1594,813,2718,82.9,163,955,52.2,1419,43.8,1191,25.8,49.2,39.4,37.0,23.6,462,62.3,47.0,217,22.7,105,21.6,100,8.7,40,R,2718,36.7,43.9,97.0,2456.0,-9.9,-12.6,16.7,19.5,1.6,3.0,86.7,2331.0,3.5,-35.6,0.6,4.1,1.5,11.4,89.3,2114.0,-16.7,-25.4,8.9,19.0,1.7,26.9,85.0,2699.0,7.6,-50.5,-12.5,14.8,1.9,8.3,95.3,2271.0,-14.5,-17.8,12.4,19.2,1.4,14.7,90.2,2344.0,2.5,-25.6,7.7,8.4,2.1,,,,,,,,,,,,,,,,,,,,,,,,,,,,,,,,,,,,,,,,,,,,,,,,,58.6,95.3,2428,-6.8,-15.9,14.4,16.7,3.8,29.9,85.2,2662,7.1,-49.0,-11.2,13.7,2.0,11.4,89.3,2114.0,-16.7,-25.4,8.9,19.0,True
"Bello, Brayan",678394,2024,25,30,162.1,702,622,157,107,31,21.8,9.1,0.254,0.405,0.319,0.33,0.334,0.151,0.363,0.38,0.331,0.337,-0.002,-0.011,-0.011,34.2,7.4,41.1,76.384630975,94.524067665,65.1,16.8,29.6,43.5,56.5,185,425,52.9,1434,82.7,6.4,730,1220,760,2710,83.2,140,831,47.1,1276,41.8,1132,25.9,46.3,35.9,42.0,22.2,474,64.1,51.3,243,19.6,93,24.3,115,4.9,23,R,2710,28.2,4.7,95.7,2192.0,-8.9,-17.2,12.6,15.6,1.3,0.3,88.1,2276.0,-0.3,-38.3,-2.9,3.8,1.5,26.9,87.6,1810.0,-16.1,-32.5,3.2,16.6,1.5,,,,,,,,,40.3,95.7,2046.0,-17.2,-26.0,4.0,17.9,1.3,16.0,88.2,2479.0,0.9,-32.4,2.6,3.1,1.1,,,,,,,,,,,,,,,,,27.8,86.8,2364.0,7.9,-36.8,-0.6,8.5,1.3,,,,,,,,,,,,,,,,,,,,,,,,,45.0,95.7,2061,-16.4,-25.1,4.9,17.6,1.3,28.0,86.8,2364,7.8,-36.9,-0.7,8.5,1.3,26.9,87.6,1810.0,-16.1,-32.5,3.2,16.6,False
"Berríos, José",621244,2020,26,12,63.0,271,240,57,39,9,25.1,9.6,0.248,0.4,0.307,0.322,0.328,0.152,0.362,0.385,0.328,0.345,-0.011,-0.017,-0.015,33.3,6.4,39.7,77.429804186,94.264088947,61.9,19.8,31.6,41.0,59.0,75,183,52.6,580,64.5,6.9,207,567,328,1102,80.2,64,323,47.4,522,44.1,486,27.5,45.9,36.8,36.8,26.4,174,63.1,42.0,73,24.7,43,26.4,46,6.9,12,R,1102,36.1,26.0,94.5,2192.0,-10.9,-15.5,15.2,18.8,1.2,,,,,,,,,18.8,84.7,1531.0,-12.5,-33.9,4.3,13.5,1.6,,,,,,,,,25.5,94.0,2128.0,-15.8,-20.6,10.4,19.0,1.2,0.0,92.4,1990.0,-7.8,-17.6,14.4,16.3,1.3,,,,,,,,,,,,,,,,,,,,,,,,,29.8,83.3,2351.0,14.7,-42.1,-2.6,15.1,1.5,,,,,,,,,,,,,,,,,51.5,94.2,2160,-13.3,-18.0,12.8,18.9,1.2,29.8,83.3,2351,14.7,-42.1,-2.6,15.1,1.5,18.8,84.7,1531.0,-12.5,-33.9,4.3,13.5,True
"Bibee, Tanner",676440,2024,25,31,173.2,710,651,150,84,40,26.3,6.2,0.235,0.401,0.299,0.304,0.291,0.167,0.374,0.381,0.319,0.328,-0.005,0.005,-0.005,37.4,7.0,36.9,77.504108675,93.719329103,72.8,22.3,26.8,40.6,59.4,147,362,47.4,1351,82.4,7.6,512,1982,357,2851,77.7,244,1092,52.6,1500,44.5,1268,26.9,51.0,39.1,33.3,27.6,471,65.8,35.2,166,31.6,149,24.2,114,8.9,42,R,2851,51.2,43.4,94.6,2361.0,-4.2,-14.7,15.8,16.5,1.4,,,,,,,,,18.0,82.5,1992.0,-13.7,-28.6,11.5,18.0,1.4,6.1,80.5,2680.0,13.7,-48.9,-6.6,15.5,1.9,0.4,94.0,2081.0,-13.8,-22.0,8.9,16.7,1.4,25.8,86.4,2738.0,8.3,-32.8,3.8,9.7,1.7,,,,,,,,,,,,,,,,,6.5,82.9,2683.0,16.1,-40.1,-0.2,16.3,1.8,,,,,,,,,,,,,,,,,,,,,,,,,69.5,91.6,2500,0.4,-21.4,11.3,14.0,4.8,12.5,81.8,2682,14.9,-44.4,-3.3,15.9,2.3,18.0,82.5,1992.0,-13.7,-28.6,11.5,18.0,False
"Bieber, Shane",669456,2020,25,12,77.1,297,275,46,33,6,41.1,7.1,0.185,0.319,0.222,0.251,0.247,0.134,0.329,0.391,0.301,0.338,-0.018,-0.054,-0.029,26.1,7.4,43.1,78.051342838,94.655112703,64.2,22.2,34.7,64.2,35.8,163,254,59.2,733,68.8,5.2,105,664,469,1238,77.8,72,324,40.8,505,41.8,518,40.7,46.7,38.6,39.2,22.2,153,63.0,48.4,74,19.0,29,25.5,39,7.2,11,R,1238,43.8,37.9,94.1,2357.0,-8.9,-12.6,18.2,20.4,1.0,11.6,84.5,2551.0,1.3,-42.0,-4.1,4.5,1.3,8.5,88.7,1665.0,-15.9,-29.9,4.7,16.8,1.3,26.3,83.6,2352.0,9.0,-53.6,-14.3,17.0,1.2,,,,,,,,,15.8,89.2,2527.0,1.9,-24.9,9.0,9.6,1.3,,,,,,,,,,,,,,,,,,,,,,,,,,,,,,,,,,,,,,,,,,,,,,,,,53.6,92.7,2407,-5.7,-16.2,15.5,17.2,2.7,37.9,83.9,2413,6.7,-50.0,-11.2,13.2,1.3,8.5,88.7,1665.0,-15.9,-29.9,4.7,16.8,True
"Blanco, Ronel",669854,2024,30,30,167.1,676,599,114,63,26,24.6,10.1,0.224,0.398,0.276,0.311,0.305,0.174,0.315,0.369,0.26,0.309,-0.034,-0.044,-0.035,30.1,9.4,35.5,78.14814367,93.702377385,68.5,17.7,30.3,52.5,47.5,228,434,52.1,1432,80.6,6.9,608,1055,1088,2751,82.3,160,904,47.9,1319,43.7,1203,29.0,48.6,41.7,35.5,22.8,439,60.5,39.9,175,31.0,136,20.7,91,8.4,37,R,2751,46.5,38.3,93.4,2228.0,-7.3,-12.9,18.5,20.0,1.1,30.2,86.4,2091.0,2.2,-28.8,7.7,8.3,1.4,22.1,85.2,1485.0,-13.4,-32.5,5.3,14.8,1.4,9.4,80.1,2258.0,9.5,-44.3,-1.5,10.2,1.6,,,,,,,,,,,,,,,,,,,,,,,,,,,,,,,,,,,,,,,,,,,,,,,,,,,,,,,,,,,,,,,,,38.3,93.4,2228,-7.3,-12.9,18.5,20.0,1.1,39.5,84.9,2131,3.9,-32.5,5.5,8.7,3.3,22.1,85.2,1485.0,-13.4,-32.5,5.3,14.8,True
"Boyd, Matthew",571510,2020,29,12,60.1,271,241,67,33,17,22.1,8.1,0.258,0.478,0.378,0.348,0.331,0.22,0.453,0.41,0.366,0.341,0.02,0.074,0.03,37.0,10.9,37.0,75.498472609,93.758217268,69.9,17.7,30.8,47.5,52.5,87,183,54.7,594,66.2,6.5,187,572,327,1086,82.3,61,344,45.3,492,42.4,460,28.1,48.5,40.2,36.4,23.4,184,59.4,38.0,70,28.3,52,26.1,48,7.6,14,L,1086,29.5,50.3,91.7,2304.0,11.2,-18.3,14.2,18.2,1.1,22.7,79.3,2324.0,-3.4,-46.8,-3.5,5.6,1.4,17.2,79.1,1882.0,15.9,-37.0,6.7,17.5,1.3,7.5,74.1,2506.0,-12.9,-65.0,-14.6,19.5,1.7,2.4,90.5,2255.0,16.1,-22.7,10.8,19.5,1.6,,,,,,,,,,,,,,,,,,,,,,,,,,,,,,,,,,,,,,,,,,,,,,,,,,,,,,,,,52.7,91.7,2302,11.4,-18.5,14.0,18.2,1.2,30.1,78.0,2369,-5.7,-51.3,-6.2,9.0,2.8,17.2,79.1,1882.0,15.9,-37.0,6.7,17.5,True
"Bradish, Kyle",680694,2023,26,30,168.2,671,615,132,90,27,25.0,6.6,0.235,0.39,0.268,0.3,0.295,0.155,0.318,0.366,0.294,0.324,-0.02,-0.06,-0.032,33.3,6.9,42.0,80.023999375,94.268400156,64.3,13.4,27.7,54.6,45.4,202,370,50.6,1335,72.6,7.5,173,1184,1281,2639,86.6,112,838,49.4,1304,42.8,1130,26.0,45.8,29.8,43.6,26.7,450,57.7,49.1,221,22.4,101,25.8,116,2.7,12,R,2638,53.7,22.2,94.5,2383.0,2.9,-17.9,12.6,13.2,1.3,31.2,88.1,2650.0,12.5,-35.4,-0.1,12.8,1.4,6.6,90.8,1377.0,-12.5,-25.5,7.6,14.7,1.7,17.3,84.8,2615.0,5.5,-51.0,-12.8,14.1,1.5,22.7,94.6,2157.0,-11.0,-19.4,11.2,16.0,1.8,,,,,,,,,,,,,,,,,,,,,,,,,,,,,,,,,,,,,,,,,,,,,,,,,,,,,,,,,44.9,94.6,2269,-4.1,-18.6,11.9,14.6,1.6,48.6,86.9,2637,10.0,-41.0,-4.6,13.3,2.3,6.6,90.8,1377.0,-12.5,-25.5,7.6,14.7,True
"Bradley, Taj",671737,2026,25,22,126.2,533,475,104,65,22,26.5,9.9,0.228,0.382,0.298,0.307,0.309,0.154,0.358,0.372,0.31,0.325,-0.009,-0.009,-0.009,37.4,9.5,45.4,81.071541071,94.959232507,67.2,15.9,28.8,48.4,51.6,155,320,51.8,1111,77.3,8.0,439,1513,192,2144,84.1,110,694,48.2,1033,41.7,893,26.1,47.3,38.6,33.2,28.2,337,59.5,35.0,118,30.0,101,26.4,89,8.6,29,R,2144,56.1,46.4,97.0,2311.0,-5.5,-10.7,18.5,19.4,1.5,,,,,,,,,,,,,,,,,9.0,82.2,2408.0,4.0,-54.2,-13.5,14.3,1.8,,,,,,,,,24.2,89.8,2184.0,4.7,-29.5,4.4,7.0,1.5,20.5,91.4,1738.0,-10.7,-26.3,6.2,12.6,1.6,,,,,,,,,,,,,,,,,,,,,,,,,,,,,,,,,,,,,,,,,70.6,94.5,2267,-2.0,-17.1,13.6,15.1,4.2,9.0,82.2,2408,4.0,-54.2,-13.5,14.3,1.8,20.5,91.4,1738.0,-10.7,-26.3,6.2,12.6,False
"Brown, Hunter",686613,2024,25,31,170.0,712,645,156,120,16,25.1,8.4,0.223,0.338,0.296,0.286,0.295,0.115,0.355,0.339,0.333,0.31,0.019,0.019,0.01,28.0,4.5,30.3,74.687517768,92.855098176,66.1,18.7,27.3,40.0,60.0,161,402,50.9,1471,70.0,7.6,362,1968,559,2889,81.3,175,937,49.1,1418,42.2,1218,25.1,46.3,34.2,38.9,26.9,468,60.3,48.5,227,22.0,103,22.4,105,7.1,33,R,2889,57.4,35.0,96.0,2298.0,-5.1,-12.3,17.5,18.4,1.5,6.9,89.9,2163.0,3.5,-29.1,4.9,6.4,2.0,12.5,88.4,1463.0,-14.0,-26.3,8.8,16.7,1.5,12.5,82.9,2486.0,4.7,-55.5,-15.2,16.1,2.0,17.9,95.6,2150.0,-13.7,-16.6,13.5,19.3,1.3,15.2,92.4,2322.0,3.3,-21.7,10.3,11.2,1.6,,,,,,,,,,,,,,,,,,,,,,,,,,,,,,,,,,,,,,,,,,,,,,,,,68.1,95.1,2265,-5.5,-15.5,14.8,17.0,2.2,19.3,85.4,2368,4.3,-46.1,-8.1,12.7,4.2,12.5,88.4,1463.0,-14.0,-26.3,8.8,16.7,False
"Buehler, Walker",621111,2021,26,33,207.2,815,747,149,92,36,26.0,6.4,0.213,0.347,0.255,0.271,0.27,0.134,0.31,0.335,0.277,0.297,-0.014,-0.018,-0.016,29.2,6.8,37.1,76.924388075,93.913201664,67.2,17.6,30.3,47.0,53.0,219,466,48.9,1540,78.2,7.6,151,2147,854,3152,82.5,191,1084,51.1,1612,43.9,1385,26.5,49.2,35.4,40.6,24.0,545,65.4,46.2,252,25.1,137,21.8,119,6.8,37,R,3152,50.7,44.7,95.3,2472.0,-3.0,-12.0,18.0,18.4,1.2,0.0,80.9,2787.0,10.9,-56.7,-14.5,18.2,,4.8,91.5,1522.0,-13.0,-27.1,5.4,14.4,1.5,13.2,80.1,2861.0,10.7,-57.7,-14.8,18.4,1.4,7.4,95.3,2341.0,-13.3,-16.6,13.5,19.1,1.2,16.0,91.6,2615.0,6.0,-24.0,8.2,10.7,1.5,,,,,,,,,,,,,,,,,13.9,84.9,2801.0,14.2,-37.0,0.9,14.6,1.5,,,,,,,,,,,,,,,,,,,,,,,,,68.1,94.5,2492,-2.0,-15.3,15.2,16.6,2.2,27.1,82.6,2830,12.5,-47.1,-6.8,16.4,3.0,4.8,91.5,1522.0,-13.0,-27.1,5.4,14.4,False
"Bundy, Dylan",605164,2020,27,11,65.2,267,245,51,30,14,27.0,6.4,0.215,0.333,0.268,0.27,0.277,0.119,0.328,0.333,0.295,0.304,-0.007,0.01,-0.002,30.6,4.7,32.9,75.951830235,93.090558935,60.9,18.0,29.6,51.6,48.4,79,153,50.8,517,55.1,6.8,217,427,374,1018,82.0,55,305,49.2,501,45.4,462,29.3,45.0,39.9,38.7,21.4,173,56.9,42.8,74,22.0,38,24.9,43,10.4,18,R,1018,51.0,33.6,90.0,2424.0,-4.9,-14.8,19.0,19.7,1.5,25.0,79.9,2538.0,4.3,-43.7,-1.0,5.0,1.3,21.3,82.2,1620.0,-13.0,-32.0,8.4,15.7,1.3,11.7,73.5,2349.0,8.1,-63.9,-12.9,15.4,1.4,8.3,90.7,2348.0,-12.8,-17.4,15.9,20.4,1.3,,,,,,,,,,,,,,,,,,,,,,,,,,,,,,,,,,,,,,,,,,,,,,,,,,,,,,,,,41.9,90.1,2409,-6.5,-15.3,18.4,19.9,1.5,36.7,77.9,2478,5.5,-50.1,-4.8,8.4,3.5,21.3,82.2,1620.0,-13.0,-32.0,8.4,15.7,True
"Burke, Sean",680732,2026,26,23,128.2,525,473,105,66,22,27.4,7.4,0.227,0.367,0.293,0.294,0.297,0.14,0.362,0.364,0.317,0.326,-0.005,0.003,-0.001,35.1,7.8,36.6,78.872720854,93.70796753,65.4,17.0,32.3,42.9,57.1,146,340,50.4,1053,69.9,7.5,47,1265,778,2090,83.0,115,678,49.6,1037,42.6,891,25.6,48.7,39.0,38.4,22.5,333,64.2,35.7,119,29.7,99,25.5,85,9.0,30,R,2090,40.7,37.5,94.9,2583.0,-4.5,-11.8,18.7,19.4,1.8,16.7,86.7,2517.0,5.5,-32.5,3.7,7.1,1.7,2.2,86.0,1839.0,-13.4,-26.9,10.0,16.9,1.5,20.6,79.6,2451.0,4.8,-57.2,-13.8,14.9,1.9,14.7,94.7,2398.0,-13.0,-15.9,14.7,19.7,1.5,8.3,90.1,2638.0,3.6,-23.9,9.5,10.5,1.5,,,,,,,,,,,,,,,,,,,,,,,,,,,,,,,,,,,,,,,,,,,,,,,,,60.5,94.2,2546,-5.5,-14.4,16.5,18.3,2.5,37.2,82.8,2480,5.1,-46.2,-6.0,11.4,4.3,2.2,86.0,1839.0,-13.4,-26.9,10.0,16.9,False
"Burnes, Corbin",669203,2021,26,28,167.0,657,612,123,96,17,35.6,5.2,0.18,0.261,0.232,0.221,0.229,0.082,0.325,0.307,0.322,0.289,0.021,0.012,0.011,29.5,3.1,30.5,73.534577884,92.749467427,64.9,22.9,35.6,59.8,40.2,298,498,53.9,1397,75.1,6.7,247,1636,711,2594,77.5,178,777,46.1,1197,42.1,1093,37.3,49.2,37.6,38.6,23.8,383,62.4,50.1,192,22.2,85,21.9,84,5.7,22,R,2594,41.9,1.2,96.5,2628.0,-5.3,-14.8,14.4,15.4,1.4,9.3,87.9,2862.0,7.6,-35.4,-0.3,8.2,1.7,9.5,90.7,1872.0,-13.9,-25.9,7.3,16.1,1.2,18.1,81.2,2866.0,11.3,-49.3,-7.9,14.0,1.5,9.6,96.8,2549.0,-11.7,-17.2,12.0,17.0,1.4,52.3,95.2,2767.0,4.2,-18.7,11.2,12.2,1.3,,,,,,,,,,,,,,,,,0.1,82.6,2753.0,10.4,-41.3,-1.5,10.5,1.5,,,,,,,,,,,,,,,,,,,,,,,,,63.1,95.5,2731,1.6,-18.4,11.4,13.0,1.5,27.4,83.5,2865,10.0,-44.6,-5.3,12.1,3.9,9.5,90.7,1872.0,-13.9,-25.9,7.3,16.1,True
"Burns, Chase",695505,2026,23,21,118.2,477,430,87,55,17,28.7,9.0,0.207,0.343,0.275,0.278,0.281,0.136,0.339,0.346,0.295,0.305,-0.005,-0.001,-0.003,33.9,8.4,36.9,79.193893803,93.646587958,68.0,19.4,34.0,51.2,48.8,190,371,56.0,1090,73.1,6.7,104,1101,740,1945,80.6,113,581,44.0,855,39.3,764,31.8,48.9,37.3,35.6,27.1,295,58.5,37.6,111,29.2,86,23.4,69,9.8,29,R,1945,52.7,56.6,97.7,2622.0,-3.5,-10.1,18.7,19.1,1.4,38.0,90.2,2762.0,3.1,-33.1,0.4,4.0,1.8,5.3,90.0,1861.0,-15.2,-23.7,10.1,18.4,1.5,0.1,81.9,2717.0,0.8,-46.2,-5.5,5.5,,,,,,,,,,,,,,,,,,,,,,,,,,,,,,,,,,,,,,,,,,,,,,,,,,,,,,,,,,,,,,,,,,56.6,97.7,2622,-3.5,-10.1,18.7,19.1,1.4,38.0,90.2,2762,3.1,-33.1,0.4,4.0,1.8,5.3,90.0,1861.0,-15.2,-23.7,10.1,18.4,False
"Cameron, Noah",702070,2026,26,22,123.2,527,476,119,76,27,22.0,7.6,0.257,0.425,0.311,0.323,0.317,0.169,0.366,0.382,0.326,0.337,-0.007,-0.022,-0.012,39.7,8.7,38.3,78.233871111,94.210988273,68.3,16.1,29.1,46.0,54.0,144,313,52.5,1075,74.3,7.2,432,1037,576,2046,83.9,107,663,47.5,971,42.2,863,25.7,47.7,44.0,32.6,23.4,368,60.5,39.7,146,25.3,93,28.8,106,6.3,23,L,2045,52.2,26.3,92.5,2323.0,6.2,-15.0,17.0,18.2,1.4,10.8,85.1,2500.0,-2.8,-35.1,2.6,4.7,1.6,21.1,81.0,1640.0,12.7,-32.0,9.8,16.1,2.2,17.4,81.9,2302.0,-3.8,-50.0,-9.3,10.4,2.1,4.0,91.5,2263.0,12.5,-20.8,11.8,17.4,1.3,20.5,89.7,2352.0,-2.5,-24.8,9.0,9.5,1.6,,,,,,,,,,,,,,,,,,,,,,,,,,,,,,,,,,,,,,,,,,,,,,,,,50.7,91.3,2330,3.2,-19.4,13.3,14.6,2.1,28.2,83.2,2378,-3.4,-44.3,-4.8,8.2,2.6,21.1,81.0,1640.0,12.7,-32.0,9.8,16.1,False
"Canning, Griffin",656288,2024,28,32,171.2,739,656,174,112,28,17.6,8.9,0.257,0.448,0.341,0.338,0.328,0.191,0.378,0.374,0.325,0.317,0.008,0.011,0.003,32.4,8.6,41.9,80.443886517,94.700505891,70.2,14.4,29.3,45.8,54.2,205,448,53.3,1530,76.0,6.4,765,1107,997,2869,85.6,135,940,46.7,1339,43.1,1236,24.5,48.4,40.4,35.6,24.0,537,58.2,41.3,222,30.0,161,22.5,121,6.1,33,R,2869,45.2,37.3,93.4,2118.0,-8.1,-15.2,16.2,18.2,1.0,24.1,87.7,2672.0,-0.1,-36.7,-1.2,3.1,1.2,26.7,88.6,1770.0,-16.4,-30.6,4.3,17.2,1.0,10.7,80.5,2377.0,12.4,-48.4,-6.0,14.0,1.2,1.3,92.9,1975.0,-13.8,-18.8,13.0,19.0,1.4,,,,,,,,,,,,,,,,,,,,,,,,,,,,,,,,,,,,,,,,,,,,,,,,,,,,,,,,,38.6,93.4,2113,-8.3,-15.3,16.1,18.2,1.1,34.8,85.5,2582,3.7,-40.3,-2.7,6.5,3.9,26.7,88.6,1770.0,-16.4,-30.6,4.3,17.2,False
"Cantillo, Joey",676282,2026,26,24,118.2,516,454,118,78,23,25.0,10.9,0.233,0.375,0.336,0.309,0.319,0.143,0.404,0.362,0.361,0.324,0.027,0.044,0.027,31.9,8.2,39.2,76.982129565,93.862324627,62.3,20.9,29.1,48.9,51.1,155,317,52.9,1089,71.4,6.8,525,830,703,2058,79.1,126,604,47.1,969,41.0,844,30.5,44.8,41.0,34.3,24.6,329,55.4,45.3,149,28.0,92,20.4,67,6.4,21,L,2058,51.1,34.5,92.1,1871.0,6.6,-15.6,16.7,18.0,1.5,5.4,82.8,2325.0,-3.9,-45.8,-6.0,7.4,1.4,25.5,80.7,1446.0,9.4,-29.0,13.0,16.4,1.4,28.8,80.0,2672.0,-9.9,-60.5,-17.1,19.8,1.6,,,,,,,,,5.8,87.2,2021.0,-3.0,-29.1,6.7,7.9,1.2,,,,,,,,,,,,,,,,,,,,,,,,,,,,,,,,,,,,,,,,,,,,,,,,,40.3,91.4,1892,5.2,-17.6,15.2,16.6,2.4,34.2,80.4,2617,-8.9,-58.2,-15.4,17.9,1.9,25.5,80.7,1446.0,9.4,-29.0,13.0,16.4,False
"Carrasco, Carlos",471911,2020,33,12,68.0,280,249,55,36,11,29.3,9.6,0.221,0.367,0.292,0.3,0.304,0.146,0.364,0.377,0.327,0.332,0.0,-0.006,-0.008,35.5,8.3,34.9,76.917276386,93.634904277,69.1,20.4,30.2,58.6,41.4,102,174,52.3,576,73.7,6.9,299,435,367,1101,79.6,74,363,47.7,525,43.3,477,32.8,48.8,35.5,40.2,24.3,169,63.9,47.3,80,20.1,34,27.2,46,5.3,9,R,1101,35.6,34.7,93.7,2472.0,-8.8,-15.9,15.1,17.6,1.5,26.4,86.0,2798.0,3.8,-36.2,0.4,5.6,2.0,27.2,87.7,1319.0,-6.9,-33.4,1.8,7.5,1.5,6.9,83.5,2912.0,9.6,-45.8,-6.6,12.0,1.4,4.8,92.3,2357.0,-15.6,-24.1,7.9,17.6,1.4,,,,,,,,,,,,,,,,,,,,,,,,,,,,,,,,,,,,,,,,,,,,,,,,,,,,,,,,,39.5,93.5,2458,-9.6,-16.9,14.2,17.6,1.5,33.3,85.5,2822,5.0,-38.2,-1.1,6.9,2.2,27.2,87.7,1319.0,-6.9,-33.4,1.8,7.5,True
"Castillo, Luis",622491,2020,27,12,70.0,292,266,62,38,18,30.5,8.2,0.209,0.313,0.29,0.266,0.277,0.104,0.378,0.338,0.348,0.313,0.024,0.052,0.024,28.7,4.5,37.1,72.160531236,93.916524915,73.5,24.9,28.3,53.4,46.6,87,163,49.9,575,82.2,6.3,346,603,204,1153,75.1,106,425,50.1,578,42.2,487,32.8,51.0,42.1,32.6,25.3,178,61.3,58.4,104,15.2,27,23.6,42,2.8,5,R,1153,20.3,27.1,97.4,2181.0,-11.0,-16.5,12.4,16.6,0.9,17.7,86.8,2484.0,0.0,-35.8,0.4,1.9,1.3,30.0,88.2,1942.0,-16.5,-34.1,1.0,16.6,1.0,,,,,,,,,25.2,97.5,2100.0,-18.0,-24.6,4.2,18.5,0.9,,,,,,,,,,,,,,,,,,,,,,,,,,,,,,,,,,,,,,,,,,,,,,,,,,,,,,,,,52.3,97.4,2142,-14.4,-20.4,8.4,17.6,0.9,17.7,86.8,2484,0.0,-35.8,0.4,1.9,1.3,30.0,88.2,1942.0,-16.5,-34.1,1.0,16.6,False
"Cavalli, Cade",676917,2026,27,24,122.2,552,496,128,92,21,25.5,7.1,0.248,0.387,0.317,0.313,0.318,0.139,0.387,0.381,0.357,0.347,0.01,0.004,0.004,34.2,7.5,40.6,78.197107697,94.354881944,64.7,14.6,31.5,46.5,53.5,161,346,50.9,1097,75.1,8.6,168,1143,843,2155,85.4,100,684,49.1,1058,40.1,865,25.3,47.8,38.1,34.2,27.8,360,62.0,50.8,183,23.6,85,22.2,80,3.3,12,R,2154,36.2,33.8,96.8,2300.0,-6.0,-14.5,14.6,15.9,1.4,,,,,,,,,7.8,88.9,1951.0,-17.3,-30.1,4.6,18.1,1.5,26.9,85.8,2238.0,7.7,-48.1,-10.9,13.5,2.0,14.0,96.1,2149.0,-14.7,-21.8,7.7,16.8,1.4,5.3,93.5,2286.0,1.3,-22.6,8.3,8.7,2.0,,,,,,,,,,,,,,,,,12.2,86.0,2286.0,14.5,-45.1,-7.9,16.7,1.6,,,,,,,,,,,,,,,,,,,,,,,,,53.1,96.3,2258,-7.6,-17.3,12.2,15.4,1.8,39.1,85.9,2253,9.8,-47.2,-10.0,14.5,1.9,7.8,88.9,1951.0,-17.3,-30.1,4.6,18.1,False
"Cease, Dylan",656302,2021,25,32,165.2,708,623,139,94,22,31.9,9.6,0.206,0.368,0.295,0.295,0.293,0.163,0.383,0.384,0.344,0.323,0.017,-0.004,0.0,37.0,9.9,38.8,78.65144905,94.13969505,67.0,25.9,28.9,52.3,47.7,237,453,53.1,1569,72.6,6.8,213,1388,1356,2957,74.1,241,930,46.9,1388,40.0,1183,34.6,46.8,33.1,37.5,29.4,405,58.3,34.6,140,31.4,127,24.4,99,9.6,39,R,2957,54.0,46.9,96.6,2539.0,-4.5,-10.6,18.8,19.4,1.8,30.0,85.9,2878.0,6.9,-38.0,-1.1,7.6,1.7,7.2,78.0,1641.0,-7.3,-29.3,15.5,17.4,2.5,15.2,79.9,2754.0,5.3,-61.7,-18.3,19.2,2.1,0.8,96.5,2493.0,-7.8,-10.8,18.8,20.4,1.3,0.6,91.8,2658.0,3.0,-26.2,6.1,7.4,1.4,,,,,,,,,,,,,,,,,0.7,85.2,2917.0,8.4,-41.1,-3.5,9.3,1.7,,,,,,,,,,,,,,,,,,,,,,,,,46.9,96.6,2539,-4.5,-10.6,18.8,19.4,1.8,45.9,83.9,2837,6.4,-45.9,-6.8,11.5,3.7,7.2,78.0,1641.0,-7.3,-29.3,15.5,17.4,True
"Civale, Aaron",650644,2020,25,12,74.0,312,291,82,51,17,22.1,5.1,0.265,0.436,0.339,0.322,0.309,0.171,0.413,0.389,0.366,0.346,0.017,0.038,0.017,36.6,6.8,33.5,75.989788288,93.101253964,62.8,17.0,29.2,40.9,59.1,74,181,51.6,620,66.3,7.7,110,722,369,1201,83.0,62,365,48.4,581,46.0,552,24.9,45.5,34.4,40.2,25.4,224,63.1,45.1,101,23.7,53,26.3,59,4.9,11,R,1201,46.9,2.2,91.2,2346.0,-3.9,-16.4,16.2,16.8,1.3,9.5,82.3,2709.0,7.5,-42.0,-1.9,8.3,1.6,9.2,85.3,2028.0,-15.4,-28.7,8.7,17.8,1.4,21.2,75.6,2840.0,12.1,-63.9,-15.7,20.0,1.4,29.2,91.8,2270.0,-13.6,-20.6,11.7,18.0,1.1,28.7,87.4,2499.0,5.1,-26.6,8.8,10.5,1.2,,,,,,,,,,,,,,,,,,,,,,,,,,,,,,,,,,,,,,,,,,,,,,,,,60.1,89.7,2382,-4.3,-23.3,10.5,14.4,2.6,30.7,77.7,2799,10.7,-57.1,-11.4,16.4,3.6,9.2,85.3,2028.0,-15.4,-28.7,8.7,17.8,False
"Cole, Gerrit",543037,2020,29,12,73.0,288,269,53,25,14,32.6,5.9,0.198,0.381,0.279,0.273,0.251,0.183,0.383,0.375,0.303,0.306,-0.001,0.024,0.006,32.0,9.3,44.6,79.873113372,94.802339591,67.4,24.5,33.0,52.7,47.3,108,205,51.6,621,78.3,7.6,67,636,500,1203,75.5,96,392,48.4,582,43.1,518,34.2,49.6,40.0,34.9,25.1,175,63.5,37.7,66,30.3,53,25.1,44,6.9,12,R,1203,38.2,52.5,96.7,2505.0,-12.2,-11.5,17.9,21.7,1.4,24.4,88.7,2581.0,5.1,-31.0,3.5,6.8,1.6,5.6,88.3,1750.0,-15.5,-24.5,10.6,18.9,1.6,17.1,83.4,2803.0,9.5,-50.9,-11.3,14.9,1.7,0.2,96.0,2505.0,-16.3,-14.1,16.0,22.9,1.4,0.1,91.6,2512.0,1.9,-29.5,3.2,3.7,1.5,,,,,,,,,,,,,,,,,,,,,,,,,,,,,,,,,,,,,,,,,,,,,,,,,52.9,96.7,2505,-12.2,-11.6,17.9,21.7,1.4,41.6,86.5,2673,6.9,-39.2,-2.6,10.1,3.3,5.6,88.3,1750.0,-15.5,-24.5,10.6,18.9,True
"Corbin, Patrick",571578,2020,30,11,65.2,295,276,85,57,16,20.3,6.1,0.288,0.469,0.357,0.343,0.331,0.18,0.429,0.41,0.392,0.367,0.02,0.02,0.014,32.3,6.5,44.2,80.567643519,94.923821302,70.1,11.6,33.6,44.8,55.2,87,194,54.0,577,80.5,7.2,60,556,452,1068,88.4,40,344,46.0,491,43.0,459,23.6,50.4,36.9,34.6,28.6,217,64.1,46.1,100,20.7,45,25.8,56,7.4,16,L,1068,43.1,17.2,90.2,2158.0,8.0,-18.3,15.3,17.3,1.4,40.3,79.2,2241.0,-3.8,-42.8,0.9,4.4,2.3,5.6,77.7,1550.0,10.5,-33.9,11.3,15.7,2.2,2.1,65.0,1852.0,-3.1,-66.9,-1.8,4.7,1.5,34.8,90.1,2096.0,13.4,-21.2,12.5,18.5,1.7,19.2,85.7,2296.0,-2.1,-32.5,4.6,5.6,2.3,0.0,77.0,1133.0,11.1,-41.5,4.7,12.1,,,,,,,,,,,,,,,,,,,,,,,,,,,,,,,,,,,,,,,,,,52.1,90.1,2116,11.6,-20.3,13.4,18.1,1.6,42.3,78.5,2222,-3.7,-43.9,0.7,4.4,4.0,5.6,77.7,1550.0,10.5,-33.9,11.3,15.7,True
"Cortes, Nestor",641482,2024,29,31,174.1,710,661,162,94,44,22.8,5.5,0.233,0.407,0.307,0.298,0.279,0.174,0.372,0.36,0.322,0.308,0.012,0.014,0.009,35.0,7.9,43.6,79.122676225,94.470879177,73.1,20.1,27.4,35.4,64.6,137,387,49.6,1412,84.5,7.0,274,2098,477,2849,79.9,211,1050,50.4,1437,44.4,1265,24.2,50.4,36.2,37.8,25.9,505,58.9,31.9,161,32.1,162,24.0,121,12.1,61,L,2849,47.1,44.4,92.1,2309.0,4.9,-13.2,19.2,19.9,1.6,0.9,81.6,2434.0,-2.4,-46.6,-5.7,7.6,1.5,9.6,83.6,1406.0,13.8,-34.9,4.3,14.7,1.5,,,,,,,,,1.2,90.0,2239.0,12.4,-20.2,13.7,18.6,1.4,28.0,87.5,2411.0,-4.6,-26.9,8.6,10.1,2.0,,,,,,,,,,,,,,,,,15.8,78.0,2577.0,-15.0,-43.1,2.1,15.4,2.4,,,,,,,,,,,,,,,,,,,,,,,,,73.6,90.3,2346,1.4,-18.6,15.0,16.1,3.0,16.7,78.2,2569,-14.2,-43.3,1.6,14.9,2.5,9.6,83.6,1406.0,13.8,-34.9,4.3,14.7,False
"Crawford, Kutter",676710,2024,28,33,183.2,759,695,155,89,30,23.1,6.7,0.222,0.422,0.304,0.307,0.283,0.2,0.361,0.366,0.296,0.296,0.001,-0.003,-0.003,33.4,9.9,36.3,77.710617066,93.646279363,69.4,17.2,32.9,44.2,55.8,195,441,47.5,1341,72.2,7.3,242,1857,724,2823,82.8,177,1028,52.5,1482,45.7,1289,25.3,52.0,40.5,34.9,24.6,524,63.6,33.8,177,32.3,169,22.1,116,11.8,62,R,2823,47.7,33.7,92.6,2505.0,-7.6,-12.4,19.7,21.2,1.1,,,,,,,,,,,,,,,,,7.2,77.3,2198.0,7.9,-59.8,-13.7,16.0,1.4,,,,,,,,,32.1,87.5,2493.0,5.1,-26.9,8.6,10.2,1.2,8.6,82.4,1102.0,-7.1,-31.7,8.8,12.4,1.2,,,,,,,,,18.5,80.8,2271.0,12.8,-40.3,1.7,13.4,1.2,,,,,,,,,,,,,,,,,,,,,,,,,65.8,90.1,2499,-1.4,-19.5,14.3,15.8,3.1,25.6,79.8,2251,11.4,-45.8,-2.6,14.1,2.1,8.6,82.4,1102.0,-7.1,-31.7,8.8,12.4,False
"Crochet, Garrett",676979,2025,26,32,205.1,814,762,165,111,28,31.3,5.7,0.21,0.347,0.27,0.266,0.258,0.137,0.364,0.358,0.325,0.316,0.007,0.006,0.004,32.2,7.3,37.3,75.538655219,93.9771349,69.1,20.6,32.6,49.9,50.1,244,489,47.6,1499,77.5,8.6,135,2511,504,3151,79.3,235,1142,52.4,1652,44.5,1402,29.4,51.8,43.0,33.8,23.2,509,63.8,49.3,251,23.0,117,20.8,106,6.9,35,L,3150,35.0,35.9,96.4,2459.0,8.0,-13.6,16.0,18.0,1.3,,,,,,,,,4.3,87.7,1711.0,12.0,-29.3,6.4,14.1,1.8,,,,,,,,,16.0,96.0,2403.0,16.2,-21.6,8.2,18.3,1.4,27.7,90.9,2598.0,-3.7,-26.8,6.2,7.8,1.9,0.0,93.1,1098.0,18.0,-20.9,11.0,21.1,,,,,,,,,,16.0,82.8,2378.0,-13.8,-43.1,-3.0,14.3,1.5,,,,,,,,,,,,,,,,,,,,,,,,,79.7,94.4,2496,5.6,-19.8,11.0,14.5,3.3,16.0,82.8,2378,-13.8,-43.1,-3.0,14.3,1.5,4.3,87.7,1707.0,12.0,-29.2,6.4,14.2,True
"Cueto, Johnny",456501,2020,34,12,63.1,277,246,61,38,12,20.2,9.4,0.26,0.416,0.324,0.336,0.34,0.156,0.361,0.379,0.318,0.339,-0.012,0.007,-0.012,34.4,5.8,33.9,77.153333789,93.34431836,68.3,14.6,25.9,31.7,68.3,51,161,54.3,622,72.6,6.4,308,497,340,1145,85.4,52,357,45.7,523,43.0,492,19.9,45.2,48.4,31.3,20.3,192,55.6,42.7,82,24.0,46,28.6,55,4.7,9,R,1145,32.6,33.0,91.4,2222.0,-10.7,-17.9,14.8,18.4,1.5,9.9,84.8,2231.0,1.0,-30.3,7.4,8.0,1.9,26.9,82.5,1333.0,-11.2,-35.5,4.6,12.5,1.9,19.8,80.5,2335.0,3.4,-42.0,-0.1,4.2,2.4,10.4,90.9,2123.0,-16.5,-23.5,9.6,19.1,1.5,,,,,,,,,,,,,,,,,,,,,,,,,,,,,,,,,,,,,,,,,,,,,,,,,,,,,,,,,43.4,91.3,2198,-12.1,-19.2,13.5,18.6,1.5,29.7,81.9,2300,2.6,-38.1,2.4,5.4,3.2,26.9,82.5,1333.0,-11.2,-35.5,4.6,12.5,True
"Darvish, Yu",506433,2020,33,12,76.0,297,280,59,40,12,31.3,4.7,0.227,0.346,0.25,0.269,0.269,0.118,0.338,0.369,0.316,0.341,-0.016,-0.025,-0.019,36.9,6.5,34.2,78.651437283,93.49421,65.7,22.4,30.3,57.6,42.4,91,158,45.2,521,79.0,8.7,103,325,725,1153,77.6,93,415,54.8,632,42.0,484,32.1,49.7,40.1,35.8,24.1,187,63.3,43.9,82,18.2,34,29.4,55,8.6,16,R,1153,44.8,15.1,95.9,2582.0,-6.1,-11.4,18.3,19.4,1.4,36.2,86.1,2792.0,5.6,-37.9,-1.4,6.3,2.4,,,,,,,,,11.7,77.3,2719.0,9.9,-59.4,-13.0,16.5,3.9,8.7,95.2,2492.0,-14.0,-17.6,12.5,18.9,1.6,4.4,92.7,2677.0,1.3,-18.2,13.4,13.7,1.4,8.9,90.2,1638.0,-7.2,-26.0,7.4,11.3,1.9,,,,,,,,,15.0,82.0,2791.0,15.0,-42.6,-2.0,15.5,2.3,,,,,,,,,,,,,,,,,,,,,,,,,28.2,95.2,2569,-7.4,-14.4,15.8,18.3,1.9,62.9,83.5,2778,8.6,-43.0,-3.7,10.4,4.8,8.9,90.2,1638.0,-7.2,-26.0,7.4,11.3,True
"Davies, Zach",605200,2020,27,12,69.1,276,255,55,37,8,22.8,6.9,0.268,0.475,0.273,0.344,0.32,0.207,0.321,0.421,0.285,0.358,-0.052,-0.114,-0.071,36.1,10.4,36.6,76.024619043,93.652096862,62.4,17.1,26.4,40.0,60.0,64,160,57.4,606,71.4,4.6,436,589,30,1055,82.9,48,280,42.6,449,46.0,485,25.5,41.7,37.6,38.7,23.7,194,56.2,43.3,84,24.7,48,23.7,46,8.2,16,R,1055,38.8,4.5,88.7,2037.0,-15.0,-21.4,13.5,20.3,1.3,,,,,,,,,41.3,79.4,1728.0,-14.4,-35.2,8.2,16.7,1.0,2.8,74.5,2509.0,9.6,-60.8,-11.4,15.1,1.3,37.4,88.4,2053.0,-14.4,-22.5,12.5,19.3,1.3,13.9,86.9,2184.0,-5.2,-22.4,13.7,14.8,1.1,,,,,,,,,,,,,,,,,,,,,,,,,,,,,,,,,,,,,,,,,,,,,,,,,55.8,88.1,2085,-12.2,-22.4,12.9,18.2,1.4,2.8,74.5,2509,9.6,-60.8,-11.4,15.1,1.3,41.3,79.4,1728.0,-14.4,-35.2,8.2,16.7,False
"DeSclafani, Anthony",543101,2021,31,31,167.2,676,626,141,98,22,22.5,6.2,0.237,0.416,0.276,0.305,0.288,0.178,0.326,0.368,0.297,0.314,-0.012,-0.058,-0.029,32.7,8.1,38.8,77.778434661,94.264522633,68.6,16.2,27.7,45.6,54.7,156,342,48.2,1233,77.0,8.5,268,1168,1122,2558,83.8,147,909,51.8,1325,41.8,1068,24.2,48.9,33.8,39.8,26.5,480,67.0,45.0,216,25.8,124,22.5,108,6.7,32,R,2558,40.7,27.1,94.1,2265.0,-9.6,-14.6,16.3,19.0,1.3,35.7,88.0,2198.0,4.1,-30.5,4.6,6.8,1.8,10.5,88.2,1582.0,-15.7,-30.1,4.9,16.6,1.3,8.2,83.0,1966.0,6.3,-45.9,-6.1,9.1,1.7,18.6,94.0,2090.0,-15.6,-19.7,11.2,19.2,1.2,,,,,,,,,,,,,,,,,,,,,,,,,,,,,,,,,,,,,,,,,,,,,,,,,,,,,,,,,45.7,94.0,2194,-12.0,-16.7,14.2,19.1,1.2,43.9,87.0,2154,4.5,-33.3,2.6,7.2,2.8,10.5,88.2,1582.0,-15.7,-30.1,4.9,16.6,False
"Detmers, Reid",672282,2026,26,23,129.0,530,478,103,63,21,28.3,7.4,0.221,0.376,0.285,0.291,0.283,0.155,0.36,0.368,0.307,0.318,-0.006,-0.002,-0.006,33.0,8.7,38.7,80.124568263,94.37061045,66.3,18.1,32.0,50.7,49.3,174,343,50.4,1073,70.7,7.8,211,992,926,2130,81.7,127,701,49.6,1057,42.0,895,28.8,49.0,35.7,39.6,24.7,336,65.5,35.7,120,31.0,104,24.4,82,8.9,30,L,2129,41.3,45.2,94.1,2149.0,9.4,-14.1,17.0,19.5,1.2,32.3,86.1,2450.0,-3.6,-40.7,-3.7,5.7,1.5,9.9,83.6,1639.0,12.3,-28.6,10.7,16.7,1.8,11.2,72.3,2518.0,-11.7,-67.9,-14.7,18.9,1.4,1.4,93.5,2095.0,14.9,-17.7,13.7,20.3,1.4,,,,,,,,,,,,,,,,,,,,,,,,,,,,,,,,,,,,,,,,,,,,,,,,,,,,,,,,,46.6,94.0,2147,9.5,-14.2,16.9,19.6,1.2,43.5,82.5,2467,-5.7,-47.7,-6.5,9.1,6.9,9.9,83.6,1639.0,12.3,-28.6,10.7,16.7,False
"Dunning, Dane",641540,2023,28,35,172.2,722,652,163,113,27,19.4,7.6,0.258,0.418,0.31,0.325,0.324,0.16,0.344,0.366,0.315,0.327,-0.008,-0.025,-0.015,32.5,7.5,40.2,77.759256899,94.06919,66.1,14.3,27.8,41.4,58.6,155,374,49.9,1344,78.9,7.9,418,1523,755,2696,85.7,128,894,50.1,1352,43.3,1168,22.3,47.0,41.8,37.1,21.1,517,63.0,47.2,244,24.2,125,22.4,116,6.2,32,R,2696,37.6,2.4,90.6,2169.0,-5.8,-20.7,12.6,14.1,1.3,23.3,82.1,2361.0,3.0,-42.0,-1.4,4.0,1.7,15.5,85.7,1775.0,-16.9,-32.4,5.0,17.8,1.2,4.7,77.7,2173.0,10.5,-60.6,-14.7,18.3,1.6,34.0,90.9,2054.0,-13.9,-25.4,7.8,16.2,1.2,20.1,88.9,2191.0,1.1,-24.4,10.0,10.3,1.4,,,,,,,,,,,,,,,,,,,,,,,,,,,,,,,,,,,,,,,,,,,,,,,,,56.5,90.2,2107,-8.2,-24.9,8.8,14.0,1.7,28.0,81.4,2329,4.2,-45.1,-3.6,6.4,2.5,15.5,85.7,1775.0,-16.9,-32.4,5.0,17.8,True
"Eflin, Zach",621107,2023,29,31,177.2,703,671,158,104,31,26.5,3.4,0.217,0.382,0.276,0.27,0.248,0.165,0.358,0.351,0.324,0.301,0.018,-0.003,0.006,29.2,9.0,35.1,75.557414813,93.73501605,64.4,16.9,34.1,39.0,61.0,164,421,48.0,1236,76.3,6.9,131,1654,792,2577,83.1,146,864,52.0,1341,46.3,1194,24.1,49.9,42.2,35.9,21.8,490,65.7,50.4,247,22.0,108,20.2,99,7.3,36,R,2577,32.7,5.8,93.1,2229.0,-7.6,-17.4,14.3,16.3,1.2,0.3,84.1,2292.0,5.8,-38.2,0.7,6.1,1.5,5.1,86.4,1615.0,-15.8,-32.0,4.7,16.7,1.7,26.3,79.1,2503.0,11.5,-51.4,-7.4,13.9,1.5,32.3,92.2,2099.0,-16.6,-26.3,6.0,17.9,1.2,26.1,88.5,2236.0,2.4,-26.3,8.5,9.2,1.5,,,,,,,,,,,,,,,,,4.1,79.7,2477.0,16.6,-43.0,0.5,16.9,1.4,,,,,,,,,,,,,,,,,,,,,,,,,64.2,90.8,2166,-8.1,-25.5,7.8,14.2,2.5,30.7,79.2,2497,12.1,-50.1,-6.3,14.3,1.6,5.1,86.4,1615.0,-15.8,-32.0,4.7,16.7,True
"Elder, Bryce",693821,2023,24,31,174.2,732,654,160,106,32,17.5,8.6,0.258,0.414,0.309,0.327,0.33,0.156,0.332,0.356,0.301,0.32,-0.013,-0.024,-0.018,32.0,6.0,41.0,79.502454545,94.398947273,66.9,13.6,28.7,43.4,56.6,192,442,54.1,1540,76.4,6.8,399,1442,1008,2849,86.4,119,876,45.9,1309,42.7,1216,23.6,46.3,43.0,35.0,22.0,532,63.1,50.6,269,21.1,112,23.7,126,4.7,25,R,2849,52.9,12.6,90.8,2132.0,-3.8,-17.8,15.2,15.8,1.0,35.4,82.7,2413.0,-0.1,-41.6,-1.7,3.1,1.4,14.0,85.1,2068.0,-11.2,-34.1,3.4,12.0,1.4,,,,,,,,,38.0,89.5,1970.0,-13.1,-25.8,8.4,15.8,1.1,15.5,88.6,2206.0,1.7,-23.9,10.6,10.9,1.2,,,,,,,,,,,,,,,,,,,,,,,,,,,,,,,,,,,,,,,,,,,,,,,,,50.6,89.8,2010,-10.8,-23.8,10.1,15.8,1.3,35.4,82.7,2413,-0.1,-41.6,-1.7,3.1,1.4,14.0,85.1,2068.0,-11.2,-34.1,3.4,12.0,False
"Eovaldi, Nathan",543135,2021,31,32,182.1,764,719,182,109,54,25.5,4.6,0.235,0.372,0.298,0.285,0.278,0.137,0.379,0.359,0.346,0.323,0.018,0.03,0.013,37.0,6.3,36.4,76.964025856,93.6398384,69.0,18.2,30.4,47.4,52.6,190,401,45.1,1319,75.7,8.2,370,1606,951,2927,81.8,202,1110,54.9,1608,44.0,1287,25.9,51.6,31.5,38.0,30.6,527,65.3,42.7,225,23.1,122,25.6,135,8.5,45,R,2927,36.8,42.3,96.8,2113.0,-12.2,-14.9,14.4,18.9,1.4,13.7,85.8,2156.0,6.0,-35.1,2.0,6.8,1.7,,,,,,,,,18.8,78.5,2086.0,9.9,-55.0,-10.5,14.6,1.6,0.4,95.5,2121.0,-15.8,-21.8,8.4,18.0,1.4,12.6,92.5,2275.0,0.5,-20.3,11.6,11.8,1.6,12.6,87.9,1538.0,-11.1,-33.6,1.6,11.4,1.8,,,,,,,,,,,,,,,,,,,,,,,,,,,,,,,,,,,,,,,,,54.9,95.8,2150,-9.3,-16.1,13.7,17.3,2.5,32.5,81.6,2116,8.3,-46.6,-5.2,11.3,4.3,12.6,87.9,1538.0,-11.1,-33.6,1.6,11.4,True
"Fedde, Erick",607200,2024,31,31,177.1,726,661,154,100,30,21.2,7.2,0.242,0.403,0.293,0.309,0.301,0.162,0.337,0.359,0.3,0.313,-0.009,-0.022,-0.016,32.4,7.6,37.7,77.502500545,93.941632164,68.4,15.3,24.4,37.8,62.2,139,368,52.1,1506,82.1,6.7,474,1834,583,2891,84.7,145,948,47.9,1385,44.2,1278,21.6,45.5,35.5,37.5,27.0,515,64.7,41.7,215,27.4,141,22.3,115,8.5,44,R,2891,37.3,0.7,93.3,2076.0,-3.2,-19.5,11.8,12.5,1.2,,,,,,,,,16.4,87.7,1730.0,-10.9,-31.8,3.6,11.9,1.3,,,,,,,,,30.5,93.0,1987.0,-9.1,-22.3,9.3,13.3,1.0,32.3,89.9,2150.0,2.8,-26.5,7.1,7.8,1.1,,,,,,,,,,,,,,,,,20.2,83.5,2356.0,11.7,-34.4,4.8,13.1,1.3,,,,,,,,,,,,,,,,,,,,,,,,,63.4,91.4,2071,-3.0,-24.4,8.2,10.5,2.0,20.2,83.5,2356,11.7,-34.4,4.8,13.1,1.3,16.4,87.7,1730.0,-10.9,-31.8,3.6,11.9,True
"Feltner, Ryan",663372,2024,27,30,162.1,692,628,165,116,27,19.9,7.5,0.254,0.423,0.32,0.326,0.318,0.169,0.365,0.373,0.334,0.325,0.009,-0.015,-0.006,33.1,6.5,36.8,76.695048857,93.803345297,68.0,17.5,25.7,42.8,57.2,133,311,46.9,1210,80.9,7.7,379,1281,917,2578,82.5,163,930,53.1,1368,44.3,1141,23.9,48.1,40.0,36.4,23.6,495,62.6,44.4,220,25.7,127,24.8,123,5.1,25,R,2577,42.0,36.0,94.6,2354.0,-5.3,-16.9,13.4,14.5,1.4,20.5,88.6,2461.0,4.1,-29.5,4.9,6.8,1.5,14.7,85.2,1590.0,-5.5,-32.3,5.0,7.7,1.4,10.1,79.2,2662.0,9.4,-51.8,-8.4,12.9,1.3,13.7,94.2,2264.0,-12.7,-22.3,8.5,15.5,1.3,,,,,,,,,,,,,,,,,,,,,,,,,5.0,82.7,2453.0,11.7,-38.1,1.7,12.4,1.6,,,,,,,,,,,,,,,,,,,,,,,,,49.7,94.5,2329,-7.3,-18.4,12.0,14.8,1.4,35.6,85.1,2517,6.7,-37.0,0.7,9.3,4.9,14.7,85.2,1590.0,-5.5,-32.3,5.0,7.7,False
"Flaherty, Jack",656427,2024,28,28,162.0,649,605,135,88,18,29.9,5.9,0.232,0.389,0.288,0.296,0.283,0.157,0.382,0.398,0.328,0.345,-0.009,-0.001,-0.008,36.1,8.0,35.9,77.445862362,93.776478992,65.0,21.1,30.6,51.8,48.2,221,427,54.3,1394,78.8,6.4,70,1193,1306,2646,78.9,161,764,45.7,1175,44.2,1136,32.1,46.2,41.9,34.9,23.2,413,61.2,40.2,166,26.9,111,27.1,112,5.8,24,R,2569,28.3,44.2,93.3,2258.0,-4.2,-15.9,15.4,16.1,1.7,29.0,84.7,2469.0,6.7,-35.9,2.1,7.4,1.4,2.7,85.7,1610.0,-12.1,-32.1,5.0,13.4,1.8,21.8,77.4,2440.0,13.3,-54.5,-8.6,15.9,1.6,2.3,90.3,2081.0,-10.9,-25.1,8.3,14.1,1.8,,,,,,,,,,,,,,,,,,,,,,,,,,,,,,,,,,,,,,,,,,,,,,,,,,,,,,,,,46.4,93.2,2249,-4.5,-16.4,15.1,16.0,1.9,50.8,81.6,2456,9.5,-43.9,-2.5,11.0,4.4,2.7,85.7,1610.0,-12.1,-32.1,5.0,13.4,False
"Flexen, Chris",623167,2021,26,31,179.2,741,690,185,127,34,16.9,5.4,0.258,0.433,0.311,0.319,0.301,0.175,0.349,0.36,0.323,0.314,0.01,-0.019,-0.008,33.9,6.3,38.1,79.435135442,94.030639187,71.7,14.1,28.6,32.0,68.0,131,410,50.9,1432,81.6,7.3,431,1950,430,2811,85.9,139,989,49.1,1379,43.4,1221,19.3,49.8,35.8,36.7,27.4,572,63.4,43.0,246,28.1,161,24.1,138,4.7,27,R,2811,67.2,40.0,92.7,2107.0,-2.0,-13.5,18.4,18.6,1.4,1.2,77.5,2673.0,8.6,-57.7,-12.0,15.1,1.3,15.3,82.7,1326.0,-12.2,-30.2,9.6,15.7,1.4,14.1,77.2,2711.0,7.8,-59.2,-13.0,15.5,1.9,0.1,94.4,2069.0,-5.6,-13.0,17.8,18.6,1.5,29.3,89.1,2299.0,5.0,-27.0,7.4,9.1,1.5,,,,,,,,,,,,,,,,,,,,,,,,,,,,,,,,,,,,,,,,,,,,,,,,,69.4,91.2,2188,0.9,-19.2,13.7,14.6,2.5,15.3,77.2,2708,7.9,-59.1,-13.0,15.5,1.8,15.3,82.7,1326.0,-12.2,-30.2,9.6,15.7,False
"Freeland, Kyle",607536,2020,27,13,70.2,304,277,77,52,16,15.1,7.6,0.283,0.435,0.335,0.343,0.345,0.152,0.36,0.371,0.332,0.34,-0.005,-0.002,-0.008,31.9,5.6,35.8,75.81297469,93.455217035,65.4,11.1,30.6,36.3,63.7,70,193,56.0,630,80.0,6.2,274,638,212,1124,88.9,36,323,44.0,494,47.0,528,20.5,45.9,44.8,36.6,18.5,232,56.3,52.2,121,17.2,40,26.7,62,3.9,9,L,1124,30.0,21.0,92.2,2448.0,7.2,-17.9,14.0,15.9,1.3,,,,,,,,,24.4,86.0,1375.0,11.0,-31.7,4.9,12.3,1.4,18.9,80.3,2444.0,-4.1,-49.5,-7.5,8.8,1.7,12.2,91.4,2388.0,14.5,-25.9,6.8,16.1,1.8,23.6,86.2,2474.0,-1.9,-31.9,4.5,5.1,1.9,,,,,,,,,,,,,,,,,12.9,83.6,2333.0,-9.6,-42.5,-3.2,10.5,1.4,,,,,,,,,,,,,,,,,,,,,,,,,56.8,89.5,2446,5.0,-25.4,8.5,11.5,3.6,18.9,80.3,2444,-4.1,-49.5,-7.5,8.8,1.7,24.4,86.0,1375.0,11.0,-31.7,4.9,12.3,False
"Fried, Max",608331,2021,27,28,165.2,667,612,139,94,28,23.7,6.1,0.23,0.363,0.278,0.287,0.285,0.134,0.33,0.344,0.304,0.309,-0.003,-0.01,-0.009,31.2,6.3,34.3,74.686843214,93.192413445,68.9,16.2,27.2,48.8,51.2,162,332,47.7,1221,77.1,8.0,55,1270,1233,2558,83.8,149,921,52.3,1337,43.8,1121,24.8,49.0,37.5,37.7,24.7,461,64.6,53.8,248,20.6,95,20.6,95,5.0,23,L,2558,54.4,38.2,94.0,2115.0,1.4,-18.1,12.7,13.0,1.8,21.5,85.0,2470.0,-8.4,-37.2,0.7,9.6,2.9,2.2,84.7,1411.0,11.8,-32.5,5.5,13.6,1.8,25.6,74.4,2650.0,-8.3,-65.3,-15.4,17.6,2.2,11.4,93.5,1997.0,10.5,-20.8,10.5,15.1,1.8,0.1,87.7,2373.0,-9.0,-36.2,-0.3,9.1,1.4,,,,,,,,,,,,,,,,,1.1,83.0,2487.0,-13.7,-39.7,0.1,14.2,1.6,,,,,,,,,,,,,,,,,,,,,,,,,49.6,93.9,2088,3.5,-18.7,12.2,13.5,1.8,48.2,79.4,2566,-8.4,-52.2,-7.9,14.0,6.4,2.2,84.7,1411.0,11.8,-32.5,5.5,13.6,True
"Gallen, Zac",668678,2020,24,12,72.0,291,262,55,40,6,28.2,8.6,0.225,0.369,0.275,0.295,0.298,0.144,0.336,0.37,0.306,0.329,-0.015,-0.033,-0.02,33.7,7.3,32.6,75.761361573,93.139621469,60.3,19.4,29.4,48.3,51.7,87,180,54.9,613,69.2,4.7,212,656,249,1117,80.6,59,304,45.1,504,48.5,542,30.2,43.3,45.3,31.5,23.2,181,64.9,47.0,85,21.0,38,24.3,44,7.7,14,R,1117,43.4,39.0,93.2,2378.0,-3.6,-14.0,17.7,18.2,1.4,6.2,83.2,2399.0,7.8,-40.9,-1.3,8.5,1.9,19.0,84.9,1530.0,-13.3,-34.7,3.4,13.9,1.6,16.1,81.2,2432.0,6.3,-50.9,-9.3,11.4,1.3,0.2,92.9,2192.0,-13.8,-16.4,15.7,20.9,1.5,19.5,88.2,2333.0,6.1,-30.3,4.8,8.3,1.3,,,,,,,,,,,,,,,,,,,,,,,,,,,,,,,,,,,,,,,,,,,,,,,,,58.7,91.6,2363,-0.4,-19.4,13.4,14.9,3.0,22.3,81.8,2423,6.7,-48.1,-7.1,10.6,1.8,19.0,84.9,1530.0,-13.3,-34.7,3.4,13.9,False
"Gausman, Kevin",592332,2021,30,33,192.0,775,715,150,97,29,29.3,6.5,0.228,0.388,0.265,0.291,0.281,0.16,0.341,0.383,0.305,0.333,-0.018,-0.043,-0.026,30.6,7.1,40.9,77.914911777,94.447687867,71.3,22.4,32.9,51.3,48.7,250,487,49.3,1481,82.2,8.8,1233,1583,186,3002,77.6,243,1085,50.7,1521,43.6,1308,31.4,52.4,34.6,35.6,29.8,494,63.6,42.7,211,28.1,139,23.3,115,5.9,29,R,3002,41.3,52.6,94.6,2283.0,-10.4,-14.2,16.4,19.5,1.7,6.2,82.0,2197.0,1.9,-39.2,1.5,3.5,1.9,5.6,83.8,1641.0,-11.2,-27.2,11.7,16.5,1.8,,,,,,,,,0.2,94.7,2206.0,-13.4,-16.7,13.9,19.3,1.4,,,,,,,,,35.5,83.6,1527.0,-12.4,-37.0,2.2,13.0,1.7,,,,,,,,,0.6,77.6,2237.0,11.8,-38.2,7.4,15.0,1.7,,,,,,,,,,,,,,,,,,,,,,,,,52.7,94.6,2283,-10.4,-14.2,16.4,19.5,1.7,6.2,82.0,2197,1.9,-39.2,1.5,3.5,1.9,41.1,83.6,1542.0,-12.3,-35.7,3.5,13.5,False
"Gibson, Kyle",502043,2020,32,12,67.1,301,265,73,50,9,19.3,10.0,0.283,0.452,0.356,0.36,0.369,0.168,0.397,0.403,0.353,0.363,-0.008,0.008,-0.004,33.3,7.3,39.6,76.836915825,93.881787171,61.7,10.8,26.9,43.8,56.2,78,178,58.0,661,67.4,4.0,203,568,368,1139,89.2,32,295,42.0,478,42.8,487,23.3,41.5,43.0,38.6,18.4,207,65.1,51.7,107,17.4,36,27.5,57,3.4,7,R,1139,46.8,13.9,92.4,2261.0,-5.7,-15.8,16.2,17.2,1.2,24.6,82.9,2475.0,5.4,-40.5,-0.7,6.1,1.2,17.8,84.4,1652.0,-14.8,-31.6,6.8,16.3,1.2,7.7,78.7,2418.0,6.3,-52.6,-8.7,10.8,1.3,35.6,92.2,2130.0,-13.9,-19.6,12.5,18.9,1.2,0.4,87.6,2688.0,4.8,-29.6,5.7,7.6,1.4,,,,,,,,,,,,,,,,,1.6,83.1,2499.0,6.4,-41.8,-2.0,7.3,1.6,,,,,,,,,,,,,,,,,,,,,,,,,49.9,92.2,2171,-11.5,-18.6,13.5,18.3,1.3,32.3,81.9,2462,5.6,-43.4,-2.6,7.2,2.3,17.8,84.4,1652.0,-14.8,-31.6,6.8,16.3,True
"Gilbert, Logan",669302,2022,25,32,185.2,766,702,170,107,41,22.7,6.4,0.253,0.421,0.299,0.318,0.308,0.169,0.357,0.384,0.319,0.337,-0.011,-0.031,-0.019,37.6,7.1,45.6,80.915132121,95.054543814,73.1,19.8,25.8,37.6,62.4,141,375,48.2,1452,82.5,8.7,241,1667,1107,3015,80.2,226,1143,51.8,1563,41.7,1258,24.2,50.3,37.6,35.9,26.4,537,63.7,37.8,203,26.4,142,28.9,155,6.9,37,R,3015,49.5,53.5,96.1,2136.0,-6.4,-11.9,17.8,19.0,1.3,24.2,86.9,2289.0,6.1,-31.6,4.4,8.1,1.9,8.0,86.2,1752.0,-15.3,-28.3,8.5,17.7,1.8,12.5,80.8,2117.0,4.2,-50.1,-8.3,9.6,1.6,1.8,94.8,1979.0,-12.5,-17.1,13.2,18.5,1.3,10.5,92.3,2247.0,2.9,-20.0,11.9,12.6,1.4,14.8,85.6,906.0,-7.3,-33.2,4.0,9.1,1.5,,,,,,,,,11.8,83.2,2283.0,13.5,-43.6,-3.9,14.3,1.7,,,,,,,,,,,,,,,,,,,,,,,,,55.3,96.1,2131,-6.6,-12.0,17.6,19.0,1.3,36.7,84.8,2231,5.5,-37.9,0.1,8.6,3.7,8.0,86.2,1752.0,-15.3,-28.3,8.5,17.7,False
"Giolito, Lucas",608337,2020,25,12,72.1,288,255,47,31,8,33.7,9.7,0.196,0.322,0.257,0.27,0.279,0.126,0.33,0.353,0.292,0.313,-0.012,-0.012,-0.013,33.5,5.6,35.4,75.1833505,93.575196101,73.1,28.4,28.3,57.6,42.4,99,172,50.1,608,87.3,8.4,409,614,191,1214,71.6,126,443,49.9,606,40.7,494,36.6,50.7,41.6,31.7,26.7,161,59.4,44.1,71,26.7,43,21.7,35,7.5,12,R,1214,57.8,50.6,94.0,2349.0,-7.1,-12.5,18.5,20.0,1.4,14.7,84.9,2095.0,3.5,-34.2,3.5,5.5,1.7,33.7,80.9,1410.0,-8.8,-28.9,12.8,15.9,1.4,1.0,77.3,2493.0,5.0,-61.1,-14.8,15.8,1.6,0.1,94.1,2312.0,-4.3,-12.7,18.2,18.7,1.5,,,,,,,,,,,,,,,,,,,,,,,,,,,,,,,,,,,,,,,,,,,,,,,,,,,,,,,,,50.6,94.0,2349,-7.1,-12.5,18.5,20.0,1.4,15.7,84.4,2120,3.6,-35.9,2.3,6.2,2.5,33.7,80.9,1410.0,-8.8,-28.9,12.8,15.9,True
"Gomber, Austin",596295,2024,30,30,165.0,696,653,178,105,39,16.7,5.5,0.275,0.501,0.339,0.35,0.315,0.226,0.387,0.401,0.329,0.333,-0.002,-0.019,-0.011,37.7,9.6,41.2,80.036265299,94.432492071,68.6,14.5,26.0,35.4,64.6,115,325,47.6,1249,73.7,8.1,538,1059,1024,2622,85.5,137,942,52.4,1373,46.4,1216,19.9,48.3,39.0,37.9,23.1,541,62.2,38.4,208,28.7,155,26.8,145,6.1,33,L,2621,53.1,40.4,90.4,2180.0,7.6,-16.4,17.0,18.8,1.5,16.7,83.8,2409.0,-5.1,-35.3,3.3,6.4,1.8,20.5,81.1,1664.0,10.1,-31.0,10.4,14.6,1.2,22.4,77.6,2555.0,-7.5,-56.3,-10.9,13.5,1.8,0.0,90.2,2082.0,14.7,-18.5,15.2,21.2,,,,,,,,,,,,,,,,,,,,,,,,,,,,,,,,,,,,,,,,,,,,,,,,,,,,,,,,,,40.4,90.4,2180,7.6,-16.4,17.0,18.8,1.5,39.1,80.2,2493,-6.5,-47.4,-4.9,10.5,3.9,20.5,81.1,1664.0,10.1,-31.0,10.4,14.6,False
"Gonzales, Marco",594835,2020,28,11,69.2,277,266,59,38,13,23.1,2.5,0.243,0.43,0.265,0.301,0.273,0.187,0.324,0.376,0.292,0.322,-0.021,-0.069,-0.036,36.6,8.6,34.3,75.196540909,93.023268939,63.1,15.2,30.1,31.1,68.9,46,148,46.6,492,70.4,6.7,151,735,170,1057,84.8,54,356,53.4,564,48.1,508,19.8,47.8,38.6,37.1,24.3,202,64.3,37.6,76,28.7,58,23.8,48,9.9,20,L,1056,46.4,45.1,88.2,2153.0,11.0,-18.2,17.0,20.4,1.1,,,,,,,,,14.3,80.6,2114.0,16.9,-32.8,9.5,19.5,1.1,16.1,75.3,2294.0,-8.9,-62.1,-13.4,16.3,1.3,0.3,87.9,2208.0,8.2,-16.4,19.0,20.7,1.5,24.2,84.8,2153.0,0.0,-27.3,10.4,10.7,1.3,,,,,,,,,,,,,,,,,,,,,,,,,,,,,,,,,,,,,,,,,,,,,,,,,69.6,87.0,2153,7.1,-21.4,14.7,17.0,2.1,16.1,75.3,2294,-8.9,-62.1,-13.4,16.3,1.3,14.3,80.6,2114.0,16.9,-32.8,9.5,19.5,True
"Gore, MacKenzie",669022,2024,25,32,166.1,731,649,171,117,36,24.8,8.9,0.249,0.383,0.324,0.317,0.327,0.135,0.389,0.379,0.362,0.344,0.014,0.015,0.007,36.2,6.8,38.1,76.776975684,93.73951438,73.2,19.9,27.4,52.3,47.7,213,407,49.7,1488,79.4,7.0,277,2082,635,2994,80.1,219,1103,50.3,1506,42.6,1274,28.6,50.4,35.7,37.0,27.3,473,58.1,39.5,187,25.4,120,29.6,140,5.5,26,L,2994,47.2,55.4,96.0,2309.0,5.9,-12.1,17.6,18.7,1.2,1.3,86.6,2157.0,-1.4,-36.2,0.7,3.2,1.3,9.3,85.9,2018.0,12.4,-27.7,9.4,15.7,1.3,19.4,82.8,2399.0,-0.5,-50.1,-10.3,10.5,1.9,5.5,95.3,2125.0,13.6,-16.4,13.8,19.4,1.2,14.2,91.1,2026.0,-1.4,-24.1,8.6,8.9,1.4,,,,,,,,,,,,,,,,,0.5,85.8,2256.0,-8.6,-34.7,2.4,9.6,1.5,,,,,,,,,,,,,,,,,,,,,,,,,69.5,95.0,2251,4.4,-14.6,15.8,16.7,2.5,21.2,83.1,2381,-0.7,-48.9,-9.3,10.1,2.1,9.3,85.9,2018.0,12.4,-27.7,9.4,15.7,False
"Gray, Sonny",543243,2023,33,32,184.0,754,689,156,111,34,24.3,7.3,0.24,0.372,0.27,0.297,0.302,0.132,0.316,0.356,0.306,0.327,-0.014,-0.053,-0.027,32.9,6.9,39.2,78.435195138,94.126464752,67.5,15.2,28.4,51.4,48.6,208,405,50.6,1427,74.7,8.4,188,1576,1054,2818,84.8,143,939,49.4,1391,41.0,1156,26.1,47.7,39.2,35.7,25.1,510,61.0,48.0,245,19.8,101,26.9,137,5.3,27,R,2818,48.2,26.8,92.9,2537.0,0.5,-19.0,12.5,12.7,0.9,1.7,84.4,2624.0,5.0,-39.2,-1.0,5.7,1.5,6.7,87.9,1715.0,-13.6,-29.6,5.7,15.2,1.4,16.9,79.5,2643.0,12.9,-58.1,-14.4,19.4,1.4,16.0,92.8,2445.0,-10.5,-22.0,9.6,14.5,1.0,13.1,87.6,2713.0,5.4,-34.6,0.9,6.5,1.6,,,,,,,,,,,,,,,,,20.5,84.3,2707.0,15.6,-44.8,-6.2,17.0,1.2,,,,,,,,,,,,,,,,,,,,,,,,,55.9,91.6,2551,-1.5,-23.5,9.0,11.8,2.7,37.4,82.2,2678,14.4,-50.8,-9.9,18.1,3.0,6.7,87.9,1715.0,-13.6,-29.6,5.7,15.2,False
"Greinke, Zack",425844,2020,36,12,67.0,273,262,67,42,17,24.5,3.3,0.248,0.42,0.293,0.298,0.275,0.172,0.373,0.38,0.342,0.332,0.008,-0.015,-0.005,34.7,8.2,35.2,74.93030732,93.291148144,59.7,16.8,26.5,46.5,53.5,74,159,56.7,601,67.2,6.3,232,433,336,1060,83.2,46,274,43.3,459,43.8,464,27.7,40.8,31.6,42.3,26.0,196,61.9,42.9,84,23.5,46,26.0,51,7.7,15,R,1001,47.6,43.2,88.1,2327.0,-1.2,-17.8,17.4,17.6,1.3,17.0,84.5,2422.0,6.6,-32.6,5.6,9.2,1.8,23.2,86.2,1668.0,-13.1,-32.4,4.2,14.0,1.0,16.6,70.4,2422.0,10.7,-67.0,-11.1,15.5,2.6,0.1,89.7,2259.0,-13.4,-19.9,14.3,19.6,1.2,2.1,83.9,2406.0,7.1,-36.0,2.6,8.8,1.5,,,,,,,,,,,,,,,,,,,,,,,,,,,,,,,,,,,,,,,,,,,,,,,,,43.3,88.1,2327,-1.2,-17.8,17.4,17.6,1.3,33.6,77.5,2422,8.6,-49.6,-2.6,12.3,7.7,23.2,86.2,1668.0,-13.1,-32.4,4.2,14.0,False
"Griffin, Foster",656492,2026,30,23,133.1,545,501,116,75,19,22.4,5.9,0.25,0.411,0.301,0.312,0.305,0.161,0.355,0.37,0.304,0.329,-0.018,-0.012,-0.011,35.8,9.2,37.6,75.735082063,94.112584589,66.0,16.2,32.8,39.1,60.9,143,366,52.1,1116,76.6,6.4,351,1266,525,2142,83.8,110,677,47.9,1026,41.9,897,24.3,48.7,42.3,36.8,20.9,383,61.8,45.4,174,25.8,99,22.7,87,6.0,23,L,2142,44.9,16.4,91.5,2094.0,4.5,-16.5,16.1,16.9,1.3,,,,,,,,,10.4,82.2,1873.0,14.3,-32.7,7.8,16.4,1.2,10.0,77.8,2355.0,-8.7,-59.3,-13.9,16.4,1.4,10.4,91.3,2041.0,14.5,-22.5,10.3,17.9,1.1,32.4,88.3,2259.0,-4.8,-27.4,7.4,9.1,1.4,6.0,81.3,1315.0,0.4,-41.1,0.8,3.5,1.0,,,,,,,,,14.5,79.9,2532.0,-17.0,-44.2,-1.2,17.2,1.3,,,,,,,,,,,,,,,,,,,,,,,,,59.1,89.7,2175,1.2,-23.5,10.3,12.8,2.2,24.5,79.0,2459,-13.6,-50.4,-6.4,16.9,1.7,16.4,81.9,1670.0,9.2,-35.8,5.2,11.7,False
"Heaney, Andrew",571760,2020,29,12,66.2,279,256,63,39,14,25.1,6.8,0.249,0.445,0.306,0.321,0.305,0.195,0.378,0.4,0.335,0.341,-0.003,-0.031,-0.015,36.2,7.4,39.4,77.671291809,93.87947738,68.1,22.0,31.3,42.0,58.0,68,162,47.7,518,70.6,7.8,189,627,269,1085,78.0,85,386,52.3,567,43.5,472,27.9,50.5,37.8,39.9,22.3,188,67.0,38.8,73,26.1,49,25.5,48,9.6,18,L,1085,33.2,57.8,91.5,2435.0,13.8,-17.1,15.7,21.0,1.4,0.4,79.3,2554.0,-3.6,-50.1,-6.5,7.5,1.4,17.4,83.0,2005.0,16.3,-31.8,8.0,18.3,1.5,24.4,79.2,2550.0,-5.8,-47.0,-3.5,7.2,1.6,,,,,,,,,,,,,,,,,,,,,,,,,,,,,,,,,,,,,,,,,,,,,,,,,,,,,,,,,,,,,,,,,57.8,91.5,2435,13.8,-17.1,15.7,21.0,1.4,24.8,79.2,2550,-5.7,-47.1,-3.5,7.2,1.6,17.4,83.0,2005.0,16.3,-31.8,8.0,18.3,True
"Hendricks, Kyle",543294,2020,30,12,81.1,315,304,73,53,10,20.3,2.5,0.236,0.382,0.269,0.273,0.257,0.146,0.326,0.332,0.302,0.297,0.004,-0.01,-0.004,34.3,4.6,32.0,74.950220833,92.680787573,66.4,19.3,31.9,36.6,63.4,64,175,47.7,549,70.6,7.4,326,632,192,1162,80.7,77,399,52.3,601,45.9,528,24.9,49.8,36.4,41.3,22.3,242,66.7,47.1,114,19.8,48,26.0,63,7.0,17,R,1150,50.4,21.0,87.4,1969.0,-5.8,-20.8,14.8,16.1,1.2,,,,,,,,,28.3,79.7,2062.0,-11.4,-31.1,11.7,16.7,0.9,16.7,72.1,2811.0,14.3,-66.3,-13.1,19.6,1.4,33.9,87.3,1862.0,-12.5,-25.9,9.7,16.0,1.1,,,,,,,,,,,,,,,,,,,,,,,,,,,,,,,,,,,,,,,,,,,,,,,,,,,,,,,,,55.0,87.3,1903,-10.0,-24.0,11.7,16.0,1.2,16.7,72.1,2811,14.3,-66.3,-13.1,19.6,1.4,28.3,79.7,2062.0,-11.4,-31.1,11.7,16.7,False
"Holmes, Clay",605280,2025,32,33,165.2,708,622,150,110,25,18.2,9.3,0.245,0.394,0.302,0.322,0.33,0.15,0.318,0.346,0.301,0.309,-0.004,-0.042,-0.02,30.5,6.8,42.3,78.369750081,94.822225709,61.3,11.8,29.4,42.2,57.8,177,419,51.6,1427,67.9,6.9,434,1509,821,2764,88.2,97,820,48.4,1337,42.9,1187,22.1,44.8,43.5,38.3,18.2,499,60.3,55.9,279,18.2,91,21.6,108,4.2,21,R,2764,43.6,5.4,93.2,2304.0,-6.7,-17.9,13.7,15.5,1.4,10.7,85.3,2598.0,2.0,-41.7,-4.2,5.0,1.4,15.7,88.1,1105.0,-12.1,-35.1,0.3,12.6,1.3,,,,,,,,,40.8,93.7,2180.0,-15.0,-28.4,2.9,15.4,1.4,8.4,89.8,2446.0,1.0,-28.7,5.1,5.7,1.6,,,,,,,,,,,,,,,,,19.0,81.9,2815.0,16.7,-47.3,-6.1,17.9,1.3,,,,,,,,,,,,,,,,,,,,,,,,,54.6,93.1,2233,-11.7,-27.4,4.3,13.9,2.1,29.7,83.2,2737,11.4,-45.3,-5.4,13.3,2.2,15.7,88.1,1105.0,-12.1,-35.1,0.3,12.6,False
"Houck, Tanner",656557,2024,28,30,178.2,743,674,156,118,27,20.7,6.5,0.256,0.394,0.276,0.318,0.319,0.139,0.306,0.366,0.298,0.33,-0.025,-0.074,-0.042,30.2,5.8,41.8,78.489312385,94.430703969,62.7,14.1,31.2,39.6,60.4,170,429,50.3,1377,61.1,6.8,682,922,1131,2735,85.9,120,852,49.7,1358,44.6,1219,22.6,46.8,41.6,38.4,20.0,524,64.9,55.5,291,17.4,91,23.7,124,3.4,18,R,2735,22.2,0.1,95.1,2274.0,-12.9,-23.5,6.7,15.6,1.5,,,,,,,,,,,,,,,,,,,,,,,,,32.1,93.5,2191.0,-16.0,-30.9,0.4,16.1,1.3,1.5,87.1,2347.0,0.5,-35.2,0.8,2.9,1.4,24.9,88.4,1836.0,-13.5,-37.9,-3.0,14.0,1.2,,,,,,,,,41.4,83.2,2534.0,16.7,-41.7,-2.0,17.0,1.2,,,,,,,,,,,,,,,,,,,,,,,,,33.7,93.3,2198,-15.3,-31.1,0.5,15.6,2.0,41.4,83.2,2534,16.7,-41.7,-2.0,17.0,1.2,24.9,88.4,1836.0,-13.5,-37.9,-3.0,14.0,True
"Imanaga, Shota",684007,2024,30,29,173.1,694,662,149,98,23,25.1,4.0,0.231,0.398,0.279,0.288,0.265,0.167,0.352,0.365,0.305,0.313,-0.006,-0.013,-0.009,36.0,8.6,39.3,77.586230864,93.931424733,75.4,20.0,34.7,47.6,52.4,207,435,48.4,1253,79.1,7.8,896,1413,281,2590,80.0,202,1008,51.6,1337,44.2,1145,28.3,55.7,43.1,35.6,21.3,489,68.0,37.2,182,32.9,161,21.3,104,8.6,42,L,2590,39.5,51.9,91.7,2442.0,10.2,-14.4,18.3,21.0,1.3,2.2,86.5,2481.0,-3.4,-29.4,6.9,8.0,1.3,3.8,81.6,1678.0,12.0,-31.5,9.5,15.5,1.5,3.3,72.5,2414.0,-8.9,-65.2,-12.6,15.6,2.3,2.2,89.0,1867.0,14.6,-24.9,9.7,17.7,1.5,0.5,89.8,2387.0,0.4,-19.9,13.8,13.9,1.4,30.8,82.9,1119.0,10.2,-33.0,6.7,12.4,1.1,,,,,,,,,7.6,81.6,2512.0,-10.1,-38.0,3.3,11.2,1.4,,,,,,,,,,,,,,,,,,,,,,,,,54.6,91.5,2418,10.3,-14.9,17.9,20.8,1.5,10.8,78.9,2482,-9.7,-46.2,-1.5,12.5,4.7,34.6,82.8,1181.0,10.4,-32.9,7.0,12.8,False
"Irvin, Cole",608344,2021,27,32,178.1,768,710,195,136,35,16.3,5.5,0.277,0.451,0.323,0.338,0.326,0.174,0.359,0.379,0.332,0.337,-0.002,-0.027,-0.015,35.9,7.3,39.3,78.890512423,94.048238838,71.9,15.7,29.9,29.7,70.3,113,380,47.4,1271,83.4,8.5,588,1607,487,2682,84.3,159,1015,52.6,1411,46.0,1233,19.5,52.0,32.3,39.1,28.6,591,65.2,38.6,228,26.2,155,27.7,164,7.4,44,L,2682,47.1,41.1,90.8,1957.0,8.3,-16.7,16.5,18.6,1.7,15.0,83.0,2009.0,-2.5,-38.1,1.6,3.9,1.6,21.9,84.2,1584.0,12.8,-29.5,9.0,15.9,1.3,3.1,76.7,2057.0,-4.0,-52.4,-5.9,7.6,1.7,18.7,90.5,1886.0,14.3,-20.9,12.5,19.1,1.6,0.1,90.7,1799.0,1.3,-15.9,17.7,17.7,1.6,,,,,,,,,,,,,,,,,,,,,,,,,13.4,78.8,2097.0,-9.6,-46.2,-2.1,10.6,1.7,,,,,,,,,,,,,,,,,59.9,90.7,1934,10.1,-18.0,15.3,18.8,1.7,18.2,81.9,2017,-2.8,-40.5,0.3,4.6,3.0,21.9,84.2,1584.0,12.8,-29.5,9.0,15.9,True
"Irvin, Jake",663623,2024,27,33,187.2,769,710,173,103,38,20.3,6.8,0.248,0.44,0.314,0.323,0.303,0.191,0.365,0.378,0.312,0.318,-0.004,-0.012,-0.009,33.0,9.2,39.1,77.537675273,94.341422273,67.3,15.6,26.7,41.9,58.1,158,377,46.4,1412,73.7,8.6,105,1980,961,3046,84.4,171,1099,53.6,1634,43.6,1328,22.3,48.5,42.2,33.4,24.4,557,61.5,44.7,249,25.5,142,23.3,130,6.5,36,R,3046,28.6,37.7,93.9,2377.0,-10.1,-16.6,14.3,17.7,1.4,0.3,85.9,2579.0,6.3,-34.0,2.8,7.1,1.4,3.4,88.4,2225.0,-16.0,-30.4,4.6,16.8,1.7,31.3,81.1,2534.0,12.0,-44.4,-3.0,12.8,1.8,20.7,93.3,2299.0,-16.5,-24.7,6.7,17.9,1.7,6.6,89.9,2551.0,-0.5,-26.1,7.6,8.0,1.7,,,,,,,,,,,,,,,,,,,,,,,,,,,,,,,,,,,,,,,,,,,,,,,,,65.0,93.3,2370,-11.2,-20.2,11.2,16.8,2.1,31.5,81.1,2534,12.0,-44.3,-2.9,12.7,1.9,3.4,88.4,2225.0,-16.0,-30.4,4.6,16.8,True
"Javier, Cristian",664299,2023,26,31,162.0,687,611,143,81,33,23.1,9.0,0.228,0.451,0.317,0.325,0.306,0.222,0.369,0.382,0.312,0.307,0.006,-0.027,-0.008,38.1,9.4,38.3,78.877175219,93.876231451,69.3,19.8,29.3,42.0,58.0,189,450,53.3,1537,74.7,7.5,119,1682,1081,2882,80.2,185,932,46.7,1345,41.6,1198,27.1,48.0,35.5,36.6,27.9,459,55.3,26.1,120,38.8,178,24.2,111,10.9,50,R,2882,38.5,58.4,92.7,2255.0,-5.6,-13.3,18.6,19.6,1.2,0.1,80.8,2392.0,2.2,-34.3,7.9,8.4,1.5,4.1,83.7,2398.0,-15.9,-31.5,7.7,17.8,1.5,7.5,76.6,2937.0,12.2,-57.4,-10.3,16.3,1.3,,,,,,,,,,,,,,,,,,,,,,,,,,,,,,,,,29.9,79.5,2552.0,14.1,-41.2,2.3,14.6,1.5,,,,,,,,,,,,,,,,,,,,,,,,,58.4,92.7,2255,-5.6,-13.3,18.6,19.6,1.2,37.5,78.9,2629,13.7,-44.4,-0.2,14.9,2.0,4.1,83.7,2398.0,-15.9,-31.5,7.7,17.8,True
"Keller, Mitch",656605,2023,27,32,194.1,825,752,187,122,38,25.5,6.7,0.248,0.406,0.31,0.315,0.31,0.158,0.381,0.389,0.342,0.344,0.001,-0.002,-0.005,36.5,8.6,35.6,75.953749524,93.735176239,65.5,18.0,27.2,37.7,62.3,148,393,46.3,1444,71.6,8.8,88,2268,763,3119,82.0,198,1097,53.7,1675,42.5,1325,23.2,47.8,34.7,36.5,28.8,548,63.8,44.2,242,25.5,140,25.0,137,5.3,29,R,3119,38.9,26.1,95.2,2378.0,-9.0,-15.2,15.0,17.6,1.7,0.4,90.4,2418.0,3.4,-26.8,6.5,7.7,1.4,2.8,90.7,1646.0,-15.4,-29.8,3.5,16.1,1.5,8.0,78.0,2604.0,12.5,-59.9,-14.3,19.1,1.5,22.8,93.8,2374.0,-15.6,-21.9,9.2,18.2,1.5,23.8,89.7,2457.0,3.6,-28.3,5.5,7.2,2.1,,,,,,,,,,,,,,,,,16.1,82.8,2757.0,18.5,-40.5,-0.4,18.7,1.7,,,,,,,,,,,,,,,,,,,,,,,,,72.7,93.0,2402,-6.9,-21.6,10.0,14.4,3.2,24.5,81.3,2702,16.3,-46.6,-4.8,18.6,3.3,2.8,90.7,1646.0,-15.4,-29.8,3.5,16.1,False
"Kelly, Merrill",518876,2022,33,33,200.1,804,739,167,104,40,22.0,7.6,0.229,0.397,0.289,0.299,0.29,0.168,0.336,0.351,0.297,0.302,-0.003,-0.026,-0.01,31.2,8.4,36.5,77.983406942,93.653412973,67.7,18.0,29.9,36.1,63.9,168,466,50.8,1559,81.1,6.9,654,1996,420,3071,82.0,184,1024,49.2,1512,45.5,1398,23.6,48.5,41.1,36.9,22.0,564,62.4,43.8,247,28.4,160,21.6,122,6.2,35,R,3070,26.5,30.8,92.6,2361.0,-7.8,-16.7,15.3,17.3,1.3,0.2,85.0,2416.0,1.8,-34.5,3.3,4.1,1.5,21.3,88.6,2158.0,-16.6,-32.3,2.7,16.9,1.3,13.5,82.2,2550.0,9.1,-50.9,-10.2,13.8,1.6,17.6,92.5,2206.0,-16.1,-24.7,7.5,17.9,1.3,16.6,90.8,2332.0,-1.5,-20.3,12.8,13.1,1.3,,,,,,,,,,,,,,,,,,,,,,,,,,,,,,,,,,,,,,,,,,,,,,,,,65.0,92.1,2312,-8.4,-19.8,12.6,16.4,1.6,13.7,82.2,2548,9.0,-50.7,-10.0,13.7,1.6,21.3,88.6,2158.0,-16.6,-32.3,2.7,16.9,False
"Keuchel, Dallas",572971,2020,32,11,63.1,257,238,52,41,8,16.3,6.6,0.277,0.393,0.249,0.317,0.325,0.116,0.263,0.352,0.265,0.337,-0.059,-0.107,-0.068,34.3,4.1,31.3,74.956208144,93.354275567,68.3,16.8,28.4,35.8,64.2,57,159,58.2,559,81.6,5.1,268,629,63,960,83.2,46,274,41.8,401,45.9,441,23.8,45.1,35.9,40.9,23.2,198,54.9,53.5,106,12.6,25,28.3,56,5.6,11,L,960,49.1,2.3,88.3,2218.0,2.7,-21.5,13.3,13.9,1.4,6.6,75.8,2280.0,-7.9,-48.3,-0.8,9.1,1.6,27.9,78.6,1680.0,14.4,-37.7,6.4,15.8,1.2,,,,,,,,,32.3,87.2,2071.0,12.5,-29.1,6.7,14.2,1.3,30.9,84.8,2203.0,-2.6,-29.9,7.8,8.8,1.4,,,,,,,,,,,,,,,,,,,,,,,,,,,,,,,,,,,,,,,,,,,,,,,,,65.5,86.1,2139,5.0,-29.2,7.4,11.6,1.9,6.6,75.8,2280,-7.9,-48.3,-0.8,9.1,1.6,27.9,78.6,1680.0,14.4,-37.7,6.4,15.8,False
"Kikuchi, Yusei",579328,2023,32,32,167.2,700,646,165,110,27,25.9,6.9,0.244,0.436,0.319,0.318,0.301,0.191,0.401,0.4,0.355,0.34,0.011,-0.01,0.001,37.7,9.0,42.4,80.862697662,94.432324264,67.1,18.4,29.6,50.6,49.4,207,409,49.1,1383,78.5,8.4,257,1284,1276,2818,81.6,177,963,50.9,1435,43.6,1228,28.0,48.7,38.1,32.8,29.1,467,59.4,40.0,187,25.5,119,26.1,122,8.4,39,L,2817,42.0,45.2,95.1,2339.0,9.8,-14.3,16.1,19.0,1.1,26.3,88.7,2427.0,-2.5,-31.6,3.2,5.2,1.7,9.1,88.6,1708.0,9.0,-27.5,7.2,11.8,1.6,18.9,83.1,2535.0,-6.1,-43.1,-3.7,7.9,2.0,0.4,90.1,1926.0,10.7,-24.2,9.6,14.7,1.5,,,,,,,,,,,,,,,,,,,,,,,,,0.1,82.7,2528.0,-10.4,-39.7,0.5,10.8,1.5,,,,,,,,,,,,,,,,,,,,,,,,,45.6,95.0,2336,9.8,-14.4,16.1,19.0,1.2,45.3,86.3,2472,-4.0,-36.4,0.3,6.3,3.6,9.1,88.6,1708.0,9.0,-27.5,7.2,11.8,False
"King, Michael",650633,2024,29,31,173.2,726,653,144,98,27,27.7,8.7,0.223,0.364,0.284,0.295,0.298,0.141,0.349,0.366,0.318,0.322,-0.002,-0.018,-0.011,35.2,6.2,30.3,73.981359732,92.671656987,60.8,20.9,30.6,45.4,54.6,205,452,51.1,1478,69.8,7.0,713,1506,676,2895,79.1,180,861,48.9,1417,43.8,1268,29.3,45.4,41.3,34.3,24.4,455,66.1,41.5,189,23.7,108,25.9,118,8.8,40,R,2895,29.2,24.2,93.7,2286.0,-6.0,-16.2,15.0,16.3,1.3,5.6,85.7,2425.0,3.7,-35.7,1.6,4.7,1.9,24.6,86.7,2045.0,-17.6,-31.4,5.0,18.4,1.3,,,,,,,,,27.8,92.9,2263.0,-16.3,-26.3,5.6,17.4,1.3,,,,,,,,,,,,,,,,,,,,,,,,,17.8,82.0,2700.0,15.0,-37.5,3.4,15.6,1.9,,,,,,,,,,,,,,,,,,,,,,,,,52.0,93.3,2274,-11.5,-21.6,10.0,16.9,1.4,23.4,82.9,2634,12.3,-37.1,2.9,13.0,2.6,24.6,86.7,2045.0,-17.6,-31.4,5.0,18.4,False
"Kirby, George",669923,2023,25,31,190.2,757,727,179,122,28,22.7,2.5,0.258,0.427,0.284,0.305,0.282,0.17,0.354,0.381,0.321,0.337,-0.012,-0.032,-0.021,32.0,7.5,40.9,78.350455269,94.249794794,71.0,17.2,33.0,39.2,60.8,158,403,43.3,1223,77.9,8.6,222,1722,880,2825,82.8,195,1137,56.7,1602,45.3,1279,22.9,54.5,38.2,31.4,30.4,560,69.5,44.6,250,25.7,144,22.1,124,7.5,42,R,2824,35.7,39.4,96.1,2209.0,-8.3,-14.4,15.2,17.4,1.3,,,,,,,,,1.8,86.6,1518.0,-16.0,-31.3,5.2,17.0,1.4,11.5,81.8,2343.0,9.2,-53.9,-12.8,15.8,1.5,21.5,95.8,2229.0,-15.8,-19.4,10.4,19.0,1.4,0.0,90.3,2229.0,-1.4,-32.5,1.5,2.0,1.4,6.1,84.9,799.0,-10.3,-37.5,0.4,11.1,1.3,0.1,75.1,452.0,-5.6,-45.6,3.5,8.5,1.6,19.6,86.2,2335.0,11.0,-39.2,-2.5,11.8,1.6,,,,,,,,,,,,,,,,,,,,,,,,,61.0,96.0,2216,-10.9,-16.2,13.5,18.0,1.4,31.2,84.6,2334,10.3,-44.6,-6.2,13.3,2.9,7.9,85.3,965.0,-11.6,-36.1,1.5,12.4,False
"Kluber, Corey",446372,2022,36,31,164.0,689,650,178,123,32,20.2,3.0,0.261,0.434,0.316,0.315,0.294,0.173,0.378,0.377,0.344,0.33,0.013,-0.009,0.001,35.8,6.9,34.7,75.470981451,93.389888686,66.2,15.3,35.8,40.5,59.5,175,432,49.2,1207,75.3,7.9,252,1533,669,2454,84.7,126,825,50.8,1247,44.3,1086,23.9,51.2,37.2,40.8,22.0,519,68.4,36.8,191,27.0,140,25.4,132,10.8,56,R,2454,32.0,1.5,88.9,2275.0,-7.0,-20.3,14.3,16.4,1.3,,,,,,,,,10.3,82.9,1652.0,-13.5,-33.7,6.3,15.5,1.3,27.3,80.7,2526.0,16.5,-41.0,1.2,16.9,1.2,26.7,88.9,2074.0,-16.3,-26.1,8.7,18.6,1.1,34.2,86.3,2463.0,2.9,-28.1,8.5,9.3,1.3,,,,,,,,,,,,,,,,,,,,,,,,,,,,,,,,,,,,,,,,,,,,,,,,,62.5,87.5,2292,-5.6,-27.1,8.7,13.5,1.9,27.3,80.7,2526,16.5,-41.0,1.2,16.9,1.2,10.3,82.9,1652.0,-13.5,-33.7,6.3,15.5,False
"Kremer, Dean",665152,2023,27,32,172.2,735,673,171,117,26,21.4,7.5,0.264,0.458,0.317,0.338,0.324,0.194,0.369,0.398,0.33,0.344,-0.01,-0.042,-0.021,36.9,8.9,40.3,79.052297752,94.393783895,69.2,18.4,26.3,38.6,61.4,149,386,50.2,1467,76.3,7.5,357,2211,357,2925,81.6,186,1009,49.8,1458,43.1,1262,24.0,47.7,35.5,34.9,29.5,518,62.6,40.2,208,26.8,139,28.0,145,5.0,26,R,2925,37.4,36.6,94.6,2305.0,-9.6,-13.8,16.8,19.5,1.3,0.1,83.9,2471.0,2.4,-37.7,1.0,2.7,1.5,12.1,85.3,1715.0,-15.4,-32.7,5.0,16.6,1.3,8.9,78.1,2756.0,10.4,-55.6,-10.6,15.4,1.5,15.1,92.0,2011.0,-15.9,-22.4,10.0,18.9,1.6,23.8,88.7,2435.0,3.8,-25.9,8.6,9.8,1.4,0.1,85.6,1708.0,-13.4,-33.0,4.4,14.3,1.4,,,,,,,,,3.3,82.8,2658.0,12.6,-41.5,-1.4,12.9,1.5,,,,,,,,,,,,,,,,,,,,,,,,,75.6,92.2,2287,-6.6,-19.4,12.9,16.3,3.2,12.2,79.4,2730,11.0,-51.8,-8.2,14.7,2.7,12.2,85.3,1715.0,-15.4,-32.7,5.0,16.5,False
"Lamet, Dinelson",659275,2020,27,12,69.0,267,242,39,25,9,34.8,7.5,0.186,0.316,0.225,0.259,0.26,0.13,0.287,0.348,0.26,0.303,-0.025,-0.056,-0.034,34.7,7.3,40.0,77.445168667,94.21267604,63.8,20.1,30.6,59.5,40.5,94,158,49.3,516,73.8,6.2,0,487,559,1046,79.9,68,338,50.7,530,42.1,440,32.7,47.4,33.3,38.7,28.0,150,65.5,38.7,58,24.7,37,24.7,37,12.0,18,R,1046,45.0,37.3,97.0,2496.0,-6.2,-12.0,17.1,18.3,1.4,53.4,86.5,2614.0,4.3,-34.4,2.3,6.3,1.7,,,,,,,,,,,,,,,,,9.3,97.0,2442.0,-12.7,-12.9,16.3,20.8,1.4,,,,,,,,,,,,,,,,,,,,,,,,,,,,,,,,,,,,,,,,,,,,,,,,,,,,,,,,,46.6,97.0,2485,-7.5,-12.2,16.9,18.8,1.4,53.4,86.5,2614,4.3,-34.4,2.3,6.3,1.7,,,,,,,,False
"Lester, Jon",452657,2020,36,12,61.0,265,244,64,39,13,15.8,6.4,0.279,0.517,0.333,0.362,0.333,0.238,0.366,0.404,0.317,0.336,-0.017,-0.058,-0.029,34.0,12.3,38.9,77.820627228,94.226303762,67.5,11.3,26.0,32.2,67.8,47,146,55.8,562,82.3,6.2,126,753,129,1008,88.7,34,301,44.2,446,40.9,412,18.1,44.3,35.5,41.4,23.2,203,58.9,48.3,98,29.1,59,17.7,36,4.9,10,L,1008,36.7,29.1,89.4,2223.0,7.1,-18.8,15.3,17.0,1.1,,,,,,,,,12.5,83.3,1913.0,13.5,-32.5,6.6,15.1,1.4,12.8,73.4,2569.0,-10.6,-55.6,-4.8,11.8,1.8,15.2,88.4,2063.0,13.6,-27.7,7.1,15.4,1.6,30.5,87.4,2343.0,-0.5,-24.6,10.9,11.0,1.2,,,,,,,,,,,,,,,,,,,,,,,,,,,,,,,,,,,,,,,,,,,,,,,,,74.7,88.4,2240,5.3,-23.0,11.8,14.2,1.6,12.8,73.4,2569,-10.6,-55.6,-4.8,11.8,1.8,12.5,83.3,1913.0,13.5,-32.5,6.6,15.1,False
"Littell, Zack",641793,2025,29,32,186.2,759,712,174,104,33,17.1,4.2,0.255,0.458,0.311,0.323,0.294,0.204,0.354,0.37,0.296,0.313,-0.011,-0.013,-0.012,32.7,9.9,40.9,80.190668797,94.458762186,69.7,14.0,30.8,37.5,62.5,148,395,46.0,1283,80.1,7.9,762,1108,918,2788,85.9,147,1049,54.0,1505,46.2,1288,20.4,51.8,40.9,38.8,20.3,587,63.4,40.7,239,27.8,163,23.3,137,8.2,48,R,2788,39.4,23.9,92.1,2011.0,-7.3,-16.2,16.1,17.8,1.2,27.5,87.3,2199.0,1.4,-28.5,7.2,7.7,1.2,,,,,,,,,,,,,,,,,15.8,91.5,2028.0,-14.2,-20.2,12.4,18.9,1.2,,,,,,,,,27.3,83.4,1105.0,-11.7,-40.4,-0.9,12.2,1.2,,,,,,,,,5.4,79.5,2166.0,11.5,-47.2,-3.7,12.5,1.3,,,,,,,,,,,,,,,,,,,,,,,,,39.7,91.9,2018,-10.0,-17.8,14.6,18.2,1.3,32.9,86.0,2194,3.0,-31.6,5.4,8.5,3.5,27.3,83.4,1105.0,-11.7,-40.4,-0.9,12.2,False
"Lugo, Seth",607625,2024,34,33,206.2,836,773,177,119,36,21.7,5.7,0.24,0.4,0.278,0.304,0.292,0.16,0.323,0.36,0.297,0.313,-0.011,-0.047,-0.026,32.8,8.0,39.0,77.299278949,93.994017356,65.1,13.9,27.9,42.6,57.4,184,432,49.7,1546,75.6,7.2,293,1598,1221,3112,86.1,142,1020,50.3,1566,42.2,1314,22.5,46.7,37.0,41.5,21.6,598,64.4,44.8,268,25.8,154,24.9,149,4.5,27,R,3112,32.6,24.0,92.2,2367.0,-6.7,-16.6,15.4,17.0,1.6,9.0,86.6,2652.0,4.3,-31.8,4.4,6.6,1.7,6.7,87.3,1854.0,-15.3,-31.5,4.3,16.2,1.4,16.2,79.8,3283.0,14.6,-58.0,-14.5,20.7,1.7,18.5,92.1,2410.0,-15.3,-23.7,8.6,17.7,1.5,8.9,89.9,2445.0,0.5,-22.1,11.6,11.8,1.9,2.8,85.9,1431.0,-10.6,-32.4,4.4,11.8,1.5,,,,,,,,,3.6,82.1,2843.0,13.5,-37.9,2.9,14.3,2.3,10.5,78.8,3115.0,17.8,-51.8,-7.2,19.4,2.0,,,,,,,,,,,,,,,,,51.3,91.8,2396,-8.6,-20.1,12.3,16.3,1.9,39.2,81.3,3054,13.0,-48.5,-6.6,16.5,3.9,9.4,86.9,1730.0,-13.9,-31.8,4.3,14.9,False
"Luzardo, Jesús",666200,2023,25,32,178.2,741,677,162,94,43,28.1,7.4,0.23,0.416,0.307,0.307,0.293,0.186,0.393,0.394,0.344,0.331,0.009,-0.007,0.0,34.7,9.6,40.0,78.474338846,94.421479593,67.7,19.7,31.3,54.1,45.9,266,492,52.6,1572,77.6,6.9,626,1499,863,2988,80.3,189,959,47.4,1416,42.1,1258,31.4,48.6,37.5,34.5,28.0,472,59.4,41.1,194,28.6,135,21.6,102,8.7,41,L,2988,35.0,41.3,96.7,2250.0,13.9,-15.3,14.1,19.9,1.2,28.9,85.1,2320.0,0.1,-36.3,1.5,2.1,1.5,21.0,88.3,1968.0,16.2,-28.4,6.8,17.7,1.3,,,,,,,,,8.5,96.5,2150.0,16.8,-18.3,11.2,20.3,1.3,0.4,91.4,2146.0,2.0,-25.8,6.9,7.5,1.4,,,,,,,,,,,,,,,,,32.1,86.1,2287.0,-8.7,-37.3,-0.3,9.6,1.7,,,,,,,,,,,,,,,,,,,,,,,,,50.2,96.7,2233,14.3,-15.9,13.6,19.9,1.3,28.9,85.1,2320,0.1,-36.3,1.5,2.1,1.5,21.0,88.3,1968.0,16.2,-28.4,6.8,17.7,True
"Lyles, Jordan",543475,2021,30,32,180.0,769,697,194,119,34,19.0,7.3,0.27,0.485,0.354,0.35,0.329,0.216,0.408,0.403,0.348,0.339,0.008,0.014,0.004,35.5,9.1,41.6,79.618644051,94.390029088,70.4,15.1,27.8,43.2,56.8,185,428,52.0,1542,77.5,7.2,214,1519,1231,2964,84.9,151,1001,48.0,1422,42.1,1248,23.5,48.2,42.0,35.9,22.1,560,59.4,38.8,217,29.5,165,25.0,140,6.8,38,R,2964,45.1,39.3,93.0,2278.0,-7.0,-13.6,18.1,19.5,1.1,9.2,84.9,2705.0,5.9,-37.6,0.1,6.5,1.3,7.2,86.4,1596.0,-13.7,-27.4,9.2,16.9,1.7,18.2,80.3,2619.0,6.9,-57.4,-14.6,16.3,1.4,9.1,91.6,2196.0,-13.3,-20.2,12.3,18.3,1.3,2.8,86.3,2541.0,5.6,-35.0,1.4,6.3,1.4,,,,,,,,,,,,,,,,,14.2,82.3,2638.0,12.9,-40.1,0.3,13.4,1.5,,,,,,,,,,,,,,,,,,,,,,,,,51.2,92.4,2277,-7.4,-15.9,16.1,18.5,2.1,41.5,82.0,2644,8.7,-47.1,-6.3,13.1,2.4,7.2,86.4,1596.0,-13.7,-27.4,9.2,16.9,False
"Lynn, Lance",458681,2020,33,13,84.0,344,311,64,35,15,25.9,7.3,0.207,0.349,0.287,0.279,0.279,0.142,0.344,0.331,0.287,0.29,-0.001,0.037,0.008,34.4,5.4,37.5,77.997525495,93.735972793,70.9,19.8,27.0,40.9,59.1,76,186,48.9,688,83.7,6.1,14,1265,128,1408,80.2,101,510,51.1,719,45.1,634,25.4,49.5,32.6,36.6,30.8,224,61.0,37.1,83,28.6,64,25.0,56,9.4,21,R,1407,33.2,49.8,94.0,2491.0,-6.7,-15.4,15.6,17.1,1.6,,,,,,,,,1.0,85.0,1844.0,-8.4,-28.6,9.2,12.9,1.8,9.1,83.6,2598.0,4.6,-43.2,-4.1,6.9,2.0,17.9,92.0,2327.0,-13.3,-25.1,7.1,15.3,1.7,22.2,89.4,2599.0,2.0,-27.1,7.0,7.7,2.1,,,,,,,,,,,,,,,,,,,,,,,,,,,,,,,,,,,,,,,,,,,,,,,,,89.9,92.5,2485,-5.8,-20.2,11.8,14.4,2.8,9.1,83.6,2598,4.6,-43.2,-4.1,6.9,2.0,1.0,85.0,1844.0,-8.4,-28.6,9.2,12.9,True
"López, Pablo",641154,2022,26,32,180.0,736,671,157,91,39,23.6,7.2,0.236,0.386,0.305,0.301,0.299,0.15,0.365,0.359,0.313,0.318,-0.002,0.018,0.004,33.7,9.0,35.1,76.341792771,93.754029819,69.6,20.8,31.4,43.1,56.9,206,478,52.3,1523,83.7,6.3,1029,1642,239,2910,79.2,201,965,47.7,1387,44.4,1291,28.2,49.6,41.5,35.9,22.6,501,62.9,47.1,236,23.8,119,23.6,118,5.6,28,R,2910,29.6,38.9,93.5,2197.0,-4.5,-17.9,13.3,14.3,1.7,,,,,,,,,35.4,87.5,1965.0,-17.3,-32.3,3.5,17.8,1.3,8.1,80.9,2495.0,11.0,-51.7,-9.7,14.9,1.5,8.1,93.4,1996.0,-14.7,-25.3,6.2,16.1,1.4,9.4,88.7,2229.0,2.3,-28.8,5.9,6.6,1.6,,,,,,,,,,,,,,,,,0.1,89.7,2264.0,2.2,-27.0,6.6,7.1,1.4,,,,,,,,,,,,,,,,,,,,,,,,,56.4,92.7,2173,-4.8,-20.8,11.1,13.2,2.6,8.2,81.1,2491,10.8,-51.3,-9.4,14.8,1.9,35.4,87.5,1965.0,-17.3,-32.3,3.5,17.8,True
"Maeda, Kenta",628317,2020,32,11,66.2,248,238,40,26,4,32.3,4.0,0.208,0.35,0.219,0.257,0.24,0.142,0.299,0.36,0.253,0.314,-0.04,-0.043,-0.038,31.0,7.1,24.7,74.312775844,92.194825425,69.5,19.5,39.7,55.7,44.3,123,221,56.5,557,72.2,7.3,289,281,416,986,80.5,58,298,43.5,429,41.5,409,34.9,52.6,34.2,44.9,20.9,158,64.5,49.4,78,18.4,29,22.2,35,10.1,16,R,986,37.4,18.7,91.6,2270.0,-7.8,-17.1,15.3,17.3,1.2,38.7,82.9,2504.0,3.2,-33.4,6.5,8.6,1.4,,,,,,,,,3.4,78.5,2590.0,6.7,-52.9,-8.6,11.2,1.8,7.1,90.8,2206.0,-15.8,-24.3,9.0,18.3,1.3,2.7,87.2,2448.0,1.4,-27.9,7.7,8.1,1.4,29.3,84.5,1488.0,-12.6,-35.9,2.2,13.0,1.1,,,,,,,,,,,,,,,,,,,,,,,,,,,,,,,,,,,,,,,,,28.5,91.0,2271,-8.9,-20.0,13.0,16.7,1.8,42.2,82.6,2511,3.5,-35.0,5.3,8.8,2.0,29.3,84.5,1488.0,-12.6,-35.9,2.2,13.0,True
"Mahle, Tyler",641816,2021,26,33,180.0,759,674,158,100,31,27.7,8.4,0.226,0.366,0.308,0.298,0.302,0.14,0.385,0.369,0.339,0.328,0.008,0.03,0.01,34.1,6.5,34.3,77.107022328,93.357444017,66.3,22.0,26.0,43.5,56.5,189,434,52.3,1672,79.1,6.0,504,1875,817,3196,78.0,222,1011,47.7,1524,45.4,1450,28.4,45.2,37.7,36.0,26.3,475,63.9,44.0,209,24.8,118,23.6,112,7.6,36,R,3196,39.8,53.1,94.0,2336.0,-12.1,-13.9,17.1,21.0,1.6,25.6,86.8,2538.0,2.9,-29.4,6.7,7.8,2.2,,,,,,,,,,,,,,,,,,,,,,,,,5.6,86.4,2432.0,2.2,-28.0,8.4,9.0,1.8,15.8,86.4,1840.0,-14.5,-28.4,8.2,16.9,1.9,,,,,,,,,,,,,,,,,,,,,,,,,,,,,,,,,,,,,,,,,58.7,93.3,2345,-10.7,-15.2,16.3,19.9,3.0,25.6,86.8,2538,2.9,-29.4,6.7,7.8,2.2,15.8,86.4,1840.0,-14.5,-28.4,8.2,16.9,True
"Manaea, Sean",640455,2021,29,32,179.1,754,702,179,119,33,25.7,5.4,0.245,0.42,0.31,0.312,0.296,0.175,0.391,0.393,0.352,0.339,0.01,-0.005,-0.002,34.5,8.0,41.2,79.634341937,94.771894139,71.4,22.3,27.6,42.0,58.0,157,374,45.5,1355,81.2,8.9,724,1791,465,2980,77.7,259,1160,54.5,1625,42.4,1264,27.1,51.5,36.9,40.2,22.9,510,66.6,42.7,218,24.7,126,24.9,127,7.6,39,L,2980,32.8,0.7,92.2,1958.0,7.7,-18.8,13.3,15.5,1.5,14.9,82.8,2010.0,-4.4,-37.2,2.7,6.1,2.7,24.3,84.5,1371.0,12.2,-31.7,6.6,14.2,2.0,,,,,,,,,59.4,92.1,1997.0,13.9,-20.1,12.3,18.7,1.7,7.0,88.5,2041.0,-0.1,-27.4,7.6,8.0,1.6,,,,,,,,,,,,,,,,,0.7,78.2,2109.0,-14.9,-44.0,1.1,15.3,1.4,,,,,,,,,,,,,,,,,,,,,,,,,60.1,92.1,1996,13.8,-20.1,12.3,18.6,1.7,15.6,82.6,2014,-4.9,-37.5,2.7,6.5,2.9,24.3,84.5,1371.0,12.2,-31.7,6.6,14.2,False
"Manoah, Alek",666201,2022,24,31,196.2,786,713,144,97,30,22.9,6.5,0.224,0.352,0.261,0.286,0.289,0.128,0.294,0.332,0.268,0.299,-0.022,-0.038,-0.025,33.0,5.4,31.5,77.162472322,92.941560807,68.7,17.6,30.8,40.9,59.1,188,460,50.6,1492,79.7,8.3,324,1828,797,2949,82.4,176,1001,49.4,1457,41.5,1224,24.9,49.5,42.7,34.5,22.8,539,61.8,38.4,207,27.1,146,25.0,135,9.5,51,R,2949,38.2,35.7,93.9,2369.0,-5.5,-14.3,16.9,17.9,1.5,27.0,81.5,2216.0,14.5,-41.0,0.5,14.8,1.7,11.0,86.5,1980.0,-14.5,-27.3,9.6,17.7,1.5,,,,,,,,,26.3,93.2,2192.0,-14.6,-21.2,10.5,18.2,1.6,,,,,,,,,,,,,,,,,,,,,,,,,,,,,,,,,,,,,,,,,,,,,,,,,,,,,,,,,62.0,93.6,2294,-9.4,-17.2,14.2,18.0,1.6,27.0,81.5,2216,14.5,-41.0,0.5,14.8,1.7,11.0,86.5,1980.0,-14.5,-27.3,9.6,17.7,True
"Martin, Davis",663436,2026,29,22,122.0,513,466,123,84,29,20.9,7.2,0.271,0.417,0.318,0.33,0.333,0.146,0.365,0.383,0.341,0.351,-0.007,-0.026,-0.012,35.4,6.7,44.1,79.054161648,94.84761304,66.8,13.8,32.5,41.6,58.4,138,332,52.5,1021,73.5,7.6,268,1133,544,1977,86.2,85,618,47.5,925,40.2,782,23.8,48.8,39.8,38.7,21.5,362,57.1,42.8,155,21.8,79,29.0,105,6.4,23,R,1945,35.9,26.8,93.9,2411.0,-5.4,-16.9,14.1,15.2,1.5,13.7,87.1,2604.0,4.8,-34.7,1.2,5.6,1.3,13.8,90.1,2118.0,-13.5,-32.5,1.1,13.8,1.4,14.2,81.7,2879.0,13.9,-48.9,-7.8,16.2,1.4,18.5,92.8,2398.0,-14.2,-23.8,8.0,16.5,1.1,13.0,89.7,2575.0,1.8,-26.6,7.3,7.9,1.2,,,,,,,,,,,,,,,,,,,,,,,,,,,,,,,,,,,,,,,,,,,,,,,,,58.3,92.6,2444,-6.6,-21.3,10.6,14.0,2.3,28.0,84.3,2743,9.5,-41.9,-3.4,11.0,3.3,13.8,90.1,2118.0,-13.5,-32.5,1.1,13.8,False
"Martinez, Nick",607259,2025,34,40,165.2,683,621,158,91,44,17.0,6.1,0.257,0.41,0.317,0.312,0.308,0.153,0.354,0.348,0.307,0.313,-0.003,0.025,0.005,37.0,7.0,34.5,78.23181311,93.267375748,65.5,14.2,24.6,38.6,61.4,110,285,44.9,1158,72.5,8.9,510,1516,551,2578,85.8,132,930,55.1,1420,45.7,1179,19.9,47.1,43.5,33.7,22.7,519,61.3,39.3,204,27.7,144,24.9,129,8.1,42,R,2577,57.8,21.0,92.6,2316.0,-5.5,-14.2,17.8,18.7,1.1,10.4,85.0,2432.0,0.7,-35.9,1.9,2.7,1.3,19.8,78.5,2010.0,-11.2,-39.4,5.0,12.5,1.5,11.0,79.8,2586.0,2.0,-59.8,-16.5,16.7,1.2,16.9,92.5,2293.0,-13.1,-17.9,14.1,19.4,1.1,21.0,89.1,2365.0,1.9,-22.8,11.4,11.8,1.2,,,,,,,,,,,,,,,,,,,,,,,,,,,,,,,,,,,,,,,,,,,,,,,,,58.8,91.3,2327,-5.0,-18.3,14.5,16.4,2.2,21.4,82.3,2512,1.4,-48.2,-7.6,9.9,3.1,19.8,78.5,2010.0,-11.2,-39.4,5.0,12.5,False
"McClanahan, Shane",663556,2022,25,28,166.1,640,597,116,81,16,30.3,5.8,0.206,0.339,0.248,0.262,0.256,0.134,0.325,0.347,0.287,0.305,-0.012,-0.022,-0.014,31.6,6.4,32.6,76.838288308,93.270402693,66.4,25.5,32.5,52.4,47.6,208,397,49.7,1223,75.3,7.2,626,877,960,2463,74.5,210,823,50.3,1240,43.9,1081,34.3,49.5,38.5,37.3,24.2,405,62.8,50.6,205,21.0,85,23.2,94,5.2,21,L,2463,39.0,35.6,96.7,2233.0,10.8,-11.7,17.7,20.9,1.5,15.4,89.3,2348.0,-3.6,-30.5,3.7,6.1,2.0,25.4,87.7,1732.0,16.0,-25.4,10.5,19.4,1.4,23.5,82.0,2628.0,-7.6,-52.1,-11.3,13.7,1.9,,,,,,,,,,,,,,,,,,,,,,,,,,,,,,,,,,,,,,,,,,,,,,,,,,,,,,,,,,,,,,,,,35.6,96.7,2233,10.8,-11.7,17.7,20.9,1.5,39.0,84.9,2517,-6.0,-43.5,-5.3,10.7,4.4,25.4,87.7,1732.0,16.0,-25.4,10.5,19.4,False
"McCullers Jr., Lance",621121,2021,27,28,162.1,684,596,122,80,26,27.0,11.1,0.205,0.314,0.283,0.284,0.305,0.109,0.324,0.325,0.296,0.297,0.0,0.01,-0.001,25.9,5.3,40.7,79.44787034,94.33949129,59.4,16.6,26.0,57.2,42.8,222,388,53.4,1490,69.2,7.6,383,988,1417,2788,83.4,128,771,46.6,1298,38.6,1077,30.2,41.6,35.1,37.0,27.8,413,55.6,56.9,235,19.9,82,19.9,82,3.4,14,R,2788,31.4,,,,,,,,,,,,,,,,,13.7,85.8,1682.0,-17.2,-37.6,-0.3,17.5,1.5,25.0,84.2,2923.0,11.9,-49.2,-10.4,16.0,1.6,34.0,93.9,2114.0,-13.7,-24.9,6.1,15.2,1.7,1.4,89.9,2511.0,2.2,-27.9,5.8,7.5,1.4,,,,,,,,,,,,,,,,,25.9,86.0,2797.0,13.7,-32.5,4.6,14.8,1.4,,,,,,,,,,,,,,,,,,,,,,,,,35.4,93.8,2130,-13.0,-25.1,6.1,14.9,1.9,50.8,85.1,2859,12.8,-40.7,-2.8,15.4,1.8,13.7,85.8,1682.0,-17.2,-37.6,-0.3,17.5,False
"McGreevy, Michael",700241,2026,25,22,120.1,487,453,114,72,24,16.6,6.2,0.289,0.498,0.31,0.36,0.333,0.21,0.346,0.411,0.303,0.351,-0.037,-0.079,-0.05,33.8,10.4,43.6,79.666929731,95.057104286,63.4,8.6,28.8,38.0,62.0,113,297,53.3,1030,73.0,6.5,383,1041,507,1931,91.4,49,571,46.7,901,42.0,811,18.7,45.0,35.6,41.2,23.1,376,57.5,44.9,169,26.9,101,25.0,94,3.2,12,R,1931,33.2,25.2,91.8,2237.0,-8.4,-19.8,12.6,15.2,1.3,4.5,83.6,2408.0,3.6,-40.8,-1.9,4.8,1.4,19.8,86.8,1730.0,-13.5,-34.4,2.1,13.9,1.2,11.8,78.3,2515.0,12.9,-56.8,-11.9,17.6,1.6,16.7,90.7,2187.0,-12.1,-28.3,4.9,13.4,1.3,12.0,87.3,2315.0,1.4,-29.5,6.3,6.8,1.5,,,,,,,,,,,,,,,,,10.0,81.6,2453.0,14.1,-42.8,-1.6,14.3,1.3,,,,,,,,,,,,,,,,,,,,,,,,,53.9,90.4,2239,-7.4,-24.6,8.8,12.8,2.4,26.3,80.5,2473,11.7,-48.7,-6.3,14.2,2.7,19.8,86.8,1730.0,-13.5,-34.4,2.1,13.9,False
"McKenzie, Triston",663474,2022,24,31,191.1,741,688,138,82,29,25.6,5.9,0.22,0.416,0.268,0.298,0.272,0.195,0.328,0.373,0.276,0.304,-0.019,-0.058,-0.03,37.3,9.8,40.6,80.393226331,94.253239919,71.9,17.8,32.0,48.5,51.5,210,433,48.2,1354,78.8,8.6,0,1575,1232,2807,82.2,186,1045,51.8,1453,41.4,1163,26.8,52.7,35.7,38.4,25.9,502,62.5,34.3,172,32.3,162,23.5,118,10.0,50,R,2807,51.9,56.1,92.5,2312.0,-3.0,-11.6,20.5,20.8,1.5,21.9,87.3,2197.0,5.3,-25.7,9.9,11.6,1.6,,,,,,,,,21.9,79.4,2198.0,7.9,-51.3,-8.0,11.5,1.6,,,,,,,,,,,,,,,,,,,,,,,,,,,,,,,,,,,,,,,,,,,,,,,,,,,,,,,,,,,,,,,,,56.1,92.5,2312,-3.0,-11.6,20.5,20.8,1.5,43.9,83.3,2197,6.6,-38.5,1.0,11.6,4.7,,,,,,,,False
"McLean, Nolan",690997,2026,24,23,130.2,548,482,104,68,22,28.5,8.8,0.223,0.349,0.293,0.296,0.31,0.127,0.356,0.361,0.317,0.329,-0.007,0.0,-0.003,35.0,7.0,36.0,76.210183988,93.737987477,60.9,16.2,28.0,43.7,56.3,138,316,52.0,1130,65.7,6.6,140,1369,662,2171,83.8,103,634,48.0,1041,41.7,905,25.4,43.8,38.7,31.4,29.9,331,60.2,46.2,153,23.0,76,25.1,83,5.7,19,R,2171,31.0,20.8,96.1,2330.0,-11.7,-15.9,13.9,18.3,1.2,1.3,86.8,2958.0,10.0,-31.1,5.4,11.6,1.7,6.4,88.1,1228.0,-12.5,-38.1,-2.5,13.2,1.7,14.7,81.9,3358.0,17.4,-55.1,-13.3,22.0,1.9,32.5,95.1,2204.0,-17.7,-25.3,5.2,18.6,1.4,9.8,92.0,2549.0,0.9,-25.7,6.5,6.9,1.6,,,,,,,,,,,,,,,,,14.5,84.9,3008.0,18.4,-39.8,-1.4,18.7,1.7,,,,,,,,,,,,,,,,,,,,,,,,,63.1,94.9,2299,-12.8,-22.2,8.3,16.7,2.0,30.5,83.5,3175,17.6,-46.9,-6.9,20.0,2.5,6.4,88.1,1228.0,-12.5,-38.1,-2.5,13.2,False
"Messick, Parker",800048,2026,25,22,129.2,542,497,104,66,21,25.1,7.0,0.223,0.337,0.268,0.273,0.28,0.114,0.324,0.332,0.286,0.307,-0.014,0.009,-0.005,32.4,5.2,33.0,76.102081167,93.396125655,67.0,18.4,31.6,39.5,60.5,138,349,52.5,1105,77.8,6.8,498,1291,316,2105,81.6,123,670,47.5,1000,41.8,879,25.6,48.4,38.4,33.2,28.3,367,60.9,45.0,165,21.3,78,22.1,81,11.7,43,L,2105,42.1,38.1,94.2,2165.0,5.3,-14.2,16.6,17.6,1.6,4.8,86.7,2348.0,-5.9,-31.8,4.2,7.9,1.6,23.7,85.8,1847.0,14.9,-35.4,1.8,15.1,1.4,10.2,79.2,2285.0,-14.0,-49.9,-6.0,15.4,1.5,16.6,92.6,2053.0,13.1,-21.6,10.2,16.7,1.4,6.6,90.5,2155.0,-2.5,-23.5,9.7,10.4,1.4,,,,,,,,,,,,,,,,,,,,,,,,,,,,,,,,,,,,,,,,,,,,,,,,,61.3,93.4,2134,6.6,-17.2,14.2,16.6,2.0,15.0,81.6,2305,-11.4,-44.1,-2.7,13.0,4.0,23.7,85.8,1847.0,14.9,-35.4,1.8,15.1,False
"Mikolas, Miles",571945,2022,33,33,202.1,805,751,170,112,31,19.0,4.8,0.251,0.414,0.279,0.31,0.293,0.163,0.319,0.36,0.281,0.315,-0.025,-0.041,-0.031,35.1,7.0,36.0,76.747856744,93.485106739,67.8,12.8,27.9,34.6,65.4,144,416,47.3,1492,76.9,7.7,124,1562,1466,3152,87.2,144,1125,52.7,1660,45.5,1433,18.7,48.9,38.3,36.1,25.6,606,63.4,45.9,278,25.2,153,23.8,144,5.1,31,R,3152,48.0,27.1,93.5,2291.0,-4.9,-16.3,15.0,15.9,1.5,25.4,87.7,2381.0,3.9,-31.1,4.3,6.2,1.4,3.9,82.6,1570.0,-12.0,-31.1,9.2,15.5,3.6,21.1,76.0,2547.0,8.7,-63.3,-15.3,17.7,2.2,22.4,92.9,2233.0,-13.3,-19.5,12.3,18.3,1.5,,,,,,,,,,,,,,,,,,,,,,,,,4.1,80.8,2385.0,12.5,-43.6,-1.4,12.9,1.3,,,,,,,,,,,,,,,,,,,,,,,,,49.6,93.3,2265,-8.7,-17.7,13.8,17.0,1.5,46.5,82.4,2456,6.0,-45.7,-4.6,11.4,6.8,3.9,82.6,1570.0,-12.0,-31.1,9.2,15.5,False
"Miley, Wade",489119,2021,34,28,163.0,690,627,166,112,35,18.1,7.2,0.249,0.401,0.317,0.312,0.308,0.153,0.355,0.349,0.329,0.311,0.016,0.007,0.005,31.8,6.1,34.2,73.012654016,93.173406821,70.4,18.5,30.7,32.8,67.2,151,460,57.8,1497,81.1,4.1,702,1658,232,2592,81.5,143,771,42.2,1095,46.6,1208,23.9,47.5,40.6,36.5,22.9,512,57.8,50.8,260,18.9,97,26.0,133,4.3,22,L,2592,54.1,16.0,89.9,2241.0,2.8,-17.1,16.7,17.0,1.4,5.3,79.2,2311.0,-11.6,-40.0,3.8,12.8,1.8,27.1,81.9,1808.0,14.8,-33.9,6.8,16.4,1.4,3.6,74.9,2339.0,-9.1,-56.5,-7.7,14.3,2.2,1.2,88.7,2025.0,13.7,-22.5,12.3,18.7,1.6,46.8,85.4,2275.0,-3.9,-30.3,7.0,8.3,1.6,,,,,,,,,,,,,,,,,,,,,,,,,,,,,,,,,,,,,,,,,,,,,,,,,64.0,86.6,2262,-1.9,-26.9,9.5,10.7,2.7,9.0,77.5,2322,-10.6,-46.7,-0.8,13.4,3.0,27.1,81.9,1808.0,14.8,-33.9,6.8,16.4,False
"Miller, Bryce",682243,2024,25,31,180.1,704,654,131,84,25,24.3,6.4,0.226,0.414,0.26,0.301,0.279,0.188,0.309,0.37,0.27,0.306,-0.026,-0.076,-0.041,32.8,9.8,41.2,80.650222167,94.328141625,69.8,17.3,27.1,43.4,56.6,158,364,48.9,1344,80.4,7.2,469,1695,585,2749,82.7,170,980,51.1,1405,42.9,1179,24.4,48.9,38.6,35.1,26.4,485,62.2,38.6,187,33.0,160,21.2,103,7.2,35,R,2749,43.1,42.1,95.2,2484.0,-6.3,-11.9,18.3,19.5,1.0,8.3,86.6,2541.0,3.2,-34.9,1.4,4.3,1.2,,,,,,,,,4.5,85.0,2332.0,1.7,-44.6,-6.8,7.2,1.3,17.3,94.7,2406.0,-15.9,-19.6,11.0,19.4,1.0,2.3,92.1,2552.0,0.3,-18.6,13.5,13.7,1.6,17.1,84.4,912.0,-9.9,-38.2,0.4,11.1,1.5,,,,,,,,,8.5,82.4,2258.0,14.8,-45.7,-5.3,15.9,1.7,,,,,,,,,,,,,,,,,,,,,,,,,61.7,94.9,2465,-8.8,-14.3,16.1,19.3,1.2,21.3,84.6,2384,7.5,-41.3,-3.0,9.5,2.5,17.1,84.4,912.0,-9.9,-38.2,0.4,11.1,False
"Mills, Alec",621219,2020,28,11,62.1,252,230,53,29,11,18.3,7.5,0.263,0.461,0.316,0.341,0.326,0.198,0.351,0.385,0.286,0.33,-0.033,-0.013,-0.025,30.8,9.2,39.5,74.541613913,93.6962775,61.1,12.5,30.2,27.1,72.9,42,155,54.3,513,66.7,5.4,144,564,237,945,87.5,33,264,45.7,432,44.9,424,17.9,44.3,40.0,35.1,24.9,185,61.1,48.1,89,21.6,40,23.2,43,7.0,13,R,945,32.2,25.3,89.8,2182.0,-9.5,-20.0,13.9,17.0,1.2,10.1,77.5,2584.0,16.5,-48.1,-2.4,17.0,1.4,15.2,80.7,1709.0,-15.2,-38.2,3.7,15.9,1.3,15.0,66.6,2378.0,12.9,-72.5,-10.5,16.7,1.8,34.4,89.9,2184.0,-16.2,-26.6,7.3,17.9,1.6,,,,,,,,,,,,,,,,,,,,,,,,,,,,,,,,,,,,,,,,,,,,,,,,,,,,,,,,,59.7,89.8,2183,-13.4,-23.8,10.1,17.5,1.4,25.1,71.0,2460,14.3,-62.7,-7.2,16.8,5.7,15.2,80.7,1709.0,-15.2,-38.2,3.7,15.9,False
"Misiorowski, Jacob",694819,2026,24,21,127.0,480,440,64,48,5,40.6,6.0,0.164,0.239,0.205,0.215,0.23,0.075,0.291,0.31,0.26,0.293,-0.019,-0.007,-0.01,34.4,2.8,34.4,76.252790248,92.947402975,66.3,28.0,35.1,59.4,40.6,189,318,47.9,906,69.1,7.9,28,1460,403,1891,72.0,183,653,52.1,985,42.6,806,38.3,51.3,30.4,35.6,34.0,247,68.8,46.6,115,23.9,59,21.9,54,7.7,19,R,1891,29.9,63.7,100.6,2624.0,-10.9,-11.6,15.5,19.0,2.1,10.8,92.0,2513.0,3.5,-29.4,2.8,6.7,2.3,1.5,92.5,2037.0,-15.7,-26.8,5.0,16.6,1.5,10.5,88.1,2231.0,5.9,-43.5,-8.2,10.4,1.7,,,,,,,,,13.5,96.0,2581.0,1.5,-22.5,7.1,7.6,1.4,,,,,,,,,,,,,,,,,,,,,,,,,,,,,,,,,,,,,,,,,,,,,,,,,77.2,99.8,2617,-8.7,-13.5,14.0,17.0,2.8,21.3,90.1,2375,4.7,-36.3,-2.6,8.5,3.0,1.5,92.5,2037.0,-15.7,-26.8,5.0,16.6,False
"Montas, Frankie",593423,2021,28,32,187.0,778,707,164,108,33,26.6,7.3,0.231,0.404,0.29,0.305,0.295,0.174,0.359,0.382,0.325,0.326,0.001,-0.032,-0.015,34.4,8.7,42.3,77.996835422,94.578879859,70.2,20.8,32.6,46.7,53.3,241,516,52.3,1585,80.4,7.2,673,1983,372,3028,79.2,211,1013,47.7,1443,43.6,1320,29.6,50.5,36.8,36.6,26.7,506,65.2,43.5,220,25.3,128,26.1,132,5.1,26,R,3028,51.5,30.2,96.4,2395.0,-7.3,-12.1,17.3,19.0,1.1,12.3,88.0,2477.0,5.6,-30.8,4.4,7.8,1.4,,,,,,,,,,,,,,,,,28.1,96.1,2305.0,-14.9,-15.5,14.1,20.6,1.3,7.2,90.5,2443.0,4.1,-26.6,6.6,8.5,1.4,22.2,87.5,1595.0,-11.5,-31.7,3.8,12.3,1.2,,,,,,,,,,,,,,,,,,,,,,,,,,,,,,,,,,,,,,,,,65.5,95.7,2362,-9.3,-15.1,14.8,18.5,2.4,12.3,88.0,2477,5.6,-30.8,4.4,7.8,1.4,22.2,87.5,1595.0,-11.5,-31.7,3.8,12.3,True
"Montgomery, Jordan",656756,2022,29,32,178.1,724,677,159,102,34,21.8,5.0,0.255,0.407,0.291,0.31,0.301,0.152,0.346,0.372,0.306,0.334,-0.02,-0.023,-0.019,34.1,7.1,37.5,77.803436381,93.693936452,69.0,20.5,33.3,41.1,58.9,191,465,51.5,1397,78.1,6.6,604,1506,605,2715,79.5,187,910,48.5,1318,42.7,1160,27.5,50.6,37.0,36.4,26.6,522,65.7,47.9,250,22.2,116,25.1,131,4.8,25,L,2715,42.1,16.5,93.0,2310.0,8.6,-16.6,15.0,17.4,1.3,0.2,87.1,2402.0,-2.5,-29.0,6.8,8.1,1.4,22.2,82.3,1679.0,10.9,-28.5,11.9,16.3,1.3,22.3,80.2,2263.0,-2.9,-47.7,-5.1,6.2,1.8,35.2,93.0,2210.0,16.8,-21.9,9.9,19.6,1.4,3.8,88.3,2387.0,-0.1,-25.7,9.3,9.7,1.9,,,,,,,,,,,,,,,,,,,,,,,,,,,,,,,,,,,,,,,,,,,,,,,,,55.5,92.7,2252,13.2,-20.6,11.4,18.3,2.0,22.3,80.2,2263,-2.9,-47.7,-5.1,6.2,1.8,22.2,82.3,1679.0,10.9,-28.5,11.9,16.3,True
"Morton, Charlie",450203,2021,37,33,185.2,756,669,136,100,17,28.6,7.7,0.215,0.336,0.264,0.284,0.294,0.122,0.318,0.351,0.296,0.317,-0.012,-0.027,-0.02,29.9,5.0,32.5,77.626260088,93.368970396,64.5,19.4,27.8,51.3,48.7,215,419,50.4,1505,77.1,7.7,159,1729,1099,2987,80.6,185,956,49.6,1482,43.4,1297,29.1,46.0,38.3,34.4,27.3,465,58.2,49.5,230,20.0,93,25.2,117,5.4,25,R,2987,24.7,36.4,95.5,2338.0,-13.1,-17.6,12.5,18.2,1.1,,,,,,,,,5.3,86.4,2100.0,-18.0,-33.8,3.0,18.4,1.4,36.8,80.7,3051.0,16.5,-52.5,-10.0,19.5,1.3,13.0,94.6,2117.0,-17.3,-24.8,5.8,18.4,1.2,8.4,87.5,2425.0,2.5,-31.7,3.8,5.3,1.5,,,,,,,,,,,,,,,,,,,,,,,,,,,,,,,,,,,,,,,,,,,,,,,,,57.9,94.2,2301,-11.8,-21.3,9.7,16.3,3.3,36.8,80.7,3051,16.5,-52.5,-10.0,19.5,1.3,5.3,86.4,2100.0,-18.0,-33.8,3.0,18.4,True
"Musgrove, Joe",605397,2021,28,32,181.1,748,667,142,89,27,27.1,7.2,0.233,0.392,0.284,0.305,0.305,0.159,0.345,0.38,0.302,0.331,-0.02,-0.028,-0.021,33.8,7.2,38.5,76.746073648,93.540208734,63.4,18.4,31.0,52.8,47.4,245,464,51.0,1497,65.0,7.6,142,1282,1514,2938,81.8,168,913,49.0,1441,41.2,1209,30.0,46.9,39.1,38.3,22.6,473,60.8,45.0,213,26.8,127,22.0,104,6.1,29,R,2938,36.2,20.4,93.3,2600.0,-5.0,-18.6,12.8,14.0,1.2,27.8,84.1,2784.0,14.0,-40.5,-1.6,14.3,1.2,4.8,87.1,2069.0,-9.2,-31.5,4.5,10.8,1.5,23.8,82.1,2808.0,11.0,-54.7,-13.7,17.7,1.2,5.1,93.2,2471.0,-10.5,-24.8,6.5,12.8,1.2,18.2,90.6,2633.0,1.7,-24.9,8.3,8.7,1.4,,,,,,,,,,,,,,,,,,,,,,,,,,,,,,,,,,,,,,,,,,,,,,,,,43.6,92.2,2599,-2.8,-21.9,10.2,11.6,2.0,51.5,83.1,2795,12.6,-47.0,-7.2,15.9,1.7,4.8,87.1,2069.0,-9.2,-31.5,4.5,10.8,True
"Márquez, Germán",608566,2020,25,13,81.2,344,316,78,53,16,21.2,7.3,0.259,0.391,0.292,0.315,0.315,0.132,0.338,0.37,0.317,0.339,-0.012,-0.018,-0.023,32.9,4.9,40.2,77.797894754,94.009115432,68.2,15.1,28.1,55.8,44.2,92,165,47.9,587,72.1,8.5,65,643,518,1226,84.9,66,436,52.1,639,41.7,511,26.3,49.0,39.4,36.2,24.4,246,66.3,50.8,125,16.3,40,28.0,69,4.9,12,R,1226,37.4,38.5,95.9,2157.0,-6.8,-16.1,13.6,15.3,1.6,16.9,87.9,2382.0,0.5,-31.0,4.0,4.7,1.6,5.3,86.8,1816.0,-13.4,-26.8,9.3,16.4,1.8,25.4,85.5,2728.0,3.6,-40.4,-3.3,5.5,2.1,13.9,94.7,2140.0,-13.2,-21.4,9.0,16.1,1.4,,,,,,,,,,,,,,,,,,,,,,,,,,,,,,,,,,,,,,,,,,,,,,,,,,,,,,,,,52.4,95.6,2152,-8.5,-17.5,12.3,15.5,1.7,42.3,86.5,2589,2.4,-36.7,-0.4,5.2,2.3,5.3,86.8,1816.0,-13.4,-26.8,9.3,16.4,True
"Nola, Aaron",605400,2020,27,12,71.1,289,263,54,33,12,33.2,8.0,0.222,0.354,0.272,0.283,0.289,0.132,0.368,0.388,0.321,0.348,-0.017,0.0,-0.011,34.5,5.4,38.1,76.996211205,93.982298795,60.7,20.6,36.5,45.1,54.9,106,235,56.1,644,66.1,5.4,314,528,306,1148,79.4,63,306,43.9,504,46.1,529,31.2,47.1,35.7,39.9,24.4,168,64.4,49.4,83,16.7,28,26.2,44,7.7,13,R,1148,19.2,24.5,92.8,2180.0,-13.8,-18.0,13.8,19.6,1.2,1.0,83.2,2312.0,3.5,-39.8,-0.5,4.0,1.3,27.4,84.9,1518.0,-14.5,-35.5,2.4,15.0,1.3,26.7,78.6,2499.0,15.1,-54.8,-10.2,18.3,1.3,21.5,91.8,2101.0,-17.4,-24.2,8.3,19.3,1.4,1.5,86.7,2179.0,1.0,-28.7,7.5,7.8,1.5,,,,,,,,,,,,,,,,,,,,,,,,,,,,,,,,,,,,,,,,,,,,,,,,,46.0,92.3,2143,-15.5,-20.9,11.2,19.5,1.4,26.7,78.6,2499,15.1,-54.8,-10.2,18.3,1.3,27.4,84.9,1518.0,-14.5,-35.5,2.4,15.0,False
"Ober, Bailey",641927,2024,28,31,178.2,709,655,136,75,29,26.9,6.1,0.209,0.384,0.282,0.284,0.264,0.175,0.354,0.357,0.291,0.294,-0.001,0.007,-0.002,34.8,8.3,34.3,76.699154464,93.270078151,71.4,23.0,33.5,41.6,58.4,189,454,50.3,1355,77.1,7.1,792,1028,876,2696,77.0,220,958,49.7,1341,44.4,1197,29.0,52.4,42.6,34.3,23.0,469,67.4,34.3,161,35.2,165,20.3,95,10.2,48,R,2696,35.0,38.1,91.7,2303.0,-7.9,-15.7,16.8,18.7,1.0,19.4,86.2,2071.0,3.6,-30.1,6.5,7.7,1.5,29.4,83.4,2038.0,-17.0,-33.7,5.7,18.1,1.2,1.3,76.1,2094.0,8.3,-56.3,-9.0,12.5,1.4,,,,,,,,,,,,,,,,,,,,,,,,,,,,,,,,,11.8,80.3,2018.0,12.3,-44.7,-2.2,12.9,1.5,,,,,,,,,,,,,,,,,,,,,,,,,38.1,91.7,2303,-7.9,-15.7,16.8,18.7,1.0,32.5,83.7,2053,6.9,-36.4,2.7,9.8,3.8,29.4,83.4,2038.0,-17.0,-33.7,5.7,18.1,True
"Ohtani, Shohei",660271,2022,27,28,166.0,660,610,124,85,23,33.2,6.7,0.202,0.316,0.255,0.255,0.257,0.114,0.346,0.347,0.315,0.314,0.001,0.0,0.0,32.0,6.4,33.2,76.028692589,93.179293104,68.2,22.7,28.6,59.1,40.9,217,367,48.7,1281,79.3,9.4,312,1048,1269,2629,77.3,209,920,51.3,1348,40.2,1056,33.1,49.0,37.8,36.3,25.9,394,60.6,41.9,165,26.6,105,22.8,90,8.6,34,R,2629,38.6,27.3,97.3,2218.0,-3.5,-14.5,14.5,15.0,1.9,2.4,85.2,2498.0,7.0,-43.5,-5.7,9.3,2.3,,,,,,,,,8.5,77.6,2482.0,11.2,-59.6,-13.5,17.6,3.4,3.7,97.2,1974.0,-16.1,-22.4,6.8,17.6,1.9,8.9,90.7,2378.0,3.6,-27.4,5.7,7.4,2.5,11.9,89.3,1274.0,-5.5,-31.9,2.5,6.8,2.0,,,,,,,,,37.4,85.3,2492.0,14.0,-32.7,5.0,15.3,2.1,,,,,,,,,,,,,,,,,,,,,,,,,39.9,95.8,2231,-3.1,-18.1,11.8,13.6,3.7,48.3,84.0,2491,13.2,-38.0,1.2,15.4,4.1,11.9,89.3,1274.0,-5.5,-31.9,2.5,6.8,True
"Oviedo, Johan",670912,2023,25,32,177.2,781,678,161,96,41,20.2,10.6,0.245,0.407,0.319,0.33,0.339,0.162,0.347,0.362,0.307,0.32,-0.008,-0.01,-0.011,32.2,7.6,40.2,77.184773602,94.173687869,69.9,16.0,24.7,52.2,47.8,199,381,51.7,1542,75.9,7.4,126,1313,1541,2980,83.9,161,1005,48.3,1438,42.1,1255,26.0,46.5,40.6,36.6,22.9,525,53.9,44.6,234,23.0,121,25.0,131,7.2,38,R,2980,30.2,38.8,95.8,2269.0,-9.8,-19.5,10.2,14.3,1.5,36.6,88.2,2470.0,5.1,-31.7,3.3,6.6,1.9,4.2,88.2,1822.0,-15.2,-27.5,7.7,17.1,1.7,15.1,81.0,2386.0,7.0,-42.5,-0.9,7.7,1.8,5.2,95.7,2303.0,-15.2,-21.0,9.0,17.8,1.6,,,,,,,,,,,,,,,,,,,,,,,,,,,,,,,,,,,,,,,,,,,,,,,,,,,,,,,,,44.1,95.8,2273,-10.4,-19.7,10.1,14.8,1.6,51.7,86.1,2446,5.6,-34.8,2.1,6.9,4.2,4.2,88.2,1822.0,-15.2,-27.5,7.7,17.1,False
"Pallante, Andre",669467,2025,26,31,162.2,715,640,173,116,32,15.5,8.7,0.258,0.402,0.334,0.321,0.328,0.144,0.359,0.341,0.324,0.312,0.012,0.029,0.013,28.7,6.6,39.9,77.928687634,94.458794676,68.5,13.1,25.4,44.8,55.2,162,362,52.4,1426,77.4,8.3,0,1562,1158,2720,86.8,116,887,47.6,1294,39.3,1070,22.3,45.9,42.7,35.3,22.0,536,62.4,59.9,321,18.1,97,19.2,103,3.0,16,R,2720,57.9,44.1,94.5,2307.0,-0.3,-20.6,9.9,10.3,1.3,28.5,87.4,2405.0,4.7,-36.4,-0.8,5.5,1.8,,,,,,,,,14.0,78.2,2804.0,3.7,-61.2,-16.1,16.7,1.7,13.3,95.0,2193.0,-10.0,-16.1,14.3,17.7,1.2,,,,,,,,,2.7,88.4,974.0,-8.3,-28.7,6.4,12.0,1.9,,,,,,,,,0.1,83.0,2554.0,11.4,-45.0,-5.1,12.7,1.5,,,,,,,,,,,,,,,,,,,,,,,,,57.4,94.6,2280,-2.6,-19.6,10.9,12.0,1.3,42.6,84.4,2537,4.4,-44.6,-5.9,9.2,5.2,2.7,88.4,974.0,-8.3,-28.7,6.4,12.0,False
"Parker, Mitchell",680730,2025,25,33,164.2,725,653,178,106,43,14.2,8.0,0.297,0.507,0.342,0.37,0.355,0.21,0.366,0.402,0.318,0.349,-0.024,-0.041,-0.028,37.5,9.7,50.0,82.502658484,95.835160597,70.3,12.4,29.2,39.9,60.1,146,366,46.4,1255,79.1,8.7,284,1501,920,2705,87.6,126,1020,53.6,1450,45.6,1234,19.6,51.2,37.9,36.1,26.1,560,61.9,37.7,211,27.9,156,27.5,154,7.0,39,L,2705,60.9,55.5,93.0,2168.0,5.8,-13.8,18.0,19.1,1.3,12.1,85.0,2266.0,-4.6,-35.2,2.6,6.2,1.3,,,,,,,,,22.0,81.1,2280.0,-0.7,-48.3,-7.0,7.3,1.4,,,,,,,,,,,,,,,,,10.5,85.4,958.0,6.9,-28.4,9.0,12.2,1.4,,,,,,,,,,,,,,,,,,,,,,,,,,,,,,,,,,,,,,,,,55.5,93.0,2168,5.8,-13.8,18.0,19.1,1.3,34.0,82.5,2275,-2.1,-43.7,-3.6,6.9,2.5,10.5,85.4,958.0,6.9,-28.4,9.0,12.2,False
"Pepiot, Ryan",686752,2025,27,31,167.2,679,607,134,78,27,24.6,9.0,0.225,0.401,0.306,0.31,0.303,0.175,0.362,0.37,0.302,0.312,-0.004,0.003,-0.004,36.6,9.7,42.5,79.1526625,94.907501,69.8,20.1,28.6,41.5,58.8,153,369,47.8,1291,78.9,8.4,676,1454,568,2699,79.9,198,983,52.2,1408,42.8,1155,26.0,50.1,40.7,33.3,25.8,445,61.1,38.7,172,29.7,132,24.3,108,7.2,32,R,2698,41.3,45.0,95.2,2413.0,-7.9,-11.2,19.1,20.7,1.2,17.8,89.0,2590.0,6.8,-25.4,8.8,11.5,1.5,25.1,86.8,2506.0,-14.4,-34.1,2.1,14.7,1.5,3.3,80.8,2947.0,16.2,-53.5,-11.1,19.8,1.4,2.6,94.7,2390.0,-12.5,-14.9,15.7,20.2,1.3,6.3,91.6,2514.0,2.5,-18.4,13.9,14.3,1.4,,,,,,,,,,,,,,,,,,,,,,,,,,,,,,,,,,,,,,,,,,,,,,,,,53.9,94.7,2423,-6.9,-12.2,18.3,20.0,1.8,21.1,87.8,2645,8.3,-29.8,5.7,12.8,3.6,25.1,86.8,2506.0,-14.4,-34.1,2.1,14.7,False
"Peralta, Freddy",642547,2023,27,30,165.2,680,617,131,75,30,30.9,7.9,0.211,0.364,0.291,0.284,0.28,0.153,0.381,0.369,0.321,0.319,0.001,0.023,0.007,32.3,8.6,37.7,75.952795517,93.704981926,68.9,24.2,28.7,53.8,46.2,231,429,52.6,1493,74.7,6.6,415,1453,971,2839,75.8,224,927,47.4,1346,43.0,1221,33.6,47.8,42.5,30.6,26.9,409,62.4,42.8,175,27.1,111,20.5,84,9.5,39,R,2839,35.7,51.2,94.4,2414.0,-6.9,-15.3,15.5,17.1,1.7,8.2,83.1,2313.0,4.5,-39.4,0.1,5.2,1.4,14.6,88.6,1707.0,-14.2,-30.2,4.7,15.2,1.2,12.5,77.0,2177.0,4.2,-51.7,-5.4,7.2,2.1,0.1,95.3,2554.0,-5.0,-13.6,16.7,17.4,1.6,,,,,,,,,,,,,,,,,,,,,,,,,13.5,82.0,2360.0,9.3,-36.2,4.6,11.4,1.3,,,,,,,,,,,,,,,,,,,,,,,,,51.2,94.4,2414,-6.9,-15.3,15.5,17.1,1.7,34.2,80.4,2282,6.3,-42.6,-0.1,8.4,3.4,14.6,88.6,1707.0,-14.2,-30.2,4.7,15.2,False
"Peterson, David",656849,2025,29,30,168.2,723,643,166,118,35,20.7,9.0,0.27,0.407,0.311,0.331,0.344,0.137,0.35,0.379,0.335,0.353,-0.012,-0.037,-0.02,34.4,6.4,46.0,79.61366252,95.237705996,65.7,14.1,28.2,46.5,53.5,179,385,50.6,1365,71.8,6.7,412,1401,886,2699,85.9,124,877,49.4,1334,44.3,1196,24.0,46.8,41.6,35.6,22.8,500,63.8,55.4,277,16.0,80,26.6,133,2.0,10,L,2699,40.4,22.3,92.3,2132.0,4.6,-18.6,13.5,14.5,1.4,19.1,84.6,2314.0,-2.5,-38.2,0.0,3.2,1.5,15.3,84.6,1565.0,14.6,-33.9,4.6,15.6,1.7,13.7,78.7,2361.0,-6.5,-52.6,-8.1,10.6,1.7,29.6,91.3,2122.0,14.6,-25.3,7.8,16.7,1.5,,,,,,,,,,,,,,,,,,,,,,,,,,,,,,,,,,,,,,,,,,,,,,,,,,,,,,,,,51.9,91.7,2127,10.3,-22.4,10.3,15.7,1.6,32.8,82.1,2334,-4.2,-44.2,-3.4,6.3,3.6,15.3,84.6,1565.0,14.6,-33.9,4.6,15.6,False
"Pfaadt, Brandon",694297,2024,25,32,181.2,760,707,183,122,31,24.3,5.5,0.243,0.402,0.312,0.303,0.289,0.159,0.389,0.377,0.347,0.329,0.016,0.019,0.009,33.0,8.2,39.4,78.684914866,94.224942476,67.2,17.0,29.5,46.6,53.4,183,393,47.6,1330,77.9,7.8,331,1550,911,2793,83.0,167,983,52.4,1463,44.4,1240,25.4,49.3,43.0,31.8,25.2,528,70.7,42.2,223,28.8,152,22.9,121,6.1,32,R,2792,27.7,33.3,93.8,2557.0,-5.6,-16.1,14.8,16.0,1.3,,,,,,,,,11.3,87.5,2074.0,-15.5,-32.0,3.7,16.1,1.4,5.3,80.8,2599.0,12.8,-50.1,-8.2,15.6,1.6,22.2,93.7,2398.0,-15.1,-24.6,6.7,16.6,1.4,9.2,89.8,2757.0,2.3,-27.0,6.7,7.4,1.3,0.6,89.6,1641.0,-4.1,-25.7,8.0,9.4,1.4,,,,,,,,,27.3,84.8,2838.0,11.3,-31.5,6.5,13.4,1.3,,,,,,,,,,,,,,,,,,,,,,,,,55.5,93.8,2493,-9.4,-19.5,11.6,16.3,1.4,32.6,84.2,2799,11.6,-34.5,4.1,13.7,2.1,11.9,87.6,2053.0,-14.9,-31.7,3.9,15.8,False
"Pivetta, Nick",601713,2022,29,33,179.2,773,691,175,111,36,22.6,9.4,0.246,0.451,0.33,0.336,0.322,0.205,0.387,0.396,0.337,0.328,0.007,-0.026,-0.006,36.3,9.1,45.6,80.450207336,94.88258417,68.3,17.5,25.8,40.4,59.6,157,389,48.9,1506,76.8,8.4,70,2093,919,3082,82.5,188,1077,51.1,1576,42.8,1320,23.5,47.6,41.2,35.4,23.5,520,60.0,38.5,200,27.3,142,25.4,132,8.8,46,R,3082,55.3,51.0,93.4,2310.0,-5.1,-10.9,20.6,21.3,1.3,2.8,83.0,2476.0,6.9,-42.0,-2.3,7.8,1.7,0.0,91.9,2329.0,-16.9,-8.9,24.9,30.1,,27.0,77.2,2710.0,7.9,-65.3,-18.5,20.2,1.6,2.3,93.3,2236.0,-10.1,-14.7,16.8,19.8,1.4,16.9,86.2,2294.0,5.5,-32.3,4.4,8.0,1.7,2.2,87.0,1152.0,-8.1,-27.7,8.3,12.0,1.7,,,,,,,,,18.6,81.9,2443.0,13.2,-37.9,3.2,14.1,1.5,,,,,,,,,,,,,,,,,,,,,,,,,67.9,91.6,2306,-2.4,-16.2,16.6,18.0,3.8,29.8,77.7,2688,7.8,-63.1,-17.0,19.0,2.5,2.3,87.1,1169.0,-8.2,-27.4,8.5,12.3,False
"Pérez, Martín",527048,2020,29,12,62.0,262,229,55,31,16,17.6,10.7,0.25,0.422,0.325,0.334,0.34,0.172,0.342,0.356,0.299,0.313,-0.01,-0.007,-0.009,34.6,7.7,29.2,75.493130333,92.55774838,66.2,20.3,23.7,26.5,73.5,35,132,53.9,557,74.1,5.6,266,670,97,1033,79.7,64,315,46.1,476,46.4,479,22.1,43.3,39.5,35.1,25.4,185,64.9,39.5,73,24.9,46,27.6,51,8.1,15,L,1033,45.6,15.1,92.2,2049.0,10.7,-17.2,15.1,18.6,1.5,1.4,84.5,2398.0,-3.5,-32.7,5.5,7.3,1.4,25.8,83.7,1704.0,14.4,-29.7,9.4,17.3,1.4,9.4,77.7,2521.0,-5.5,-50.4,-5.2,7.9,1.5,17.7,91.9,1951.0,17.0,-22.4,10.0,19.8,1.7,32.0,88.8,2180.0,0.8,-24.0,10.6,10.9,1.6,,,,,,,,,,,,,,,,,,,,,,,,,,,,,,,,,,,,,,,,,,,,,,,,,64.9,90.4,2087,7.5,-22.0,11.5,15.1,2.4,9.4,77.7,2521,-5.5,-50.4,-5.2,7.9,1.5,25.8,83.7,1704.0,14.4,-29.7,9.4,17.3,True
"Quantrill, Cal",615698,2022,27,32,186.1,770,702,178,126,30,16.6,6.1,0.257,0.431,0.305,0.324,0.312,0.174,0.334,0.359,0.306,0.313,-0.003,-0.042,-0.019,33.3,7.5,35.7,76.145610174,93.608907247,68.2,13.2,32.2,28.1,71.9,143,509,54.2,1583,74.0,6.7,346,2448,125,2920,86.8,120,912,45.8,1337,42.7,1247,18.5,48.7,33.3,35.9,30.8,585,64.0,42.4,248,25.5,149,23.6,138,8.5,50,R,2919,45.0,9.7,93.9,2192.0,-9.1,-14.1,16.9,19.3,1.2,,,,,,,,,11.9,85.3,1532.0,-12.3,-30.0,7.5,14.6,1.3,4.3,82.7,2447.0,3.7,-42.9,-3.1,5.4,2.0,38.2,93.5,2087.0,-12.4,-16.7,14.6,19.3,1.2,36.0,88.5,2238.0,2.7,-27.8,7.0,8.0,1.6,,,,,,,,,,,,,,,,,,,,,,,,,,,,,,,,,,,,,,,,,,,,,,,,,83.9,91.4,2164,-5.6,-21.2,11.6,14.4,3.2,4.3,82.7,2447,3.7,-42.9,-3.1,5.4,2.0,11.9,85.3,1532.0,-12.3,-30.0,7.5,14.6,True
"Quintana, Jose",500779,2022,33,32,165.2,679,626,154,110,35,20.2,6.9,0.256,0.387,0.286,0.307,0.311,0.132,0.326,0.354,0.314,0.327,-0.01,-0.044,-0.021,34.4,5.5,35.8,74.438826914,93.299908909,68.3,15.5,32.8,37.0,63.0,190,514,57.5,1566,75.7,5.1,531,1427,766,2724,84.5,123,791,42.5,1158,43.1,1175,24.0,47.9,34.4,40.1,25.5,491,61.6,47.0,231,20.8,102,26.7,131,5.5,27,L,2724,44.5,36.0,91.2,2078.0,2.4,-17.7,15.2,15.5,1.1,,,,,,,,,19.5,86.4,1319.0,11.7,-30.8,5.9,13.6,1.2,22.0,78.3,2263.0,-7.1,-52.7,-8.2,11.0,1.0,16.4,91.4,2070.0,12.5,-19.7,13.0,18.2,1.1,,,,,,,,,,,,,,,,,,,,,,,,,,,,,,,,,6.2,78.6,2255.0,-10.7,-46.1,-1.7,11.1,1.0,,,,,,,,,,,,,,,,,52.4,91.3,2075,5.6,-18.3,14.5,16.3,1.1,28.1,78.4,2261,-7.9,-51.2,-6.8,11.0,1.0,19.5,86.4,1319.0,11.7,-30.8,5.9,13.6,False
"Ragans, Cole",666142,2024,26,32,186.1,762,685,146,96,32,29.3,8.8,0.213,0.344,0.277,0.284,0.289,0.13,0.346,0.358,0.315,0.317,0.0,-0.01,-0.007,31.8,6.2,35.4,77.675891223,93.553010853,69.7,24.2,29.8,48.8,51.2,236,484,52.1,1623,82.5,6.8,740,1655,723,3118,75.8,252,1042,47.9,1495,43.2,1346,32.0,48.9,38.0,34.3,27.7,466,58.7,41.4,193,27.3,127,23.6,110,7.7,36,L,3118,45.1,41.7,95.4,2553.0,12.6,-12.9,17.3,21.5,1.8,12.8,86.0,2542.0,-0.9,-36.3,0.4,3.0,1.9,23.7,84.8,2161.0,16.0,-25.9,12.3,20.3,1.8,10.4,80.8,2471.0,-10.2,-55.0,-12.7,16.5,1.7,0.1,96.3,2567.0,14.1,-12.7,17.0,22.1,1.5,11.3,90.8,2503.0,1.0,-23.2,9.8,10.1,2.2,,,,,,,,,,,,,,,,,,,,,,,,,,,,,,,,,,,,,,,,,,,,,,,,,53.1,94.4,2542,10.1,-15.1,15.7,19.1,2.9,23.2,83.6,2510,-5.1,-44.6,-5.5,9.0,3.4,23.7,84.8,2161.0,16.0,-25.9,12.3,20.3,True
"Rasmussen, Drew",656876,2026,30,21,117.1,485,456,91,65,13,26.8,4.5,0.226,0.348,0.247,0.272,0.271,0.122,0.307,0.343,0.278,0.316,-0.026,-0.037,-0.025,31.2,6.7,33.0,76.815617284,93.552956749,67.3,14.6,33.6,47.1,52.9,153,325,50.7,968,79.9,8.3,232,1550,129,1911,85.4,93,635,49.3,943,42.8,817,25.6,50.2,45.0,33.0,22.0,327,66.6,45.3,148,22.9,75,24.2,79,7.6,25,R,1911,52.6,28.8,96.0,2515.0,-4.3,-12.2,17.6,18.3,1.0,,,,,,,,,12.1,90.0,1206.0,-12.2,-31.4,2.6,13.1,1.0,4.0,80.3,2614.0,4.7,-55.4,-12.6,13.7,1.7,22.6,95.4,2416.0,-16.2,-17.7,12.5,20.6,1.0,29.7,90.1,2645.0,4.5,-29.8,3.9,6.7,1.7,,,,,,,,,,,,,,,,,2.7,84.6,2500.0,12.5,-38.9,-0.5,12.8,1.3,,,,,,,,,,,,,,,,,,,,,,,,,81.1,93.7,2535,-4.4,-20.2,11.2,14.7,3.4,6.8,82.0,2568,7.9,-48.7,-7.7,13.3,2.5,12.1,90.0,1206.0,-12.2,-31.4,2.6,13.1,True
"Ray, Robbie",592662,2021,29,32,193.1,773,714,150,83,31,32.1,6.7,0.215,0.401,0.287,0.293,0.272,0.186,0.39,0.4,0.321,0.33,-0.005,0.0,-0.006,34.3,9.9,43.1,79.567923906,94.918518906,73.0,22.6,30.3,56.4,43.6,264,468,49.3,1547,84.1,8.8,113,1869,1159,3141,77.4,263,1164,50.7,1594,41.3,1296,32.3,52.0,38.4,36.5,25.2,469,61.6,37.3,175,29.4,138,23.7,111,9.6,45,L,3141,46.4,59.2,94.8,2272.0,8.2,-13.5,17.1,19.1,1.4,30.8,88.6,2186.0,-1.0,-27.6,7.2,7.6,1.6,3.6,88.2,1726.0,10.2,-21.8,13.4,17.1,1.7,6.1,82.5,2125.0,-1.3,-40.2,-0.1,2.5,1.9,0.3,95.1,2293.0,13.0,-15.8,14.6,19.6,1.5,,,,,,,,,,,,,,,,,,,,,,,,,0.4,80.0,2206.0,-10.1,-47.7,-4.5,12.0,1.5,,,,,,,,,,,,,,,,,,,,,,,,,59.5,94.8,2272,8.2,-13.5,17.1,19.1,1.4,36.9,87.6,2176,-1.0,-29.7,6.0,6.7,3.0,3.6,88.2,1726.0,10.2,-21.8,13.4,17.1,True
"Rea, Colin",607067,2024,33,32,167.2,714,656,169,105,33,18.9,6.0,0.269,0.463,0.327,0.342,0.323,0.194,0.374,0.395,0.322,0.338,-0.011,-0.016,-0.015,36.3,8.8,42.0,80.213678192,94.594415173,67.8,15.3,24.5,30.9,69.1,97,314,48.4,1282,83.5,8.0,235,1849,566,2650,84.7,142,927,51.6,1368,43.2,1144,19.3,46.8,45.1,31.0,24.0,526,64.8,39.5,208,30.4,160,24.1,127,5.9,31,R,2650,34.5,19.5,93.0,2174.0,-6.5,-17.8,13.8,15.4,1.3,11.0,86.1,2128.0,3.4,-37.4,-0.5,3.9,1.2,8.9,86.6,1413.0,-13.8,-32.4,4.1,14.7,1.4,4.5,78.9,2138.0,10.0,-53.3,-9.2,13.7,1.7,30.9,92.3,2144.0,-13.9,-23.1,9.0,16.7,1.3,19.4,87.6,2191.0,2.2,-28.3,7.1,7.8,1.5,,,,,,,,,,,,,,,,,16.9,82.0,2205.0,12.8,-41.6,-0.7,13.2,1.3,,,,,,,,,,,,,,,,,,,,,,,,,69.8,91.2,2166,-7.4,-23.1,9.8,13.9,2.9,21.4,81.3,2191,12.2,-44.1,-2.5,13.3,2.0,8.9,86.6,1413.0,-13.8,-32.4,4.1,14.7,False
"Rodriguez, Eduardo",593958,2026,33,23,136.1,562,514,124,81,27,16.4,8.0,0.268,0.452,0.302,0.338,0.327,0.184,0.326,0.374,0.294,0.326,-0.027,-0.071,-0.036,34.8,8.7,36.2,77.197231579,93.661690598,67.6,12.4,30.0,35.3,64.7,123,348,53.7,1159,69.2,5.6,580,1302,277,2160,87.6,84,677,46.3,1001,44.4,960,20.2,47.5,36.0,37.4,26.6,425,61.0,41.9,178,28.2,120,24.0,102,5.9,25,L,2159,43.3,38.7,92.0,2291.0,6.5,-16.5,15.8,17.2,1.3,,,,,,,,,26.9,85.8,1870.0,15.7,-31.2,6.0,16.9,1.5,12.8,79.6,2306.0,-4.9,-49.0,-5.9,7.9,2.0,8.8,91.5,2235.0,12.1,-19.7,13.0,17.8,1.3,12.7,88.6,2282.0,-2.0,-26.4,8.3,8.7,1.4,,,,,,,,,,,,,,,,,,,,,,,,,,,,,,,,,,,,,,,,,,,,,,,,,60.3,91.2,2281,5.5,-19.0,13.8,15.5,2.0,12.8,79.6,2306,-4.9,-49.0,-5.9,7.9,2.0,26.9,85.8,1870.0,15.7,-31.2,6.0,16.9,False
"Rodón, Carlos",607074,2022,29,31,178.0,710,649,131,87,31,33.4,7.3,0.196,0.319,0.255,0.256,0.258,0.123,0.343,0.345,0.316,0.307,0.006,-0.011,-0.001,33.6,6.5,39.8,79.131004203,93.698768499,68.5,23.5,31.2,48.1,51.9,224,466,50.0,1493,75.7,7.4,59,1826,1100,2985,76.5,240,1022,50.0,1492,43.1,1288,31.2,49.8,35.0,36.5,28.5,417,61.5,35.3,147,29.5,123,25.4,106,9.8,41,L,2985,48.8,60.9,95.5,2352.0,6.0,-12.0,18.1,19.1,1.9,31.1,85.4,2447.0,-8.1,-38.6,-1.1,8.6,2.0,2.0,84.6,1757.0,13.7,-27.4,11.0,17.8,1.5,5.7,79.8,2454.0,-6.4,-55.5,-12.3,14.0,2.2,0.3,95.1,1689.0,4.9,-12.3,18.0,18.7,1.6,3.5,91.8,2399.0,-0.3,-21.4,11.0,11.2,1.8,,,,,,,,,,,,,,,,,,,,,,,,,,,,,,,,,,,,,,,,,,,,,,,,,61.2,95.5,2349,6.0,-12.0,18.1,19.1,1.9,36.9,84.5,2448,-7.8,-41.2,-2.9,9.5,3.1,2.0,84.6,1757.0,13.7,-27.4,11.0,17.8,True
"Roupp, Landen",694738,2026,27,22,118.1,499,439,101,66,24,24.0,10.4,0.231,0.334,0.301,0.294,0.317,0.103,0.344,0.333,0.315,0.316,-0.001,0.021,0.007,33.4,4.3,29.7,75.807650382,92.575338339,61.1,13.8,30.0,41.6,58.4,153,368,58.2,1227,69.0,4.7,433,1128,546,2107,86.2,74,538,41.8,880,45.7,963,25.1,43.0,42.7,36.5,20.7,323,58.3,52.6,170,19.8,64,22.9,74,4.6,15,R,2107,23.6,5.0,92.9,2148.0,-10.9,-20.5,11.1,15.7,1.0,,,,,,,,,20.6,87.1,1869.0,-15.3,-38.5,-2.5,15.7,1.1,25.9,76.6,3070.0,19.1,-55.5,-8.4,21.0,1.0,35.0,93.3,2060.0,-17.3,-28.3,3.0,17.6,1.1,13.5,89.0,2344.0,3.0,-28.6,5.7,7.1,1.7,,,,,,,,,,,,,,,,,,,,,,,,,,,,,,,,,,,,,,,,,,,,,,,,,53.5,92.2,2141,-11.6,-27.7,4.4,14.8,2.5,25.9,76.6,3070,19.1,-55.5,-8.4,21.0,1.0,20.6,87.1,1869.0,-15.3,-38.5,-2.5,15.7,False
"Ryan, Joe",657746,2025,29,31,171.0,689,633,138,80,32,28.2,5.7,0.209,0.397,0.29,0.289,0.269,0.188,0.369,0.368,0.312,0.303,0.009,-0.005,0.001,33.1,11.5,41.9,79.815298733,94.608611131,69.8,22.0,25.3,40.1,59.9,128,319,45.1,1261,83.1,8.7,310,1750,734,2795,78.0,235,1070,54.9,1534,44.6,1247,26.1,49.7,36.0,37.4,26.6,444,66.0,36.9,164,32.2,143,20.3,90,10.6,47,R,2794,25.3,50.3,93.7,2295.0,-12.6,-17.7,13.7,18.7,1.6,9.2,87.9,2333.0,0.1,-28.6,6.7,7.2,1.8,,,,,,,,,3.9,79.1,2817.0,12.5,-53.7,-9.8,16.0,1.7,12.4,93.2,2141.0,-16.4,-23.1,8.5,18.6,1.6,,,,,,,,,11.1,87.6,2014.0,-15.3,-34.7,1.1,15.6,1.8,,,,,,,,,13.1,80.6,2783.0,15.7,-42.3,0.2,16.0,1.7,,,,,,,,,,,,,,,,,,,,,,,,,62.6,93.6,2264,-13.4,-18.8,12.7,18.7,1.6,26.3,83.0,2630,9.7,-39.2,1.0,12.9,4.4,11.1,87.6,2014.0,-15.3,-34.7,1.1,15.6,False
"Ryu, Hyun Jin",547943,2020,33,12,67.0,275,256,60,42,12,26.2,6.2,0.232,0.334,0.279,0.274,0.283,0.101,0.347,0.34,0.326,0.325,0.002,0.018,0.005,32.4,3.3,29.2,76.646542667,92.768601899,71.2,19.2,31.2,39.4,60.6,76,193,54.7,619,86.2,5.7,315,668,149,1132,80.8,70,365,45.3,513,45.5,515,26.2,49.3,43.8,29.2,27.0,185,58.2,52.4,97,17.8,33,23.2,43,6.5,12,L,1132,39.2,24.6,89.8,1995.0,9.7,-20.5,13.4,16.7,1.3,0.4,79.6,2104.0,-3.9,-43.9,-0.9,4.5,1.5,27.8,79.6,1478.0,13.2,-36.7,6.4,15.0,1.4,13.2,72.3,2542.0,-13.2,-66.7,-13.8,19.2,2.0,10.0,89.1,1953.0,15.7,-24.8,9.7,18.5,1.6,24.4,85.5,2026.0,-1.4,-30.0,7.1,7.6,1.5,,,,,,,,,,,,,,,,,,,,,,,,,,,,,,,,,,,,,,,,,,,,,,,,,59.0,87.9,2001,6.1,-25.2,10.2,13.2,2.7,13.2,72.3,2542,-13.2,-66.7,-13.8,19.2,2.0,27.8,79.6,1478.0,13.2,-36.7,6.4,15.0,True
"Sale, Chris",519242,2024,35,29,177.2,702,652,141,96,32,32.1,5.6,0.211,0.323,0.26,0.263,0.264,0.112,0.35,0.355,0.329,0.322,0.005,-0.004,-0.003,34.9,5.6,31.2,75.016805094,93.046190662,63.9,21.7,33.6,49.4,50.6,230,466,49.2,1386,65.4,7.3,400,1280,1135,2815,78.3,198,913,50.8,1429,43.0,1211,31.0,49.0,39.8,36.7,23.5,430,69.1,46.0,198,24.0,103,25.8,111,4.2,18,L,2815,10.9,38.2,94.8,2240.0,14.9,-20.5,10.1,18.1,1.8,40.3,78.6,2334.0,-11.0,-49.3,-4.7,12.1,2.4,14.2,86.9,1881.0,16.2,-36.2,0.2,16.3,2.0,,,,,,,,,7.2,93.9,2088.0,17.8,-28.5,2.7,18.0,1.9,,,,,,,,,,,,,,,,,,,,,,,,,,,,,,,,,,,,,,,,,,,,,,,,,,,,,,,,,45.5,94.7,2215,15.4,-21.8,8.9,18.1,1.9,40.3,78.6,2334,-11.0,-49.3,-4.7,12.1,2.4,14.2,86.9,1881.0,16.2,-36.2,0.2,16.3,False
"Scherzer, Max",453286,2020,35,12,67.1,295,269,70,47,12,31.2,7.8,0.252,0.431,0.319,0.321,0.312,0.179,0.434,0.44,0.391,0.382,0.008,-0.007,-0.002,41.9,8.5,36.3,77.195484023,94.048872832,71.7,25.8,30.0,47.8,52.2,89,186,51.0,619,80.0,7.8,194,675,344,1213,74.2,110,426,49.0,594,42.8,519,32.5,50.5,34.6,32.4,33.0,179,65.8,34.6,62,25.1,45,31.3,56,8.9,16,R,1213,25.4,46.0,94.7,2472.0,-10.5,-15.0,15.6,18.9,1.4,19.3,85.5,2384.0,4.1,-34.9,2.5,5.3,1.5,16.0,84.9,1440.0,-14.5,-35.0,2.9,15.0,1.4,9.1,77.1,2782.0,14.4,-55.0,-8.9,17.0,1.7,,,,,,,,,9.6,91.1,2574.0,-0.8,-23.8,9.0,9.2,1.2,,,,,,,,,,,,,,,,,,,,,,,,,,,,,,,,,,,,,,,,,,,,,,,,,55.6,94.0,2489,-8.8,-16.5,14.5,17.2,2.0,28.4,82.8,2511,7.4,-41.3,-1.1,9.0,4.4,16.0,84.9,1440.0,-14.5,-35.0,2.9,15.0,False
"Schlittler, Cam",693645,2026,25,24,139.2,555,512,102,65,22,30.8,5.6,0.212,0.342,0.256,0.268,0.265,0.13,0.335,0.355,0.297,0.318,-0.013,-0.016,-0.012,33.8,8.1,39.3,76.959956941,93.897125706,71.6,20.7,34.6,42.8,57.2,163,381,50.3,1102,80.4,7.7,0,1976,216,2193,79.1,162,781,49.7,1091,41.5,910,28.0,53.0,33.8,39.0,27.2,346,63.1,43.1,149,27.5,95,22.0,76,7.5,26,R,2192,43.5,44.3,97.9,2514.0,-5.4,-11.6,16.9,17.9,1.3,1.3,89.6,2512.0,6.7,-29.7,4.5,8.8,1.5,,,,,,,,,8.6,85.9,2535.0,5.4,-47.7,-10.5,12.0,2.0,19.8,97.7,2344.0,-13.7,-17.8,10.9,17.7,1.3,26.1,94.6,2569.0,5.6,-19.9,10.5,12.1,1.6,,,,,,,,,,,,,,,,,,,,,,,,,,,,,,,,,,,,,,,,,,,,,,,,,90.1,96.9,2492,-4.0,-15.4,13.7,16.2,2.2,9.9,86.3,2532,5.5,-45.4,-8.6,11.6,2.3,,,,,,,,False
"Sears, JP",676664,2023,27,32,172.1,735,662,165,94,33,21.9,7.2,0.242,0.457,0.335,0.332,0.314,0.214,0.394,0.389,0.327,0.32,0.007,0.008,0.003,32.7,11.1,38.4,77.25363428,94.084952044,71.6,20.3,29.5,36.2,63.8,150,414,48.9,1402,79.4,8.0,434,1441,992,2867,79.7,213,1049,51.1,1465,43.6,1249,24.8,51.0,40.2,31.1,28.7,505,64.8,30.5,154,35.4,179,21.8,110,12.3,62,L,2867,23.0,50.1,93.1,2135.0,11.2,-16.9,14.7,18.5,1.1,15.4,82.1,2464.0,-2.3,-33.9,6.7,7.7,1.4,15.1,84.1,1716.0,16.7,-35.4,3.3,17.1,1.3,0.0,81.6,2409.0,-9.4,-43.7,-2.8,9.8,1.3,0.1,92.4,2117.0,15.1,-23.5,8.5,17.7,1.5,,,,,,,,,,,,,,,,,,,,,,,,,19.1,81.0,2478.0,-10.6,-36.2,5.7,12.5,1.5,,,,,,,,,,,,,,,,,,,,,,,,,50.3,93.1,2135,11.2,-16.9,14.7,18.5,1.1,34.6,81.4,2472,-6.9,-35.2,6.1,10.4,1.5,15.1,84.1,1716.0,16.7,-35.4,3.3,17.1,False
"Senga, Kodai",673540,2023,30,29,166.1,694,606,126,88,21,29.1,11.1,0.222,0.369,0.282,0.305,0.314,0.146,0.338,0.377,0.309,0.332,-0.014,-0.042,-0.023,31.5,6.9,40.6,77.901311034,94.284814148,66.9,17.5,27.5,54.3,45.7,229,422,55.0,1537,81.8,6.3,664,1732,399,2795,82.5,147,842,45.0,1258,40.7,1137,29.7,45.2,39.9,34.7,25.4,409,56.9,44.0,180,24.9,102,21.8,89,9.3,38,R,2795,47.6,37.0,95.7,2283.0,-8.0,-13.4,16.6,18.5,1.7,5.8,84.6,2483.0,1.7,-36.7,1.4,4.0,2.0,,,,,,,,,2.6,72.7,2492.0,3.5,-63.5,-11.2,12.1,2.6,,,,,,,,,25.0,90.8,2498.0,0.6,-23.4,9.8,10.0,2.1,,,,,,,,,,,,,,,,,5.9,80.8,2578.0,12.4,-45.3,-3.1,13.2,2.9,,,,,,,,,23.8,83.2,1118.0,-7.2,-37.7,1.9,8.7,1.7,,,,,,,,,62.0,93.7,2369,-4.5,-17.5,13.8,15.1,3.3,14.3,80.9,2524,6.4,-45.2,-2.7,9.3,5.3,23.8,83.2,1118.0,-7.2,-37.7,1.9,8.7,False
"Senzatela, Antonio",622608,2020,25,12,73.1,303,279,71,49,10,13.5,5.9,0.272,0.428,0.309,0.329,0.324,0.156,0.325,0.351,0.296,0.318,-0.018,-0.019,-0.02,27.9,5.4,38.3,77.06990275,93.887047992,68.9,11.7,24.5,37.3,62.7,53,142,51.0,579,80.2,8.0,118,635,383,1136,88.3,45,384,49.0,557,44.8,509,18.6,46.3,42.1,33.3,24.6,240,62.0,50.8,122,21.3,51,22.1,53,5.8,14,R,1136,41.1,55.9,94.3,2140.0,-5.9,-20.0,10.6,12.3,1.5,24.8,86.4,2177.0,5.2,-34.6,1.8,5.9,1.8,10.4,86.4,2133.0,-8.2,-27.7,8.9,12.4,1.6,8.9,79.2,2312.0,7.5,-50.2,-6.7,10.3,1.8,,,,,,,,,,,,,,,,,,,,,,,,,,,,,,,,,,,,,,,,,,,,,,,,,,,,,,,,,,,,,,,,,55.9,94.3,2140,-5.9,-20.0,10.6,12.3,1.5,33.7,84.5,2213,5.8,-38.7,-0.5,7.1,3.8,10.4,86.4,2133.0,-8.2,-27.7,8.9,12.4,True
"Severino, Luis",622663,2024,30,31,182.0,761,684,166,118,23,21.2,7.9,0.239,0.381,0.308,0.307,0.31,0.142,0.35,0.349,0.317,0.312,0.004,0.002,0.001,30.4,5.7,35.6,75.272418577,93.515669191,70.8,15.7,29.7,37.7,62.3,159,422,49.3,1423,83.6,7.6,217,1975,697,2890,84.3,163,1038,50.7,1466,44.0,1271,22.0,50.6,35.9,36.6,27.5,527,63.5,46.3,244,25.2,133,20.3,107,8.2,43,R,2889,40.9,35.7,96.2,2220.0,-6.5,-13.9,15.7,17.1,1.4,7.0,86.8,2544.0,7.2,-35.4,1.0,8.2,1.8,7.5,86.1,1583.0,-14.0,-29.8,7.2,16.1,1.7,,,,,,,,,24.6,95.6,2090.0,-14.5,-18.4,11.6,18.6,1.3,8.1,92.6,2297.0,1.3,-24.0,7.9,8.5,1.6,,,,,,,,,,,,,,,,,17.2,85.1,2592.0,15.0,-35.2,2.7,15.8,1.5,,,,,,,,,,,,,,,,,,,,,,,,,68.4,95.5,2182,-8.4,-16.7,13.3,16.6,1.9,24.1,85.6,2578,12.7,-35.2,2.2,13.6,1.8,7.5,86.1,1583.0,-14.0,-29.8,7.2,16.1,True
"Singer, Brady",663903,2020,23,12,64.1,263,236,52,37,6,23.2,8.7,0.231,0.368,0.285,0.301,0.306,0.137,0.325,0.349,0.294,0.313,-0.011,-0.012,-0.016,28.8,4.5,40.1,77.398455843,94.126124972,57.7,14.3,27.1,44.3,55.7,66,149,51.3,549,76.6,7.2,50,620,401,1071,85.7,43,301,48.7,522,42.1,451,24.2,42.0,33.3,41.2,25.4,177,60.5,53.7,95,22.0,39,20.3,36,4.0,7,R,1071,35.5,0.7,92.9,2196.0,-8.4,-19.1,12.3,15.0,1.6,37.4,83.1,2387.0,4.8,-41.1,-1.7,5.6,1.4,4.7,87.8,2164.0,-15.6,-24.9,10.4,18.8,1.3,,,,,,,,,57.2,93.3,2241.0,-13.7,-19.2,12.1,18.3,1.2,0.0,82.8,2450.0,8.6,-30.9,9.7,13.0,1.4,,,,,,,,,,,,,,,,,5.2,82.1,2425.0,10.6,-37.9,2.5,11.3,1.3,,,,,,,,,,,,,,,,,,,,,,,,,57.9,93.3,2240,-13.6,-19.2,12.1,18.3,1.2,37.4,83.1,2387,4.8,-41.1,-1.7,5.6,1.4,4.7,87.8,2164.0,-15.6,-24.9,10.4,18.8,False
"Skenes, Paul",694973,2025,23,32,187.2,733,684,136,86,37,29.5,5.7,0.202,0.321,0.247,0.255,0.255,0.119,0.315,0.328,0.29,0.296,-0.003,-0.014,-0.008,29.4,5.8,40.1,75.47852,93.884708556,68.2,23.2,30.5,45.9,54.1,207,451,49.3,1477,72.9,7.1,731,1479,787,2997,76.8,241,1037,50.7,1520,45.0,1350,30.1,49.6,40.9,37.7,21.3,469,60.8,44.6,209,24.9,117,22.8,107,7.7,36,R,2997,23.4,38.9,98.2,2255.0,-14.0,-16.9,11.6,18.3,1.0,5.6,85.3,2316.0,3.3,-30.2,7.6,8.9,1.2,10.9,88.7,1808.0,-16.6,-29.6,5.4,17.6,1.4,4.8,83.9,2438.0,6.1,-41.3,-2.6,6.9,1.6,10.4,97.6,2268.0,-17.5,-22.4,6.4,18.8,1.1,,,,,,,,,13.5,93.7,1676.0,-13.4,-31.2,0.0,13.8,1.1,,,,,,,,,15.8,84.5,2333.0,11.4,-32.8,5.7,13.0,1.4,,,,,,,,,,,,,,,,,,,,,,,,,49.3,98.1,2258,-14.7,-18.1,10.5,18.4,1.0,26.3,84.5,2349,8.7,-33.8,4.6,11.0,1.4,24.4,91.5,1734.0,-14.8,-30.5,2.4,15.5,False
"Skubal, Tarik",669373,2024,27,31,192.0,753,705,142,99,24,30.3,4.6,0.204,0.331,0.246,0.258,0.251,0.127,0.322,0.341,0.296,0.301,-0.003,-0.02,-0.012,33.1,6.7,33.9,76.236530506,93.34039981,68.4,25.0,31.1,50.6,49.4,200,395,44.7,1270,79.8,8.9,770,1525,543,2866,75.0,268,1072,55.3,1568,43.2,1225,31.9,51.8,37.0,36.4,26.6,481,68.7,46.4,223,24.7,119,21.8,105,7.1,34,L,2838,48.3,33.2,96.9,2226.0,6.5,-12.9,16.3,17.6,1.6,14.9,88.7,2105.0,-2.3,-28.5,6.1,6.8,1.9,27.0,86.3,1689.0,14.9,-30.8,6.0,16.3,2.0,4.2,78.5,2322.0,-5.6,-52.2,-7.8,9.9,1.5,20.6,96.6,2116.0,14.5,-17.1,12.3,19.1,1.4,,,,,,,,,0.1,86.8,930.0,15.5,-31.6,5.1,17.1,1.5,,,,,,,,,,,,,,,,,,,,,,,,,,,,,,,,,,,,,,,,,53.7,96.8,2184,9.6,-14.5,14.7,18.2,1.5,19.1,86.5,2153,-3.0,-33.7,3.0,7.5,5.0,27.1,86.3,1686.0,14.9,-30.8,6.0,16.3,True
"Snell, Blake",605483,2023,30,32,180.0,742,636,115,78,22,31.5,13.3,0.205,0.352,0.266,0.3,0.315,0.147,0.312,0.376,0.284,0.325,-0.024,-0.066,-0.034,37.0,7.5,33.8,75.667264472,93.364914171,65.9,23.8,27.8,58.4,41.4,310,531,60.3,1911,71.2,5.1,584,1541,1043,3168,76.2,197,828,39.7,1257,42.0,1329,37.3,42.9,37.3,35.3,27.4,405,59.3,43.7,177,24.9,101,26.4,107,4.9,20,L,3168,57.5,48.6,95.5,2430.0,4.6,-11.4,18.8,19.4,1.4,13.1,88.4,2345.0,-3.0,-28.0,7.1,8.2,1.4,18.4,86.7,1796.0,12.8,-25.5,11.0,17.0,1.7,19.8,81.0,2399.0,-12.6,-52.6,-10.4,16.4,1.6,0.1,95.9,2411.0,6.6,-10.8,19.1,20.2,1.4,,,,,,,,,,,,,,,,,,,,,,,,,,,,,,,,,,,,,,,,,,,,,,,,,,,,,,,,,48.6,95.5,2430,4.6,-11.4,18.8,19.4,1.4,32.9,83.9,2377,-8.7,-42.8,-3.4,13.1,4.3,18.4,86.7,1796.0,12.8,-25.5,11.0,17.0,False
"Soriano, José",667755,2025,26,31,169.0,724,634,158,117,28,21.0,10.8,0.242,0.367,0.309,0.312,0.33,0.125,0.34,0.344,0.326,0.319,0.007,-0.014,-0.003,26.8,7.2,48.2,79.974239247,95.946385146,63.3,14.7,27.0,54.4,45.6,209,384,51.1,1423,70.2,7.7,266,1607,911,2784,85.3,127,862,48.9,1361,43.4,1209,27.0,44.8,36.7,42.4,20.9,488,57.9,66.0,322,12.1,59,20.3,99,1.6,8,R,2784,36.4,8.6,97.9,2225.0,-8.5,-15.3,13.3,15.9,1.2,6.0,89.2,2426.0,2.0,-34.5,-0.2,3.0,1.8,0.4,86.9,1221.0,-5.8,-37.1,-0.6,7.9,1.4,26.7,85.2,2489.0,12.5,-47.8,-9.9,16.1,1.3,49.1,97.2,1923.0,-13.3,-25.8,3.1,13.8,1.2,,,,,,,,,9.2,92.3,1479.0,-10.3,-32.5,-0.5,10.6,1.4,,,,,,,,,,,,,,,,,,,,,,,,,,,,,,,,,,,,,,,,,57.7,97.3,1968,-12.5,-24.2,4.6,14.1,1.3,32.7,86.0,2478,10.6,-45.4,-8.1,13.7,2.2,9.6,92.1,1469.0,-10.2,-32.6,-0.5,10.5,True
"Springs, Jeffrey",605488,2025,32,32,171.0,713,647,153,89,36,19.4,7.6,0.249,0.431,0.309,0.321,0.309,0.182,0.349,0.365,0.296,0.315,-0.013,-0.009,-0.012,38.2,8.1,37.3,76.965319805,93.911262183,65.9,18.6,28.5,41.7,58.3,177,424,52.3,1490,77.4,7.3,720,1378,749,2847,81.4,166,894,47.7,1357,44.7,1274,26.0,46.3,35.1,39.4,25.5,518,60.3,31.9,165,29.5,153,29.2,151,9.5,49,L,2847,43.2,42.5,90.7,2171.0,11.4,-17.5,16.0,19.8,1.3,20.2,83.5,2227.0,-4.0,-36.7,2.5,5.2,1.5,25.3,79.1,1395.0,12.5,-37.0,6.8,14.6,1.3,,,,,,,,,,,,,,,,,5.9,86.9,2203.0,0.3,-27.6,8.5,9.0,1.3,,,,,,,,,,,,,,,,,6.1,76.2,2320.0,-14.9,-47.8,-0.3,15.4,2.0,,,,,,,,,,,,,,,,,,,,,,,,,48.4,90.2,2175,10.0,-18.7,15.1,18.5,1.9,26.3,81.8,2248,-6.5,-39.3,1.8,7.6,3.8,25.3,79.1,1395.0,12.5,-37.0,6.8,14.6,True
"Steele, Justin",657006,2023,27,30,173.1,716,666,167,117,34,24.6,5.0,0.247,0.368,0.291,0.291,0.293,0.121,0.359,0.359,0.339,0.336,0.004,0.003,0.0,33.4,5.4,36.6,76.614522327,93.56474102,71.4,15.7,32.0,44.9,55.1,180,401,46.8,1254,80.8,8.2,28,1724,926,2678,84.3,160,1017,53.2,1424,43.0,1152,24.0,52.9,41.4,34.2,24.3,497,65.5,50.3,250,19.5,97,24.1,120,6.0,30,L,2678,47.3,62.8,91.8,2402.0,-1.3,-21.5,10.8,11.0,1.5,33.8,83.3,2658.0,-14.1,-39.9,-0.4,14.3,1.6,1.0,87.5,1745.0,11.0,-28.2,7.5,13.5,1.3,0.7,80.5,2666.0,-11.1,-51.7,-9.6,15.1,1.3,1.6,91.8,2389.0,8.6,-21.3,11.0,14.5,1.4,,,,,,,,,,,,,,,,,,,,,,,,,,,,,,,,,,,,,,,,,,,,,,,,,,,,,,,,,64.4,91.8,2401,-1.1,-21.5,10.8,11.1,1.5,34.6,83.2,2658,-14.0,-40.1,-0.6,14.4,1.6,1.0,87.5,1745.0,11.0,-28.2,7.5,13.5,True
"Strider, Spencer",675911,2023,24,32,186.2,763,696,146,92,29,36.8,7.6,0.202,0.347,0.279,0.273,0.272,0.146,0.4,0.39,0.352,0.338,0.008,0.008,0.006,40.2,8.2,36.1,77.7258957,93.784333768,70.6,26.5,34.5,64.8,35.2,337,520,48.7,1509,83.7,7.7,225,1826,1048,3100,73.5,298,1124,51.3,1591,42.8,1326,38.6,53.0,31.1,34.5,34.5,415,67.1,34.9,145,31.8,132,25.8,107,7.5,31,R,3099,47.6,58.9,97.2,2362.0,-6.1,-10.6,18.4,19.5,1.2,33.8,85.6,2345.0,5.6,-35.9,1.3,6.3,1.6,7.3,87.0,2257.0,-14.5,-23.7,12.5,19.2,1.5,,,,,,,,,,,,,,,,,,,,,,,,,,,,,,,,,,,,,,,,,,,,,,,,,,,,,,,,,,,,,,,,,,,,,,,,,58.9,97.2,2362,-6.1,-10.6,18.4,19.5,1.2,33.8,85.6,2345,5.6,-35.9,1.3,6.3,1.6,7.3,87.0,2257.0,-14.5,-23.7,12.5,19.2,True
"Stroman, Marcus",573186,2021,30,33,179.0,729,665,161,118,23,21.7,5.9,0.258,0.42,0.284,0.318,0.309,0.162,0.332,0.381,0.313,0.337,-0.016,-0.058,-0.034,33.6,6.6,42.0,77.468444661,94.596511195,66.4,16.3,31.6,48.0,52.0,213,444,51.3,1406,79.8,6.9,441,1646,654,2741,83.7,144,886,48.7,1335,42.2,1156,26.8,48.5,37.2,37.4,25.3,521,62.1,52.6,274,20.0,104,24.6,128,2.9,15,R,2741,38.9,2.6,92.6,2438.0,-4.3,-18.6,13.2,14.2,1.3,1.6,87.2,2643.0,4.1,-38.7,-2.9,5.3,1.6,,,,,,,,,0.4,74.9,2514.0,16.5,-51.0,-2.0,17.0,1.7,42.0,91.9,2284.0,-9.8,-27.9,4.2,11.0,1.0,15.4,89.9,2585.0,1.9,-28.2,5.3,6.3,1.8,16.1,86.1,1634.0,-12.1,-35.2,1.6,12.7,2.3,,,,,,,,,,,,,,,,,21.9,84.9,2679.0,11.8,-36.2,1.6,12.3,2.0,,,,,,,,,,,,,,,,,60.1,91.4,2367,-6.6,-27.6,4.9,10.0,1.7,23.9,84.9,2674,11.4,-36.6,1.3,11.9,2.5,16.1,86.1,1634.0,-12.1,-35.2,1.6,12.7,False
"Sánchez, Cristopher",650911,2024,27,31,181.2,754,706,182,135,34,20.3,5.8,0.255,0.371,0.29,0.298,0.299,0.116,0.338,0.349,0.329,0.326,0.003,-0.013,-0.008,30.2,5.4,34.5,75.18960646,93.870693047,66.9,17.1,36.4,37.4,62.6,192,513,50.4,1409,77.7,7.0,998,1330,469,2797,82.9,159,929,49.6,1388,43.8,1224,24.3,51.6,38.4,39.1,22.4,557,65.8,58.3,325,15.6,87,23.7,132,2.3,13,L,2797,32.2,,,,,,,,,16.8,84.4,2019.0,-1.0,-41.6,-3.3,3.8,1.6,35.7,85.1,2018.0,17.9,-37.2,0.6,18.0,1.3,,,,,,,,,47.3,94.5,2111.0,17.8,-23.2,7.5,19.4,1.3,0.2,84.9,2012.0,-0.2,-35.2,3.0,3.3,1.6,,,,,,,,,,,,,,,,,,,,,,,,,,,,,,,,,,,,,,,,,,,,,,,,,47.6,94.4,2111,17.7,-23.3,7.5,19.3,1.5,16.8,84.4,2019,-1.0,-41.6,-3.3,3.8,1.6,35.7,85.1,2018.0,17.9,-37.2,0.6,18.0,False
"Taillon, Jameson",592791,2022,30,32,177.1,728,684,168,97,42,20.7,4.4,0.259,0.446,0.308,0.32,0.296,0.187,0.368,0.385,0.313,0.331,-0.013,-0.016,-0.012,34.5,8.4,36.2,77.238196617,94.010264444,68.3,14.7,31.3,40.0,60.0,181,453,51.7,1447,79.5,7.1,233,1649,916,2805,85.3,136,923,48.3,1352,44.7,1251,23.1,49.1,40.8,35.6,23.6,539,63.7,41.4,223,26.7,144,23.6,127,8.3,45,R,2798,43.3,36.1,94.0,2373.0,-5.7,-13.2,17.8,18.8,1.1,17.8,86.2,2555.0,6.2,-32.6,4.0,7.8,1.4,8.3,87.8,1844.0,-14.1,-24.8,10.7,17.8,1.2,14.8,81.1,2734.0,9.2,-51.9,-10.1,13.9,1.4,11.0,94.1,2290.0,-13.6,-16.3,14.6,20.0,1.1,11.8,90.3,2535.0,3.1,-21.5,11.9,12.7,1.9,,,,,,,,,,,,,,,,,0.1,85.9,2608.0,11.3,-34.9,1.9,11.5,1.5,,,,,,,,,,,,,,,,,,,,,,,,,58.9,93.3,2390,-5.4,-15.5,16.0,17.8,2.2,32.7,83.9,2636,7.5,-41.4,-2.4,10.6,3.1,8.3,87.8,1844.0,-14.1,-24.8,10.7,17.8,True
"Urquidy, José",664353,2022,27,29,164.1,681,630,154,91,33,19.7,5.6,0.254,0.464,0.316,0.332,0.304,0.21,0.366,0.389,0.307,0.323,-0.01,-0.026,-0.016,34.7,9.4,40.8,79.048289799,94.325262048,72.1,16.8,30.1,36.5,63.5,139,381,47.9,1265,77.2,7.7,392,1520,728,2640,83.2,167,992,52.1,1375,43.0,1134,22.3,52.0,41.6,33.1,25.3,502,65.5,36.7,184,30.9,155,24.5,123,8.0,40,R,2640,52.8,52.5,93.5,2202.0,-7.7,-11.7,19.8,21.3,1.2,,,,,,,,,14.8,86.1,2006.0,-15.8,-23.6,13.5,20.9,1.2,14.1,78.1,2628.0,7.4,-60.3,-14.9,16.9,2.0,0.2,93.9,1988.0,-10.4,-13.7,17.5,20.7,1.5,4.8,87.4,2508.0,4.2,-29.7,6.0,8.2,2.0,,,,,,,,,,,,,,,,,13.5,80.1,2623.0,14.5,-41.9,1.0,14.9,1.6,,,,,,,,,,,,,,,,,,,,,,,,,57.6,93.0,2227,-6.7,-13.2,18.6,20.2,2.3,27.6,79.1,2626,10.9,-51.3,-7.1,15.9,2.1,14.8,86.1,2006.0,-15.8,-23.6,13.5,20.9,True
"Urías, Julio",628711,2021,24,32,185.2,745,691,151,99,33,26.2,5.1,0.217,0.366,0.266,0.274,0.265,0.149,0.334,0.346,0.303,0.302,0.002,-0.017,-0.008,31.7,5.4,30.3,74.37826752,92.763477541,67.3,18.5,32.3,38.5,61.5,158,410,45.6,1271,74.5,8.6,483,1349,954,2786,81.5,189,1019,54.4,1515,43.7,1218,24.3,51.3,34.9,40.6,24.6,505,70.7,42.4,214,28.9,146,20.8,105,7.9,40,L,2786,47.9,48.3,94.1,2499.0,3.8,-13.5,17.3,17.8,1.3,,,,,,,,,17.3,86.8,1921.0,14.6,-28.9,7.2,16.4,1.5,,,,,,,,,0.1,94.7,2481.0,10.2,-13.3,17.2,20.0,1.4,,,,,,,,,,,,,,,,,,,,,,,,,,,,,,,,,34.2,81.4,2885.0,-15.8,-42.3,-0.9,16.1,1.8,,,,,,,,,,,,,,,,,48.4,94.1,2499,3.8,-13.5,17.3,17.8,1.3,34.2,81.4,2885,-15.8,-42.3,-0.9,16.1,1.8,17.3,86.8,1921.0,14.6,-28.9,7.2,16.4,False
"Valdez, Framber",664285,2020,26,11,70.2,288,263,63,49,6,26.4,5.6,0.239,0.378,0.279,0.301,0.298,0.14,0.343,0.377,0.332,0.34,0.001,-0.036,-0.022,33.5,7.9,48.7,81.369185532,95.230895957,61.2,15.5,26.8,47.0,53.0,63,134,47.7,500,77.2,8.8,88,610,351,1049,84.5,52,336,52.3,549,43.1,452,24.5,44.8,31.4,41.4,27.2,191,59.7,60.2,115,14.7,28,24.1,46,1.0,2,L,1049,40.0,3.0,93.7,2330.0,3.4,-19.5,11.5,12.1,1.5,10.1,83.0,2669.0,-3.6,-44.8,-5.1,6.7,1.6,8.4,88.6,1642.0,12.9,-32.7,2.1,13.4,1.3,33.5,80.5,2982.0,-13.2,-56.2,-13.8,19.2,1.5,55.2,93.0,2249.0,12.7,-26.0,5.6,14.1,1.5,3.4,89.1,2438.0,-1.5,-28.1,6.1,6.7,1.8,,,,,,,,,,,,,,,,,,,,,,,,,,,,,,,,,,,,,,,,,,,,,,,,,58.2,93.1,2253,12.2,-25.7,5.9,14.0,1.5,33.5,80.5,2982,-13.2,-56.2,-13.8,19.2,1.5,8.4,88.6,1642.0,12.9,-32.7,2.1,13.4,False
"Verlander, Justin",434378,2022,39,28,175.0,666,625,116,88,15,27.8,4.4,0.206,0.342,0.222,0.257,0.247,0.136,0.277,0.33,0.261,0.291,-0.02,-0.072,-0.035,32.5,6.3,34.8,77.135794344,93.330588186,74.3,18.5,32.1,38.0,62.0,156,410,48.9,1276,77.0,7.5,63,1315,1229,2607,81.5,183,989,51.1,1331,46.1,1202,24.2,53.7,30.7,40.1,29.1,446,62.0,38.6,172,28.5,127,21.1,94,11.9,53,R,2607,52.3,50.4,95.0,2423.0,-9.5,-11.4,19.2,21.5,1.3,28.3,87.4,2464.0,4.0,-31.0,4.8,6.7,1.4,2.4,86.2,1756.0,-15.7,-26.5,10.4,19.0,1.4,18.8,79.0,2644.0,6.9,-55.3,-11.2,13.4,1.7,0.0,94.6,2325.0,-14.4,-15.3,15.5,21.2,,,,,,,,,,,,,,,,,,,,,,,,,,,,,,,,,,,,,,,,,,,,,,,,,,,,,,,,,,50.4,95.0,2423,-9.5,-11.4,19.2,21.5,1.3,47.1,84.1,2536,5.2,-40.7,-1.6,9.4,4.9,2.4,86.2,1756.0,-15.7,-26.5,10.4,19.0,True
"Wacha, Michael",608379,2024,32,29,166.2,685,625,154,104,29,21.2,6.6,0.249,0.415,0.3,0.314,0.303,0.166,0.35,0.37,0.318,0.322,-0.003,-0.028,-0.014,32.7,8.2,32.5,75.614261583,93.109005646,68.5,17.3,27.8,38.5,61.5,137,356,49.2,1280,77.3,8.3,839,1311,452,2602,82.7,157,906,50.8,1322,44.6,1161,23.3,48.5,41.1,32.7,26.2,489,64.4,39.9,195,26.8,131,23.5,115,9.8,48,R,2602,51.5,23.3,93.6,2135.0,-6.6,-13.3,18.0,19.2,1.4,9.2,84.1,2041.0,2.7,-37.1,1.4,4.1,1.7,32.2,81.2,1549.0,-13.0,-36.2,5.4,15.3,1.4,8.1,75.2,2261.0,12.3,-60.8,-12.0,17.3,1.4,15.7,93.6,2029.0,-12.8,-16.6,14.5,19.5,1.3,11.4,88.8,2091.0,1.2,-24.3,10.2,10.5,1.5,,,,,,,,,,,,,,,,,,,,,,,,,,,,,,,,,,,,,,,,,,,,,,,,,50.4,92.5,2092,-6.8,-16.8,15.1,17.3,2.7,17.4,79.9,2144,7.2,-48.2,-4.9,10.3,5.1,32.2,81.2,1549.0,-13.0,-36.2,5.4,15.3,False
"Wainwright, Adam",425794,2020,38,10,65.2,262,244,54,36,9,20.6,5.7,0.265,0.436,0.277,0.324,0.312,0.171,0.318,0.381,0.283,0.339,-0.044,-0.067,-0.047,33.0,6.3,36.6,75.684768404,93.58274617,62.8,15.2,30.4,41.1,58.9,60,146,51.7,481,65.7,7.5,23,551,356,930,84.8,43,282,48.3,449,43.0,400,24.1,46.0,39.3,39.8,20.9,191,67.6,44.0,84,23.0,44,26.2,50,6.8,13,R,930,44.0,9.2,89.2,2218.0,-2.3,-19.5,14.7,15.0,1.2,0.1,75.3,2682.0,18.6,-54.2,-5.1,19.3,1.5,2.5,81.8,1683.0,-13.6,-33.8,6.9,15.3,1.5,38.3,73.5,2791.0,16.8,-65.5,-14.1,22.0,1.6,27.1,89.3,2188.0,-12.1,-22.9,11.4,16.8,1.3,22.9,85.0,2343.0,6.0,-31.3,6.1,8.9,1.5,,,,,,,,,,,,,,,,,,,,,,,,,,,,,,,,,,,,,,,,,,,,,,,,,59.2,87.6,2253,-3.6,-25.6,9.8,13.5,2.6,38.3,73.5,2791,16.8,-65.5,-14.1,22.0,1.6,2.5,81.8,1683.0,-13.6,-33.8,6.9,15.3,True
"Walker, Taijuan",592836,2023,30,31,172.2,733,650,155,96,35,18.8,9.7,0.245,0.41,0.313,0.322,0.326,0.165,0.339,0.352,0.301,0.309,-0.007,-0.013,-0.009,33.1,6.8,40.9,77.901900078,94.417705363,63.7,13.5,27.4,34.4,65.6,145,421,54.1,1535,69.3,6.8,943,1645,249,2837,86.5,112,830,45.9,1302,41.5,1178,20.5,44.1,38.6,38.8,22.7,516,60.7,45.3,234,25.0,129,23.4,121,6.2,32,R,2837,39.9,17.6,92.8,2114.0,-9.1,-15.2,16.7,19.1,1.6,,,,,,,,,,,,,,,,,5.7,74.8,2352.0,7.8,-60.3,-11.2,13.8,1.9,23.2,92.4,1961.0,-15.4,-20.7,11.4,19.2,1.7,17.2,87.2,2384.0,2.8,-25.3,10.5,11.3,1.9,33.2,87.9,1414.0,-11.8,-33.0,2.4,12.4,1.7,,,,,,,,,3.1,82.9,2558.0,9.6,-32.3,7.5,13.0,1.8,,,,,,,,,,,,,,,,,,,,,,,,,58.0,91.0,2133,-8.1,-20.4,12.7,16.9,3.3,8.8,77.7,2424,8.4,-50.5,-4.7,13.5,4.4,33.2,87.9,1414.0,-11.8,-33.0,2.4,12.4,True
"Warren, Will",701542,2025,26,33,162.1,711,631,158,100,32,24.1,9.1,0.252,0.426,0.321,0.33,0.325,0.175,0.383,0.397,0.337,0.345,-0.002,-0.008,-0.009,36.0,10.9,45.3,80.374098233,95.303643801,61.9,17.6,24.8,40.9,59.1,147,359,51.6,1447,71.4,7.1,275,1753,774,2802,82.4,148,839,48.4,1355,41.9,1174,24.6,42.8,35.5,39.4,25.1,470,63.7,42.8,201,25.5,120,26.2,123,5.5,26,R,2802,27.3,41.6,93.3,2573.0,-7.9,-16.1,15.4,17.5,1.3,,,,,,,,,9.8,87.0,1723.0,-14.6,-35.7,0.6,14.7,1.5,7.0,80.2,2867.0,12.6,-54.0,-11.1,17.0,1.6,21.0,93.2,2430.0,-16.2,-27.6,4.2,16.8,1.4,,,,,,,,,,,,,,,,,,,,,,,,,20.6,82.7,3024.0,19.5,-40.2,0.2,19.7,1.5,,,,,,,,,,,,,,,,,,,,,,,,,62.6,93.3,2525,-10.7,-19.9,11.7,17.3,1.3,27.6,82.1,2984,17.8,-43.7,-2.7,19.0,2.0,9.8,87.0,1723.0,-14.6,-35.7,0.6,14.7,False
"Weathers, Ryan",677960,2026,26,22,121.0,503,462,114,80,15,26.2,6.8,0.256,0.427,0.307,0.322,0.312,0.172,0.384,0.408,0.342,0.359,-0.009,-0.029,-0.015,33.2,8.7,42.2,78.42934297,94.836063636,63.5,16.7,29.7,47.3,52.7,151,319,53.5,1074,77.7,6.0,501,856,650,2008,83.3,99,592,46.5,933,42.3,848,27.4,45.4,39.5,40.7,19.8,334,59.8,47.9,160,21.6,72,25.7,86,4.8,16,L,2007,33.0,23.9,95.8,2382.0,10.9,-14.6,15.4,18.9,1.4,11.8,87.0,2654.0,-3.7,-34.7,1.3,4.7,1.7,25.0,85.7,1940.0,12.4,-36.6,0.8,12.8,1.5,,,,,,,,,18.7,94.1,2281.0,17.8,-22.4,8.7,19.9,1.5,,,,,,,,,,,,,,,,,,,,,,,,,20.6,81.2,2628.0,-13.4,-41.2,0.5,13.8,1.7,,,,,,,,,,,,,,,,,,,,,,,,,42.7,95.1,2338,13.9,-18.0,12.4,19.3,1.7,32.4,83.3,2638,-9.9,-38.8,0.8,10.5,3.5,25.0,85.7,1940.0,12.4,-36.6,0.8,12.8,False
"Webb, Logan",657277,2022,25,32,192.1,787,726,174,122,38,20.7,6.2,0.248,0.378,0.283,0.3,0.301,0.13,0.325,0.347,0.308,0.319,-0.008,-0.032,-0.017,29.3,5.5,39.0,78.053770216,94.043291367,63.9,14.5,31.0,43.6,56.4,205,470,50.5,1517,71.4,6.2,936,1087,983,3006,85.5,138,951,49.5,1489,44.5,1337,24.1,47.3,41.1,38.3,20.6,567,65.3,57.8,328,15.2,86,22.9,130,4.1,23,R,3006,13.8,3.9,92.3,2060.0,-10.4,-24.8,7.2,13.9,1.3,,,,,,,,,31.1,86.4,1492.0,-7.1,-42.0,-5.6,9.3,1.3,,,,,,,,,32.2,91.8,1878.0,-14.8,-34.8,-2.2,15.2,1.2,2.6,91.0,2235.0,-1.2,-25.2,7.7,8.0,1.1,,,,,,,,,,,,,,,,,32.7,82.5,2628.0,10.2,-39.4,0.7,10.4,1.2,,,,,,,,,,,,,,,,,,,,,,,,,36.2,91.9,1898,-14.3,-33.7,-1.2,15.1,1.2,32.7,82.5,2628,10.2,-39.4,0.7,10.4,1.2,31.1,86.4,1492.0,-7.1,-42.0,-5.6,9.3,True
"Wheeler, Zack",554430,2020,30,11,71.0,288,264,67,48,16,18.4,5.6,0.248,0.348,0.291,0.292,0.309,0.099,0.323,0.324,0.318,0.311,0.006,0.0,-0.001,30.7,3.8,34.0,73.20301619,93.138928469,73.7,19.0,32.8,30.6,69.4,55,180,50.9,548,77.8,6.7,90,878,109,1078,81.0,74,390,49.1,529,44.4,478,22.6,52.9,40.6,34.4,25.0,212,58.3,56.6,120,10.8,23,27.4,58,5.2,11,R,1077,37.9,43.8,96.9,2334.0,-6.0,-15.0,14.1,15.4,1.2,,,,,,,,,5.8,90.2,1833.0,-11.9,-21.9,11.7,16.9,1.3,10.1,80.1,2621.0,10.8,-55.6,-12.7,16.8,1.4,21.8,96.6,2196.0,-14.6,-17.3,12.1,19.1,1.2,15.9,89.8,2399.0,4.3,-31.0,2.9,5.8,1.6,2.5,90.1,1202.0,-13.5,-25.7,8.1,16.0,1.6,,,,,,,,,12.3,84.4,2635.0,13.5,-36.6,1.9,14.1,1.6,,,,,,,,,,,,,,,,,,,,,,,,,81.5,95.4,2310,-6.3,-18.7,11.4,14.5,3.4,10.1,80.1,2621,10.8,-55.6,-12.7,16.8,1.4,8.4,90.2,1643.0,-12.4,-23.1,10.6,16.6,True
"Williams, Gavin",668909,2025,25,31,167.2,704,615,130,83,23,24.6,11.8,0.231,0.405,0.299,0.321,0.325,0.174,0.339,0.374,0.293,0.32,-0.02,-0.041,-0.022,35.3,9.0,44.3,80.176453348,94.830091267,65.6,18.0,26.1,51.7,48.3,199,385,50.4,1473,75.2,7.2,2,1696,1227,2925,82.0,171,952,49.6,1452,41.9,1226,27.7,45.7,38.0,39.6,22.5,445,57.7,46.1,205,26.7,119,22.2,99,4.9,22,R,2925,34.5,37.4,96.6,2308.0,-10.9,-14.2,15.2,18.8,1.4,,,,,,,,,0.1,87.6,1986.0,-5.4,-30.7,5.0,14.1,1.6,22.0,82.0,2454.0,10.0,-54.4,-13.3,16.8,1.5,6.6,95.9,2060.0,-15.1,-20.1,9.7,18.1,1.3,14.0,91.8,2288.0,-2.3,-25.4,7.1,7.7,1.7,,,,,,,,,,,,,,,,,19.9,86.5,2269.0,10.0,-37.8,-1.2,10.5,1.7,,,,,,,,,,,,,,,,,,,,,,,,,58.0,95.3,2275,-9.3,-17.6,12.6,16.1,2.7,41.9,84.2,2367,10.0,-46.5,-7.6,13.8,3.0,0.1,87.6,1986.0,-5.4,-30.7,5.0,14.1,False
"Woo, Bryan",693433,2025,25,30,186.2,731,685,137,85,25,27.1,4.9,0.215,0.373,0.259,0.274,0.258,0.159,0.328,0.351,0.28,0.302,-0.015,-0.02,-0.015,32.5,9.1,41.8,77.567134979,94.556632572,71.9,20.1,30.1,44.5,55.5,162,364,44.6,1211,85.5,8.7,193,1977,544,2714,79.9,217,1081,55.4,1503,43.3,1175,26.2,53.2,32.9,38.7,28.4,493,66.5,41.4,204,26.8,132,22.9,113,8.9,44,R,2714,24.8,47.3,95.7,2296.0,-9.7,-15.1,14.9,18.0,1.1,11.0,88.4,2247.0,3.1,-29.9,5.0,6.1,1.5,7.1,89.6,1827.0,-16.2,-29.6,4.6,17.1,1.5,1.5,82.6,2301.0,5.7,-45.8,-6.0,8.4,1.5,25.5,95.4,2303.0,-16.6,-24.1,6.0,17.8,1.2,,,,,,,,,,,,,,,,,,,,,,,,,9.0,84.9,2486.0,11.2,-34.3,3.9,12.3,1.8,,,,,,,,,,,,,,,,,,,,,,,,,72.8,95.6,2298,-12.1,-18.2,11.8,17.9,1.2,20.0,86.8,2354,6.7,-31.9,4.5,8.9,2.5,7.1,89.6,1827.0,-16.2,-29.6,4.6,17.1,False
"Woodruff, Brandon",605540,2020,27,13,73.2,293,270,55,37,8,31.1,6.1,0.198,0.339,0.264,0.264,0.259,0.141,0.344,0.345,0.306,0.299,0.006,0.002,0.0,26.1,7.3,33.9,74.869262273,93.347296343,69.8,25.1,26.8,38.9,61.1,63,162,50.0,605,75.6,6.4,212,789,210,1211,74.9,106,423,50.0,606,43.4,525,28.9,48.3,35.0,36.1,28.9,180,66.6,51.1,92,20.6,37,17.2,31,11.1,20,R,1211,42.7,34.5,96.6,2457.0,-6.6,-12.1,17.2,18.5,1.1,10.9,88.2,2525.0,2.9,-34.2,0.7,3.9,1.5,17.5,86.7,1817.0,-15.4,-26.9,9.3,18.1,1.5,6.4,83.5,2606.0,4.0,-49.3,-10.2,11.1,1.7,30.6,96.3,2364.0,-13.8,-16.1,13.4,19.3,1.3,,,,,,,,,,,,,,,,,,,,,,,,,,,,,,,,,,,,,,,,,,,,,,,,,,,,,,,,,65.2,96.4,2413,-10.0,-14.0,15.4,18.9,1.2,17.3,86.4,2555,3.3,-39.8,-3.3,6.6,2.8,17.5,86.7,1817.0,-15.4,-26.9,9.3,18.1,False
"Wright, Kyle",657140,2022,26,30,180.1,738,672,156,115,21,23.6,7.2,0.243,0.395,0.288,0.309,0.307,0.152,0.338,0.369,0.311,0.328,-0.011,-0.044,-0.021,31.1,6.8,41.1,77.914176275,94.364285538,66.0,18.4,29.7,46.6,53.4,177,380,47.4,1278,71.2,8.2,418,1165,1114,2697,81.6,172,937,52.6,1419,42.2,1138,26.5,48.8,40.5,38.7,20.8,501,64.6,55.5,278,18.4,92,22.2,111,4.0,20,R,2697,28.7,19.2,95.2,2389.0,-11.5,-17.7,12.5,17.1,1.3,7.2,90.1,2395.0,-1.0,-25.5,8.0,8.2,1.6,15.5,88.1,1699.0,-15.9,-35.0,0.3,16.1,1.4,34.1,84.7,2723.0,9.0,-46.6,-8.6,12.7,1.5,24.0,94.4,2258.0,-16.6,-25.9,4.9,17.4,1.4,,,,,,,,,,,,,,,,,,,,,,,,,,,,,,,,,,,,,,,,,,,,,,,,,,,,,,,,,43.2,94.7,2316,-14.3,-22.2,8.3,17.3,1.5,41.3,85.7,2665,7.3,-42.9,-5.7,11.9,2.8,15.5,88.1,1699.0,-15.9,-35.0,0.3,16.1,False
"Wrobleski, Justin",680736,2026,25,19,117.0,472,443,101,67,18,19.3,5.1,0.268,0.443,0.285,0.327,0.311,0.175,0.326,0.381,0.286,0.337,-0.04,-0.066,-0.042,36.8,9.1,43.3,79.3016456,94.5098098,66.1,15.5,32.4,29.3,70.7,75,256,46.0,790,84.0,8.4,99,991,627,1717,84.5,95,613,54.0,927,42.1,722,19.6,50.6,37.7,36.0,26.3,353,66.3,39.9,141,32.3,114,23.5,83,4.2,15,L,1717,35.9,48.6,94.3,2447.0,6.3,-14.5,16.1,17.4,1.7,28.7,86.3,2446.0,-3.5,-36.6,0.0,4.3,1.7,5.8,85.6,1499.0,14.0,-32.0,5.4,15.2,2.8,4.9,74.7,2214.0,-6.5,-55.1,-6.0,9.1,2.4,8.2,93.6,2197.0,14.0,-21.2,10.0,17.3,1.6,0.9,90.7,2484.0,-1.1,-25.2,8.0,8.3,1.6,,,,,,,,,,,,,,,,,3.0,84.6,2619.0,-14.7,-42.0,-3.7,15.7,1.8,,,,,,,,,,,,,,,,,,,,,,,,,57.7,94.2,2412,7.3,-15.7,15.1,17.2,1.8,36.5,84.6,2429,-4.8,-39.5,-1.1,5.9,4.7,5.8,85.6,1499.0,14.0,-32.0,5.4,15.2,True
"Yamamoto, Yoshinobu",808967,2025,26,30,173.2,684,619,113,79,20,29.4,8.6,0.198,0.304,0.244,0.258,0.271,0.106,0.294,0.318,0.27,0.293,-0.015,-0.021,-0.014,28.3,5.7,39.7,76.238509183,94.220626442,64.0,18.9,29.6,50.2,49.8,209,416,50.3,1404,77.4,6.7,710,1510,569,2789,81.1,168,887,49.7,1385,45.8,1278,28.9,46.7,37.1,35.6,27.3,421,61.8,53.7,226,22.1,93,19.7,83,4.5,19,R,2789,42.9,35.2,95.4,2200.0,-6.9,-14.1,16.0,17.5,1.2,2.8,86.3,2781.0,5.9,-35.9,0.7,6.6,1.7,,,,,,,,,17.6,76.8,2761.0,12.0,-63.1,-16.1,20.2,1.8,7.8,94.8,2240.0,-13.6,-18.4,12.0,18.2,1.2,11.2,91.1,2435.0,3.5,-24.9,7.8,9.0,1.5,25.5,90.9,1429.0,-11.3,-31.0,2.0,11.8,1.5,,,,,,,,,0.0,84.2,2981.0,14.9,-47.6,-8.7,17.3,,,,,,,,,,,,,,,,,,,,,,,,,,54.1,94.4,2254,-5.7,-16.9,13.7,15.9,2.3,20.4,78.1,2764,11.2,-59.4,-13.8,18.3,4.0,25.5,90.9,1429.0,-11.3,-31.0,2.0,11.8,False
"deGrom, Jacob",594798,2020,32,12,68.0,268,248,47,28,12,38.8,6.7,0.194,0.333,0.246,0.256,0.247,0.138,0.366,0.385,0.322,0.332,-0.004,-0.01,-0.01,30.1,9.7,33.6,77.995876806,93.342833889,75.2,31.5,35.7,58.5,41.5,127,217,53.5,607,83.1,5.7,192,509,433,1135,68.5,125,397,46.5,528,45.9,521,41.0,54.1,34.9,35.6,29.5,146,60.4,42.5,62,26.0,38,26.0,38,5.5,8,R,1134,34.6,44.9,98.6,2477.0,-6.9,-11.4,16.7,18.2,1.2,35.5,92.5,2565.0,3.7,-26.7,4.9,6.5,1.3,16.9,91.4,1638.0,-13.5,-28.8,3.8,14.5,1.4,2.6,84.1,2632.0,7.2,-42.8,-4.3,8.7,1.7,,,,,,,,,,,,,,,,,,,,,,,,,,,,,,,,,,,,,,,,,,,,,,,,,,,,,,,,,,,,,,,,,44.9,98.6,2477,-6.9,-11.4,16.7,18.2,1.2,38.2,91.9,2570,3.9,-27.8,4.3,6.6,2.7,16.9,91.4,1638.0,-13.5,-28.8,3.8,14.5,True
